timestamp,room_it_kwh,panel_kwh,room_total_kwh,irc_kwh,final_it_kwh,facility_kwh_final,pue
2026-02-01 00:30:00,71.5,17.1,88.6,5.0,66.5,88.6,1.332330827067669
2026-02-01 01:00:00,71.80000000000001,18.1,89.9,4.0,67.80000000000001,89.9,1.3259587020648966
2026-02-01 01:30:00,72.39999999999999,18.4,90.79999999999998,4.0,68.39999999999999,90.79999999999998,1.327485380116959
2026-02-01 02:00:00,72.6,18.6,91.19999999999999,3.0,69.6,91.19999999999999,1.3103448275862069
2026-02-01 02:30:00,72.6,18.3,90.89999999999999,2.0,70.6,90.89999999999999,1.2875354107648724
2026-02-01 03:00:00,72.6,18.1,90.69999999999999,6.0,66.6,90.69999999999999,1.3618618618618619
2026-02-01 03:30:00,72.9,18.1,91.0,3.0,69.9,91.0,1.3018597997138768
2026-02-01 04:00:00,73.2,18.2,91.4,4.0,69.2,91.4,1.3208092485549132
2026-02-01 04:30:00,73.1,18.1,91.19999999999999,4.0,69.1,91.19999999999999,1.3198263386396527
2026-02-01 05:00:00,73.3,18.3,91.6,3.0,70.3,91.6,1.3029871977240397
2026-02-01 05:30:00,73.2,18.3,91.5,5.0,68.2,91.5,1.3416422287390029
2026-02-01 06:00:00,73.2,18.2,91.4,2.0,71.2,91.4,1.2837078651685394
2026-02-01 06:30:00,73.3,18.2,91.5,6.0,67.3,91.5,1.3595839524517088
2026-02-01 07:00:00,73.4,18.2,91.60000000000001,3.0,70.4,91.60000000000001,1.3011363636363638
2026-02-01 07:30:00,72.9,18.1,91.0,4.0,68.9,91.0,1.320754716981132
2026-02-01 08:00:00,72.5,18.0,90.5,4.0,68.5,90.5,1.3211678832116789
2026-02-01 08:30:00,72.2,18.5,90.7,3.0,69.2,90.7,1.310693641618497
2026-02-01 09:00:00,72.3,19.1,91.4,7.0,65.3,91.4,1.3996937212863707
2026-02-01 09:30:00,72.1,19.5,91.6,2.0,70.1,91.6,1.3067047075606277
2026-02-01 10:00:00,71.8,19.5,91.3,4.0,67.8,91.3,1.3466076696165192
2026-02-01 10:30:00,71.9,19.8,91.7,3.0,68.9,91.7,1.3309143686502176
2026-02-01 11:00:00,72.0,18.9,90.9,3.0,69.0,90.9,1.3173913043478263
2026-02-01 11:30:00,72.4,19.3,91.7,7.0,65.4,91.7,1.4021406727828745
2026-02-01 12:00:00,72.8,19.4,92.19999999999999,2.0,70.8,92.19999999999999,1.3022598870056497
2026-02-01 12:30:00,72.6,19.7,92.3,5.0,67.6,92.3,1.3653846153846154
2026-02-01 13:00:00,72.6,20.2,92.8,6.0,66.6,92.8,1.3933933933933935
2026-02-01 13:30:00,72.6,18.9,91.5,2.0,70.6,91.5,1.2960339943342778
2026-02-01 14:00:00,72.3,17.5,89.8,5.0,67.3,89.8,1.3343239227340267
2026-02-01 14:30:00,72.3,17.1,89.4,3.0,69.3,89.4,1.29004329004329
2026-02-01 15:00:00,72.4,17.3,89.7,4.0,68.4,89.7,1.3114035087719298
2026-02-01 15:30:00,72.4,17.3,89.7,4.0,68.4,89.7,1.3114035087719298
2026-02-01 16:00:00,72.0,17.2,89.2,3.0,69.0,89.2,1.2927536231884058
2026-02-01 16:30:00,72.4,17.6,90.0,4.0,68.4,90.0,1.3157894736842104
2026-02-01 17:00:00,72.80000000000001,17.2,90.00000000000001,3.0,69.80000000000001,90.00000000000001,1.2893982808022924
2026-02-01 17:30:00,72.7,17.3,90.0,4.0,68.7,90.0,1.3100436681222707
2026-02-01 18:00:00,72.69999999999999,17.6,90.29999999999998,4.0,68.69999999999999,90.29999999999998,1.314410480349345
2026-02-01 18:30:00,72.5,17.3,89.8,3.0,69.5,89.8,1.2920863309352517
2026-02-01 19:00:00,72.2,17.4,89.6,5.0,67.2,89.6,1.3333333333333333
2026-02-01 19:30:00,72.1,17.9,90.0,3.0,69.1,90.0,1.3024602026049206
2026-02-01 20:00:00,72.3,17.9,90.19999999999999,4.0,68.3,90.19999999999999,1.3206442166910688
2026-02-01 20:30:00,72.80000000000001,17.6,90.4,4.0,68.80000000000001,90.4,1.313953488372093
2026-02-01 21:00:00,72.4,17.8,90.2,4.0,68.4,90.2,1.3187134502923976
2026-02-01 21:30:00,71.4,17.5,88.9,4.0,67.4,88.9,1.3189910979228487
2026-02-01 22:00:00,71.0,17.2,88.2,3.0,68.0,88.2,1.2970588235294118
2026-02-01 22:30:00,71.1,17.0,88.1,4.0,67.1,88.1,1.3129657228017884
2026-02-01 23:00:00,71.0,16.9,87.9,4.0,67.0,87.9,1.3119402985074629
2026-02-01 23:30:00,71.6,16.6,88.19999999999999,2.0,69.6,88.19999999999999,1.2672413793103448
2026-02-02 00:00:00,68.9,17.6,86.5,5.0,63.900000000000006,86.5,1.3536776212832549
2026-02-02 00:30:00,71.3,17.5,88.8,3.0,68.3,88.8,1.3001464128843339
2026-02-02 01:00:00,71.4,18.9,90.30000000000001,5.0,66.4,90.30000000000001,1.3599397590361446
2026-02-02 01:30:00,71.6,18.3,89.89999999999999,2.0,69.6,89.89999999999999,1.2916666666666667
2026-02-02 02:00:00,71.19999999999999,18.5,89.69999999999999,6.0,65.19999999999999,89.69999999999999,1.3757668711656443
2026-02-02 02:30:00,70.9,18.4,89.30000000000001,4.0,66.9,89.30000000000001,1.3348281016442451
2026-02-02 03:00:00,70.9,18.4,89.30000000000001,3.0,67.9,89.30000000000001,1.3151693667157585
2026-02-02 03:30:00,70.7,18.5,89.2,3.0,67.7,89.2,1.3175775480059084
2026-02-02 04:00:00,70.7,18.7,89.4,4.0,66.7,89.4,1.3403298350824588
2026-02-02 04:30:00,70.5,18.6,89.1,3.0,67.5,89.1,1.3199999999999998
2026-02-02 05:00:00,70.7,18.6,89.30000000000001,3.0,67.7,89.30000000000001,1.3190546528803546
2026-02-02 05:30:00,70.6,17.8,88.39999999999999,4.0,66.6,88.39999999999999,1.3273273273273274
2026-02-02 06:00:00,70.0,18.3,88.3,3.0,67.0,88.3,1.317910447761194
2026-02-02 06:30:00,67.9,17.3,85.2,3.0,64.9,85.2,1.312788906009245
2026-02-02 07:00:00,67.8,17.8,85.6,2.0,65.8,85.6,1.3009118541033435
2026-02-02 07:30:00,67.8,16.8,84.6,4.0,63.8,84.6,1.3260188087774294
2026-02-02 08:00:00,67.6,16.8,84.39999999999999,1.0,66.6,84.39999999999999,1.2672672672672673
2026-02-02 08:30:00,67.5,17.5,85.0,3.0,64.5,85.0,1.317829457364341
2026-02-02 09:00:00,67.5,18.3,85.8,2.0,65.5,85.8,1.3099236641221375
2026-02-02 09:30:00,67.4,18.7,86.10000000000001,3.0,64.4,86.10000000000001,1.3369565217391304
2026-02-02 10:00:00,67.4,19.1,86.5,4.0,63.400000000000006,86.5,1.364353312302839
2026-02-02 10:30:00,67.6,17.8,85.39999999999999,3.0,64.6,85.39999999999999,1.3219814241486068
2026-02-02 11:00:00,67.80000000000001,17.5,85.30000000000001,3.0,64.80000000000001,85.30000000000001,1.316358024691358
2026-02-02 11:30:00,67.80000000000001,16.5,84.30000000000001,1.0,66.80000000000001,84.30000000000001,1.2619760479041915
2026-02-02 12:00:00,67.6,15.9,83.5,3.0,64.6,83.5,1.2925696594427245
2026-02-02 12:30:00,67.6,16.4,84.0,4.0,63.599999999999994,84.0,1.3207547169811322
2026-02-02 13:00:00,67.9,16.5,84.4,1.0,66.9,84.4,1.2615844544095665
2026-02-02 13:30:00,68.0,16.8,84.8,3.0,65.0,84.8,1.3046153846153845
2026-02-02 14:00:00,68.2,16.6,84.80000000000001,4.0,64.2,84.80000000000001,1.3208722741433023
2026-02-02 14:30:00,68.2,16.3,84.5,4.0,64.2,84.5,1.3161993769470404
2026-02-02 15:00:00,68.3,16.3,84.6,4.0,64.3,84.6,1.3157076205287714
2026-02-02 15:30:00,68.9,17.3,86.2,2.0,66.9,86.2,1.288490284005979
2026-02-02 16:00:00,68.9,17.0,85.9,5.0,63.900000000000006,85.9,1.3442879499217526
2026-02-02 16:30:00,68.4,16.7,85.10000000000001,1.0,67.4,85.10000000000001,1.2626112759643917
2026-02-02 17:00:00,68.5,17.3,85.8,3.0,65.5,85.8,1.3099236641221375
2026-02-02 17:30:00,68.7,16.7,85.4,4.0,64.7,85.4,1.3199381761978362
2026-02-02 18:00:00,68.6,17.1,85.69999999999999,1.0,67.6,85.69999999999999,1.2677514792899407
2026-02-02 18:30:00,68.3,17.3,85.6,3.0,65.3,85.6,1.3108728943338437
2026-02-02 19:00:00,68.5,16.8,85.3,3.0,65.5,85.3,1.3022900763358778
2026-02-02 19:30:00,68.5,17.6,86.1,3.0,65.5,86.1,1.314503816793893
2026-02-02 20:00:00,68.4,18.2,86.60000000000001,1.0,67.4,86.60000000000001,1.28486646884273
2026-02-02 20:30:00,68.5,18.3,86.8,4.0,64.5,86.8,1.3457364341085272
2026-02-02 21:00:00,68.8,18.2,87.0,4.0,64.8,87.0,1.3425925925925926
2026-02-02 21:30:00,68.80000000000001,17.9,86.70000000000002,1.0,67.80000000000001,86.70000000000002,1.2787610619469028
2026-02-02 22:00:00,69.1,18.2,87.3,2.0,67.1,87.3,1.301043219076006
2026-02-02 22:30:00,68.8,18.1,86.9,4.0,64.8,86.9,1.3410493827160495
2026-02-02 23:00:00,68.9,16.9,85.80000000000001,3.0,65.9,85.80000000000001,1.3019726858877088
2026-02-02 23:30:00,69.2,17.1,86.30000000000001,3.0,66.2,86.30000000000001,1.3036253776435047
2026-02-03 00:00:00,69.4,19.2,88.60000000000001,2.0,67.4,88.60000000000001,1.314540059347181
2026-02-03 00:30:00,69.3,17.4,86.69999999999999,4.0,65.3,86.69999999999999,1.3277182235834608
2026-02-03 01:00:00,69.0,17.7,86.7,1.0,68.0,86.7,1.2750000000000001
2026-02-03 01:30:00,69.0,17.8,86.8,3.0,66.0,86.8,1.3151515151515152
2026-02-03 02:00:00,69.0,17.9,86.9,5.0,64.0,86.9,1.3578125
2026-02-03 02:30:00,69.2,17.6,86.80000000000001,1.0,68.2,86.80000000000001,1.272727272727273
2026-02-03 03:00:00,69.3,17.5,86.8,4.0,65.3,86.8,1.329249617151608
2026-02-03 03:30:00,69.3,17.5,86.8,3.0,66.3,86.8,1.3092006033182504
2026-02-03 04:00:00,69.4,17.6,87.0,4.0,65.4,87.0,1.330275229357798
2026-02-03 04:30:00,69.4,17.6,87.0,3.0,66.4,87.0,1.3102409638554215
2026-02-03 05:00:00,69.3,17.6,86.9,3.0,66.3,86.9,1.3107088989441933
2026-02-03 05:30:00,69.2,17.7,86.9,4.0,65.2,86.9,1.3328220858895705
2026-02-03 06:00:00,69.0,17.7,86.7,3.0,66.0,86.7,1.3136363636363637
2026-02-03 06:30:00,69.1,17.7,86.8,2.0,67.1,86.8,1.293591654247392
2026-02-03 07:00:00,69.0,17.8,86.8,4.0,65.0,86.8,1.3353846153846154
2026-02-03 07:30:00,69.2,17.3,86.5,3.0,66.2,86.5,1.3066465256797581
2026-02-03 08:00:00,69.19999999999999,17.4,86.6,2.0,67.19999999999999,86.6,1.2886904761904763
2026-02-03 08:30:00,69.2,18.1,87.30000000000001,4.0,65.2,87.30000000000001,1.338957055214724
2026-02-03 09:00:00,69.2,18.6,87.80000000000001,1.0,68.2,87.80000000000001,1.2873900293255134
2026-02-03 09:30:00,69.19999999999999,18.9,88.1,3.0,66.19999999999999,88.1,1.3308157099697886
2026-02-03 10:00:00,69.4,19.1,88.5,5.0,64.4,88.5,1.3742236024844718
2026-02-03 10:30:00,68.69999999999999,19.5,88.19999999999999,1.0,67.69999999999999,88.19999999999999,1.3028064992614476
2026-02-03 11:00:00,68.2,19.5,87.7,8.0,60.2,87.7,1.456810631229236
2026-02-03 11:30:00,72.4,12.1,84.5,4.0,68.4,84.5,1.2353801169590641
2026-02-03 12:00:00,71.8,24.4,96.19999999999999,4.0,67.8,96.19999999999999,1.4188790560471976
2026-02-03 12:30:00,69.2,21.5,90.7,3.0,66.2,90.7,1.3700906344410877
2026-02-03 13:00:00,68.9,20.5,89.4,2.0,66.9,89.4,1.3363228699551568
2026-02-03 13:30:00,68.6,20.1,88.69999999999999,3.0,65.6,88.69999999999999,1.3521341463414633
2026-02-03 14:00:00,68.8,20.4,89.19999999999999,4.0,64.8,89.19999999999999,1.376543209876543
2026-02-03 14:30:00,69.0,20.2,89.2,3.0,66.0,89.2,1.3515151515151516
2026-02-03 15:00:00,69.3,20.6,89.9,2.0,67.3,89.9,1.335809806835067
2026-02-03 15:30:00,69.5,20.6,90.1,4.0,65.5,90.1,1.3755725190839694
2026-02-03 16:00:00,69.9,20.8,90.7,3.0,66.9,90.7,1.3557548579970105
2026-02-03 16:30:00,70.5,20.8,91.3,2.0,68.5,91.3,1.332846715328467
2026-02-03 17:00:00,70.6,20.8,91.39999999999999,5.0,65.6,91.39999999999999,1.3932926829268293
2026-02-03 17:30:00,70.5,21.0,91.5,4.0,66.5,91.5,1.3759398496240602
2026-02-03 18:00:00,70.19999999999999,21.1,91.29999999999998,3.0,67.19999999999999,91.29999999999998,1.3586309523809523
2026-02-03 18:30:00,70.0,21.8,91.8,4.0,66.0,91.8,1.3909090909090909
2026-02-03 19:00:00,69.89999999999999,21.4,91.29999999999998,3.0,66.89999999999999,91.29999999999998,1.3647234678624813
2026-02-03 19:30:00,69.7,21.8,91.5,2.0,67.7,91.5,1.3515509601181683
2026-02-03 20:00:00,69.60000000000001,21.1,90.70000000000002,4.0,65.60000000000001,90.70000000000002,1.3826219512195124
2026-02-03 20:30:00,69.30000000000001,20.7,90.00000000000001,2.0,67.30000000000001,90.00000000000001,1.337295690936107
2026-02-03 21:00:00,69.0,20.4,89.4,1.0,68.0,89.4,1.3147058823529412
2026-02-03 21:30:00,68.80000000000001,20.3,89.10000000000001,4.0,64.80000000000001,89.10000000000001,1.375
2026-02-03 22:00:00,69.19999999999999,20.2,89.39999999999999,3.0,66.19999999999999,89.39999999999999,1.3504531722054383
2026-02-03 22:30:00,69.0,20.0,89.0,2.0,67.0,89.0,1.328358208955224
2026-02-03 23:00:00,69.0,19.9,88.9,3.0,66.0,88.9,1.3469696969696972
2026-02-03 23:30:00,68.69999999999999,19.7,88.39999999999999,3.0,65.69999999999999,88.39999999999999,1.345509893455099
2026-02-04 00:00:00,68.80000000000001,18.5,87.30000000000001,5.0,63.80000000000001,87.30000000000001,1.3683385579937304
2026-02-04 00:30:00,69.2,19.9,89.1,3.0,66.2,89.1,1.3459214501510572
2026-02-04 01:00:00,69.3,19.9,89.19999999999999,3.0,66.3,89.19999999999999,1.3453996983408747
2026-02-04 01:30:00,69.3,20.0,89.3,3.0,66.3,89.3,1.3469079939668176
2026-02-04 02:00:00,69.1,20.2,89.3,1.0,68.1,89.3,1.3113069016152716
2026-02-04 02:30:00,69.3,19.9,89.19999999999999,5.0,64.3,89.19999999999999,1.3872472783825816
2026-02-04 03:00:00,68.9,20.0,88.9,2.0,66.9,88.9,1.3288490284005978
2026-02-04 03:30:00,68.69999999999999,20.1,88.79999999999998,1.0,67.69999999999999,88.79999999999998,1.3116691285081241
2026-02-04 04:00:00,68.3,20.1,88.4,5.0,63.3,88.4,1.39652448657188
2026-02-04 04:30:00,68.4,20.7,89.10000000000001,2.0,66.4,89.10000000000001,1.341867469879518
2026-02-04 05:00:00,68.2,20.5,88.7,2.0,66.2,88.7,1.3398791540785497
2026-02-04 05:30:00,68.1,20.6,88.69999999999999,3.0,65.1,88.69999999999999,1.3625192012288785
2026-02-04 06:00:00,68.0,20.6,88.6,4.0,64.0,88.6,1.384375
2026-02-04 06:30:00,68.1,20.7,88.8,4.0,64.1,88.8,1.3853354134165368
2026-02-04 07:00:00,68.19999999999999,20.9,89.1,3.0,65.19999999999999,89.1,1.3665644171779143
2026-02-04 07:30:00,68.4,19.5,87.9,4.0,64.4,87.9,1.3649068322981366
2026-02-04 08:00:00,68.69999999999999,17.6,86.29999999999998,3.0,65.69999999999999,86.29999999999998,1.313546423135464
2026-02-04 08:30:00,69.30000000000001,18.9,88.20000000000002,2.0,67.30000000000001,88.20000000000002,1.3105497771173849
2026-02-04 09:00:00,69.1,19.6,88.69999999999999,4.0,65.1,88.69999999999999,1.3625192012288785
2026-02-04 09:30:00,69.1,20.0,89.1,3.0,66.1,89.1,1.3479576399394857
2026-02-04 10:00:00,68.9,18.1,87.0,3.0,65.9,87.0,1.3201820940819422
2026-02-04 10:30:00,68.8,18.6,87.4,4.0,64.8,87.4,1.3487654320987656
2026-02-04 11:00:00,69.7,17.1,86.80000000000001,3.0,66.7,86.80000000000001,1.3013493253373314
2026-02-04 11:30:00,70.0,16.8,86.8,4.0,66.0,86.8,1.3151515151515152
2026-02-04 12:00:00,69.9,17.1,87.0,4.0,65.9,87.0,1.3201820940819422
2026-02-04 12:30:00,69.9,17.7,87.60000000000001,3.0,66.9,87.60000000000001,1.3094170403587444
2026-02-04 13:00:00,70.0,17.6,87.6,5.0,65.0,87.6,1.3476923076923075
2026-02-04 13:30:00,69.5,17.6,87.1,3.0,66.5,87.1,1.3097744360902255
2026-02-04 14:00:00,69.5,17.3,86.8,2.0,67.5,86.8,1.285925925925926
2026-02-04 14:30:00,68.80000000000001,16.9,85.70000000000002,4.0,64.80000000000001,85.70000000000002,1.3225308641975309
2026-02-04 15:00:00,68.5,17.2,85.7,3.0,65.5,85.7,1.3083969465648855
2026-02-04 15:30:00,68.3,16.9,85.19999999999999,2.0,66.3,85.19999999999999,1.2850678733031673
2026-02-04 16:00:00,68.3,17.0,85.3,5.0,63.3,85.3,1.3475513428120063
2026-02-04 16:30:00,68.4,17.3,85.7,2.0,66.4,85.7,1.2906626506024095
2026-02-04 17:00:00,69.0,17.7,86.7,4.0,65.0,86.7,1.333846153846154
2026-02-04 17:30:00,69.10000000000001,17.5,86.60000000000001,4.0,65.10000000000001,86.60000000000001,1.3302611367127495
2026-02-04 18:00:00,69.0,18.1,87.1,2.0,67.0,87.1,1.2999999999999998
2026-02-04 18:30:00,68.60000000000001,17.6,86.20000000000002,5.0,63.60000000000001,86.20000000000002,1.3553459119496856
2026-02-04 19:00:00,69.2,18.5,87.7,4.0,65.2,87.7,1.3450920245398772
2026-02-04 19:30:00,68.69999999999999,18.5,87.19999999999999,2.0,66.69999999999999,87.19999999999999,1.3073463268365817
2026-02-04 20:00:00,68.1,18.0,86.1,6.0,62.099999999999994,86.1,1.3864734299516908
2026-02-04 20:30:00,68.0,17.8,85.8,3.0,65.0,85.8,1.32
2026-02-04 21:00:00,68.0,17.4,85.4,3.0,65.0,85.4,1.3138461538461539
2026-02-04 21:30:00,67.7,17.4,85.1,5.0,62.7,85.1,1.3572567783094098
2026-02-04 22:00:00,67.7,17.0,84.7,3.0,64.7,84.7,1.3091190108191653
2026-02-04 22:30:00,67.7,17.3,85.0,3.0,64.7,85.0,1.3137557959814528
2026-02-04 23:00:00,67.7,17.2,84.9,4.0,63.7,84.9,1.3328100470957613
2026-02-04 23:30:00,67.8,16.3,84.1,2.0,65.8,84.1,1.2781155015197567
2026-02-05 00:00:00,56.6,15.5,72.1,4.0,52.6,72.1,1.3707224334600758
2026-02-05 00:30:00,67.5,16.7,84.2,3.0,64.5,84.2,1.3054263565891473
2026-02-05 01:00:00,68.19999999999999,17.6,85.79999999999998,3.0,65.19999999999999,85.79999999999998,1.3159509202453987
2026-02-05 01:30:00,68.1,17.6,85.69999999999999,5.0,63.099999999999994,85.69999999999999,1.358161648177496
2026-02-05 02:00:00,68.1,17.6,85.69999999999999,3.0,65.1,85.69999999999999,1.316436251920123
2026-02-05 02:30:00,68.0,16.9,84.9,2.0,66.0,84.9,1.2863636363636364
2026-02-05 03:00:00,68.39999999999999,17.1,85.5,5.0,63.39999999999999,85.5,1.3485804416403788
2026-02-05 03:30:00,68.4,17.2,85.60000000000001,2.0,66.4,85.60000000000001,1.2891566265060241
2026-02-05 04:00:00,68.30000000000001,17.1,85.4,3.0,65.30000000000001,85.4,1.3078101071975496
2026-02-05 04:30:00,68.3,17.6,85.9,5.0,63.3,85.9,1.3570300157977884
2026-02-05 05:00:00,68.2,17.7,85.9,2.0,66.2,85.9,1.297583081570997
2026-02-05 05:30:00,67.9,17.6,85.5,5.0,62.900000000000006,85.5,1.3593004769475356
2026-02-05 06:00:00,68.0,17.7,85.7,3.0,65.0,85.7,1.3184615384615386
2026-02-05 06:30:00,68.0,17.6,85.6,2.0,66.0,85.6,1.2969696969696969
2026-02-05 07:00:00,67.6,17.6,85.19999999999999,5.0,62.599999999999994,85.19999999999999,1.3610223642172523
2026-02-05 07:30:00,67.5,17.1,84.6,2.0,65.5,84.6,1.2916030534351144
2026-02-05 08:00:00,67.19999999999999,17.1,84.29999999999998,4.0,63.19999999999999,84.29999999999998,1.3338607594936709
2026-02-05 08:30:00,67.30000000000001,17.8,85.10000000000001,5.0,62.30000000000001,85.10000000000001,1.3659711075441412
2026-02-05 09:00:00,67.1,17.5,84.6,5.0,62.099999999999994,84.6,1.3623188405797102
2026-02-05 09:30:00,66.7,18.6,85.30000000000001,1.0,65.7,85.30000000000001,1.2983257229832574
2026-02-05 10:00:00,66.5,18.8,85.3,5.0,61.5,85.3,1.3869918699186992
2026-02-05 10:30:00,67.1,18.9,86.0,3.0,64.1,86.0,1.341653666146646
2026-02-05 11:00:00,67.5,19.1,86.6,1.0,66.5,86.6,1.3022556390977442
2026-02-05 11:30:00,67.9,19.3,87.2,6.0,61.900000000000006,87.2,1.4087237479806138
2026-02-05 12:00:00,68.30000000000001,19.7,88.00000000000001,2.0,66.30000000000001,88.00000000000001,1.3273001508295625
2026-02-05 12:30:00,68.1,19.0,87.1,3.0,65.1,87.1,1.337941628264209
2026-02-05 13:00:00,68.3,19.0,87.3,4.0,64.3,87.3,1.3576982892690512
2026-02-05 13:30:00,68.9,17.5,86.4,2.0,66.9,86.4,1.2914798206278026
2026-02-05 14:00:00,68.4,16.9,85.30000000000001,4.0,64.4,85.30000000000001,1.3245341614906834
2026-02-05 14:30:00,68.0,17.0,85.0,4.0,64.0,85.0,1.328125
2026-02-05 15:00:00,68.1,17.2,85.3,2.0,66.1,85.3,1.2904689863842664
2026-02-05 15:30:00,68.1,16.9,85.0,1.0,67.1,85.0,1.2667660208643816
2026-02-05 16:00:00,68.2,16.7,84.9,6.0,62.2,84.9,1.364951768488746
2026-02-05 16:30:00,69.1,17.2,86.3,11.0,58.099999999999994,86.3,1.485370051635112
2026-02-05 17:00:00,71.30000000000001,4.4,75.70000000000002,10.0,61.30000000000001,75.70000000000002,1.234910277324633
2026-02-05 17:30:00,50.8,0.6,51.4,10.0,40.8,51.4,1.2598039215686274
2026-02-05 18:00:00,38.3,0.5,38.8,10.0,28.299999999999997,38.8,1.3710247349823321
2026-02-05 18:30:00,35.699999999999996,27.4,63.099999999999994,1.0,34.699999999999996,63.099999999999994,1.8184438040345823
2026-02-05 19:00:00,21.9,15.5,37.4,1.0,20.9,37.4,1.7894736842105263
2026-02-05 19:30:00,21.7,12.8,34.5,0.0,21.7,34.5,1.5898617511520738
2026-02-05 20:00:00,21.5,12.7,34.2,0.0,21.5,34.2,1.5906976744186048
2026-02-05 20:30:00,21.5,12.4,33.9,0.0,21.5,33.9,1.5767441860465115
2026-02-05 21:00:00,21.8,5.9,27.700000000000003,1.0,20.8,27.700000000000003,1.3317307692307694
2026-02-05 21:30:00,21.799999999999997,9.7,31.499999999999996,0.0,21.799999999999997,31.499999999999996,1.444954128440367
2026-02-05 22:00:00,21.6,12.1,33.7,0.0,21.6,33.7,1.5601851851851851
2026-02-05 22:30:00,21.5,12.0,33.5,0.0,21.5,33.5,1.558139534883721
2026-02-05 23:00:00,21.5,5.9,27.4,0.0,21.5,27.4,1.2744186046511627
2026-02-05 23:30:00,21.4,8.8,30.2,0.0,21.4,30.2,1.411214953271028
2026-02-06 00:00:00,39.8,12.0,51.8,2.0,37.8,51.8,1.3703703703703705
2026-02-06 00:30:00,21.5,11.8,33.3,0.0,21.5,33.3,1.5488372093023255
2026-02-06 01:00:00,21.1,5.2,26.3,1.0,20.1,26.3,1.308457711442786
2026-02-06 01:30:00,21.299999999999997,12.3,33.599999999999994,2.0,19.299999999999997,33.599999999999994,1.7409326424870466
2026-02-06 02:00:00,21.299999999999997,13.7,35.0,2.0,19.299999999999997,35.0,1.8134715025906738
2026-02-06 02:30:00,21.1,9.9,31.0,1.0,20.1,31.0,1.5422885572139302
2026-02-06 03:00:00,21.1,6.1,27.200000000000003,0.0,21.1,27.200000000000003,1.2890995260663507
2026-02-06 03:30:00,21.0,11.4,32.4,0.0,21.0,32.4,1.5428571428571427
2026-02-06 04:00:00,20.9,11.0,31.9,1.0,19.9,31.9,1.6030150753768844
2026-02-06 04:30:00,21.1,3.8,24.900000000000002,1.0,20.1,24.900000000000002,1.2388059701492538
2026-02-06 05:00:00,21.1,10.8,31.900000000000002,1.0,20.1,31.900000000000002,1.5870646766169154
2026-02-06 05:30:00,21.1,11.6,32.7,2.0,19.1,32.7,1.712041884816754
2026-02-06 06:00:00,21.1,7.6,28.700000000000003,0.0,21.1,28.700000000000003,1.3601895734597156
2026-02-06 06:30:00,21.1,6.9,28.0,0.0,21.1,28.0,1.3270142180094786
2026-02-06 07:00:00,21.1,10.8,31.900000000000002,0.0,21.1,31.900000000000002,1.5118483412322274
2026-02-06 07:30:00,21.0,10.6,31.6,0.0,21.0,31.6,1.5047619047619047
2026-02-06 08:00:00,20.9,2.4,23.299999999999997,0.0,20.9,23.299999999999997,1.1148325358851674
2026-02-06 08:30:00,20.9,9.9,30.799999999999997,0.0,20.9,30.799999999999997,1.4736842105263157
2026-02-06 09:00:00,21.1,5.2,26.3,0.0,21.1,26.3,1.2464454976303316
2026-02-06 09:30:00,21.200000000000003,6.2,27.400000000000002,1.0,20.200000000000003,27.400000000000002,1.3564356435643563
2026-02-06 10:00:00,26.099999999999998,6.4,32.5,0.0,26.099999999999998,32.5,1.2452107279693487
2026-02-06 10:30:00,28.4,12.4,40.8,1.0,27.4,40.8,1.489051094890511
2026-02-06 11:00:00,32.7,3.6,36.300000000000004,1.0,31.700000000000003,36.300000000000004,1.1451104100946372
2026-02-06 11:30:00,34.3,11.6,45.9,0.0,34.3,45.9,1.338192419825073
2026-02-06 12:00:00,34.1,11.7,45.8,2.0,32.1,45.8,1.426791277258567
2026-02-06 12:30:00,34.0,4.3,38.3,2.0,32.0,38.3,1.196875
2026-02-06 13:00:00,45.400000000000006,20.6,66.0,2.0,43.400000000000006,66.0,1.52073732718894
2026-02-06 13:30:00,52.5,13.4,65.9,2.0,50.5,65.9,1.304950495049505
2026-02-06 14:00:00,54.400000000000006,15.1,69.5,0.0,54.400000000000006,69.5,1.2775735294117645
2026-02-06 14:30:00,55.7,15.0,70.7,0.0,55.7,70.7,1.2692998204667862
2026-02-06 15:00:00,56.4,15.0,71.4,3.0,53.4,71.4,1.3370786516853934
2026-02-06 15:30:00,56.1,14.7,70.8,2.0,54.1,70.8,1.3086876155268021
2026-02-06 16:00:00,55.699999999999996,14.8,70.5,1.0,54.699999999999996,70.5,1.2888482632541134
2026-02-06 16:30:00,55.8,14.8,70.6,3.0,52.8,70.6,1.3371212121212122
2026-02-06 17:00:00,56.3,14.9,71.2,0.0,56.3,71.2,1.2646536412078153
2026-02-06 17:30:00,57.4,14.9,72.3,1.0,56.4,72.3,1.2819148936170213
2026-02-06 18:00:00,60.5,15.5,76.0,6.0,54.5,76.0,1.3944954128440368
2026-02-06 18:30:00,65.3,16.7,82.0,2.0,63.3,82.0,1.2954186413902053
2026-02-06 19:00:00,64.8,17.2,82.0,3.0,61.8,82.0,1.3268608414239482
2026-02-06 19:30:00,64.9,17.4,82.30000000000001,0.0,64.9,82.30000000000001,1.268104776579353
2026-02-06 20:00:00,60.4,16.6,77.0,0.0,60.4,77.0,1.2748344370860927
2026-02-06 20:30:00,59.1,15.8,74.9,3.0,56.1,74.9,1.3351158645276293
2026-02-06 21:00:00,59.7,15.5,75.2,3.0,56.7,75.2,1.3262786596119929
2026-02-06 21:30:00,60.3,15.5,75.8,3.0,57.3,75.8,1.3228621291448517
2026-02-06 22:00:00,62.0,15.9,77.9,1.0,61.0,77.9,1.277049180327869
2026-02-06 22:30:00,63.800000000000004,16.2,80.0,1.0,62.800000000000004,80.0,1.2738853503184713
2026-02-06 23:00:00,65.69999999999999,16.6,82.29999999999998,5.0,60.69999999999999,82.29999999999998,1.3558484349258648
2026-02-06 23:30:00,66.9,17.0,83.9,3.0,63.900000000000006,83.9,1.3129890453834117
2026-02-07 00:00:00,66.4,17.5,83.9,1.0,65.4,83.9,1.282874617737003
2026-02-07 00:30:00,67.2,17.2,84.4,1.0,66.2,84.4,1.2749244712990937
2026-02-07 01:00:00,66.80000000000001,18.4,85.20000000000002,4.0,62.80000000000001,85.20000000000002,1.356687898089172
2026-02-07 01:30:00,66.7,17.7,84.4,3.0,63.7,84.4,1.3249607535321821
2026-02-07 02:00:00,66.5,18.0,84.5,1.0,65.5,84.5,1.2900763358778626
2026-02-07 02:30:00,66.10000000000001,17.3,83.4,1.0,65.10000000000001,83.4,1.2811059907834101
2026-02-07 03:00:00,65.6,16.9,82.5,4.0,61.599999999999994,82.5,1.3392857142857144
2026-02-07 03:30:00,65.7,17.3,83.0,3.0,62.7,83.0,1.3237639553429026
2026-02-07 04:00:00,65.5,16.8,82.3,1.0,64.5,82.3,1.275968992248062
2026-02-07 04:30:00,65.4,17.2,82.60000000000001,0.0,65.4,82.60000000000001,1.2629969418960245
2026-02-07 05:00:00,66.3,17.0,83.3,5.0,61.3,83.3,1.3588907014681892
2026-02-07 05:30:00,66.4,17.6,84.0,3.0,63.400000000000006,84.0,1.3249211356466877
2026-02-07 06:00:00,66.69999999999999,17.5,84.19999999999999,1.0,65.69999999999999,84.19999999999999,1.2815829528158296
2026-02-07 06:30:00,67.1,17.3,84.39999999999999,1.0,66.1,84.39999999999999,1.2768532526475038
2026-02-07 07:00:00,67.4,17.7,85.10000000000001,6.0,61.400000000000006,85.10000000000001,1.3859934853420195
2026-02-07 07:30:00,67.5,17.9,85.4,4.0,63.5,85.4,1.3448818897637795
2026-02-07 08:00:00,67.4,17.6,85.0,2.0,65.4,85.0,1.2996941896024463
2026-02-07 08:30:00,67.5,18.3,85.8,1.0,66.5,85.8,1.2902255639097744
2026-02-07 09:00:00,67.39999999999999,19.1,86.5,4.0,63.39999999999999,86.5,1.3643533123028393
2026-02-07 09:30:00,67.39999999999999,19.3,86.69999999999999,3.0,64.39999999999999,86.69999999999999,1.3462732919254659
2026-02-07 10:00:00,67.3,19.5,86.8,1.0,66.3,86.8,1.3092006033182504
2026-02-07 10:30:00,67.2,18.6,85.80000000000001,1.0,66.2,85.80000000000001,1.2960725075528703
2026-02-07 11:00:00,67.1,18.0,85.1,5.0,62.099999999999994,85.1,1.3703703703703705
2026-02-07 11:30:00,67.0,17.2,84.2,3.0,64.0,84.2,1.315625
2026-02-07 12:00:00,67.0,17.1,84.1,1.0,66.0,84.1,1.2742424242424242
2026-02-07 12:30:00,67.0,17.0,84.0,1.0,66.0,84.0,1.2727272727272727
2026-02-07 13:00:00,66.5,17.1,83.6,4.0,62.5,83.6,1.3376
2026-02-07 13:30:00,66.10000000000001,17.0,83.10000000000001,3.0,63.10000000000001,83.10000000000001,1.316957210776545
2026-02-07 14:00:00,66.0,16.8,82.8,1.0,65.0,82.8,1.2738461538461539
2026-02-07 14:30:00,65.8,17.4,83.19999999999999,0.0,65.8,83.19999999999999,1.2644376899696048
2026-02-07 15:00:00,65.6,17.6,83.19999999999999,5.0,60.599999999999994,83.19999999999999,1.372937293729373
2026-02-07 15:30:00,65.6,17.4,83.0,3.0,62.599999999999994,83.0,1.3258785942492013
2026-02-07 16:00:00,65.7,17.6,83.30000000000001,1.0,64.7,83.30000000000001,1.287480680061824
2026-02-07 16:30:00,65.89999999999999,17.8,83.69999999999999,0.0,65.89999999999999,83.69999999999999,1.2701062215477996
2026-02-07 17:00:00,65.89999999999999,17.1,83.0,3.0,62.89999999999999,83.0,1.3195548489666138
2026-02-07 17:30:00,66.0,17.3,83.3,4.0,62.0,83.3,1.3435483870967742
2026-02-07 18:00:00,66.3,17.3,83.6,2.0,64.3,83.6,1.3001555209953344
2026-02-07 18:30:00,66.4,17.4,83.80000000000001,1.0,65.4,83.80000000000001,1.2813455657492356
2026-02-07 19:00:00,66.4,17.0,83.4,2.0,64.4,83.4,1.295031055900621
2026-02-07 19:30:00,66.5,17.7,84.2,3.0,63.5,84.2,1.325984251968504
2026-02-07 20:00:00,66.19999999999999,17.7,83.89999999999999,6.0,60.19999999999999,83.89999999999999,1.3936877076411962
2026-02-07 20:30:00,65.8,17.3,83.1,0.0,65.8,83.1,1.262917933130699
2026-02-07 21:00:00,65.6,17.0,82.6,2.0,63.599999999999994,82.6,1.29874213836478
2026-02-07 21:30:00,65.6,16.7,82.3,4.0,61.599999999999994,82.3,1.3360389610389611
2026-02-07 22:00:00,65.30000000000001,16.5,81.80000000000001,3.0,62.30000000000001,81.80000000000001,1.3130016051364366
2026-02-07 22:30:00,64.9,16.3,81.2,1.0,63.900000000000006,81.2,1.270735524256651
2026-02-07 23:00:00,65.6,16.8,82.39999999999999,0.0,65.6,82.39999999999999,1.2560975609756098
2026-02-07 23:30:00,65.8,16.9,82.69999999999999,5.0,60.8,82.69999999999999,1.3601973684210524
2026-02-08 00:00:00,64.9,17.3,82.2,3.0,61.900000000000006,82.2,1.3279483037156703
2026-02-08 00:30:00,65.4,16.8,82.2,2.0,63.400000000000006,82.2,1.2965299684542586
2026-02-08 01:00:00,65.2,18.1,83.30000000000001,0.0,65.2,83.30000000000001,1.2776073619631902
2026-02-08 01:30:00,65.0,17.3,82.3,1.0,64.0,82.3,1.2859375
2026-02-08 02:00:00,64.6,17.7,82.3,4.0,60.599999999999994,82.3,1.3580858085808583
2026-02-08 02:30:00,64.4,16.9,81.30000000000001,3.0,61.400000000000006,81.30000000000001,1.3241042345276874
2026-02-08 03:00:00,64.1,16.8,80.89999999999999,1.0,63.099999999999994,80.89999999999999,1.2820919175911252
2026-02-08 03:30:00,64.1,16.8,80.89999999999999,0.0,64.1,80.89999999999999,1.2620904836193447
2026-02-08 04:00:00,64.4,16.9,81.30000000000001,3.0,61.400000000000006,81.30000000000001,1.3241042345276874
2026-02-08 04:30:00,65.8,17.1,82.9,3.0,62.8,82.9,1.3200636942675161
2026-02-08 05:00:00,66.0,17.8,83.8,4.0,62.0,83.8,1.3516129032258064
2026-02-08 05:30:00,66.1,17.1,83.19999999999999,0.0,66.1,83.19999999999999,1.258698940998487
2026-02-08 06:00:00,65.8,17.4,83.19999999999999,2.0,63.8,83.19999999999999,1.3040752351097178
2026-02-08 06:30:00,65.8,16.9,82.69999999999999,3.0,62.8,82.69999999999999,1.3168789808917196
2026-02-08 07:00:00,65.8,17.7,83.5,3.0,62.8,83.5,1.3296178343949046
2026-02-08 07:30:00,66.0,17.1,83.1,1.0,65.0,83.1,1.2784615384615383
2026-02-08 08:00:00,65.9,17.6,83.5,1.0,64.9,83.5,1.2865947611710322
2026-02-08 08:30:00,65.9,17.7,83.60000000000001,4.0,61.900000000000006,83.60000000000001,1.3505654281098547
2026-02-08 09:00:00,66.0,18.9,84.9,4.0,62.0,84.9,1.3693548387096774
2026-02-08 09:30:00,66.1,17.0,83.1,2.0,64.1,83.1,1.296411856474259
2026-02-08 10:00:00,66.1,17.3,83.39999999999999,1.0,65.1,83.39999999999999,1.2811059907834101
2026-02-08 10:30:00,66.0,17.8,83.8,4.0,62.0,83.8,1.3516129032258064
2026-02-08 11:00:00,65.8,17.7,83.5,2.0,63.8,83.5,1.3087774294670846
2026-02-08 11:30:00,65.6,17.9,83.5,3.0,62.599999999999994,83.5,1.3338658146964857
2026-02-08 12:00:00,65.6,18.1,83.69999999999999,0.0,65.6,83.69999999999999,1.2759146341463414
2026-02-08 12:30:00,65.9,18.2,84.10000000000001,3.0,62.900000000000006,84.10000000000001,1.3370429252782194
2026-02-08 13:00:00,65.9,18.5,84.4,3.0,62.900000000000006,84.4,1.34181240063593
2026-02-08 13:30:00,65.6,18.5,84.1,3.0,62.599999999999994,84.1,1.343450479233227
2026-02-08 14:00:00,65.3,18.5,83.8,1.0,64.3,83.8,1.3032659409020217
2026-02-08 14:30:00,64.9,18.4,83.30000000000001,0.0,64.9,83.30000000000001,1.2835130970724191
2026-02-08 15:00:00,65.2,18.3,83.5,4.0,61.2,83.5,1.3643790849673203
2026-02-08 15:30:00,65.1,17.8,82.89999999999999,2.0,63.099999999999994,82.89999999999999,1.3137876386687797
2026-02-08 16:00:00,64.6,16.9,81.5,4.0,60.599999999999994,81.5,1.3448844884488451
2026-02-08 16:30:00,64.6,16.9,81.5,0.0,64.6,81.5,1.2616099071207432
2026-02-08 17:00:00,64.4,16.7,81.10000000000001,1.0,63.400000000000006,81.10000000000001,1.279179810725552
2026-02-08 17:30:00,64.4,16.8,81.2,4.0,60.400000000000006,81.2,1.3443708609271523
2026-02-08 18:00:00,64.2,16.8,81.0,3.0,61.2,81.0,1.3235294117647058
2026-02-08 18:30:00,64.0,16.7,80.7,1.0,63.0,80.7,1.280952380952381
2026-02-08 19:00:00,63.9,16.8,80.7,0.0,63.9,80.7,1.2629107981220657
2026-02-08 19:30:00,63.7,17.5,81.2,2.0,61.7,81.2,1.3160453808752026
2026-02-08 20:00:00,63.7,17.0,80.7,3.0,60.7,80.7,1.329489291598023
2026-02-08 20:30:00,63.599999999999994,16.8,80.39999999999999,3.0,60.599999999999994,80.39999999999999,1.3267326732673268
2026-02-08 21:00:00,63.3,16.4,79.69999999999999,1.0,62.3,79.69999999999999,1.2792937399678972
2026-02-08 21:30:00,63.1,16.5,79.6,0.0,63.1,79.6,1.2614896988906497
2026-02-08 22:00:00,63.0,16.5,79.5,2.0,61.0,79.5,1.3032786885245902
2026-02-08 22:30:00,62.6,16.3,78.9,4.0,58.6,78.9,1.3464163822525599
2026-02-08 23:00:00,62.5,15.9,78.4,2.0,60.5,78.4,1.2958677685950415
2026-02-08 23:30:00,61.9,15.7,77.6,3.0,58.9,77.6,1.3174872665534805
2026-02-09 00:00:00,63.4,18.4,81.8,1.0,62.4,81.8,1.310897435897436
2026-02-09 00:30:00,61.2,16.5,77.7,0.0,61.2,77.7,1.2696078431372548
2026-02-09 01:00:00,60.7,17.8,78.5,3.0,57.7,78.5,1.360485268630849
2026-02-09 01:30:00,60.3,17.6,77.9,3.0,57.3,77.9,1.3595113438045376
2026-02-09 02:00:00,60.0,17.4,77.4,2.0,58.0,77.4,1.3344827586206898
2026-02-09 02:30:00,59.900000000000006,17.1,77.0,2.0,57.900000000000006,77.0,1.329879101899827
2026-02-09 03:00:00,59.7,16.9,76.6,1.0,58.7,76.6,1.3049403747870527
2026-02-09 03:30:00,59.400000000000006,16.9,76.30000000000001,0.0,59.400000000000006,76.30000000000001,1.2845117845117846
2026-02-09 04:00:00,59.0,16.8,75.8,2.0,57.0,75.8,1.3298245614035087
2026-02-09 04:30:00,58.7,16.7,75.4,2.0,56.7,75.4,1.3298059964726632
2026-02-09 05:00:00,58.4,16.7,75.1,2.0,56.4,75.1,1.3315602836879432
2026-02-09 05:30:00,58.199999999999996,16.6,74.8,2.0,56.199999999999996,74.8,1.3309608540925268
2026-02-09 06:00:00,58.0,16.5,74.5,1.0,57.0,74.5,1.3070175438596492
2026-02-09 06:30:00,57.599999999999994,16.4,74.0,0.0,57.599999999999994,74.0,1.2847222222222223
2026-02-09 07:00:00,57.4,16.4,73.8,1.0,56.4,73.8,1.3085106382978724
2026-02-09 07:30:00,57.199999999999996,15.2,72.39999999999999,1.0,56.199999999999996,72.39999999999999,1.288256227758007
2026-02-09 08:00:00,57.1,15.3,72.4,4.0,53.1,72.4,1.3634651600753296
2026-02-09 08:30:00,57.0,16.7,73.7,1.0,56.0,73.7,1.3160714285714286
2026-02-09 09:00:00,56.7,17.2,73.9,1.0,55.7,73.9,1.3267504488330342
2026-02-09 09:30:00,56.4,17.6,74.0,1.0,55.4,74.0,1.3357400722021662
2026-02-09 10:00:00,56.300000000000004,17.1,73.4,0.0,56.300000000000004,73.4,1.3037300177619893
2026-02-09 10:30:00,58.0,17.5,75.5,1.0,57.0,75.5,1.3245614035087718
2026-02-09 11:00:00,59.400000000000006,18.2,77.60000000000001,3.0,56.400000000000006,77.60000000000001,1.375886524822695
2026-02-09 11:30:00,60.2,18.2,78.4,4.0,56.2,78.4,1.395017793594306
2026-02-09 12:00:00,61.6,18.3,79.9,3.0,58.6,79.9,1.363481228668942
2026-02-09 12:30:00,62.2,18.4,80.6,1.0,61.2,80.6,1.3169934640522873
2026-02-09 13:00:00,63.3,18.6,81.9,5.0,58.3,81.9,1.404802744425386
2026-02-09 13:30:00,65.1,19.1,84.19999999999999,4.0,61.099999999999994,84.19999999999999,1.3780687397708673
2026-02-09 14:00:00,67.2,19.5,86.7,2.0,65.2,86.7,1.3297546012269938
2026-02-09 14:30:00,68.80000000000001,19.9,88.70000000000002,4.0,64.80000000000001,88.70000000000002,1.3688271604938271
2026-02-09 15:00:00,68.6,20.0,88.6,4.0,64.6,88.6,1.3715170278637772
2026-02-09 15:30:00,69.1,20.2,89.3,2.0,67.1,89.3,1.330849478390462
2026-02-09 16:00:00,69.0,19.9,88.9,5.0,64.0,88.9,1.3890625
2026-02-09 16:30:00,69.1,20.4,89.5,3.0,66.1,89.5,1.3540090771558246
2026-02-09 17:00:00,69.0,20.5,89.5,2.0,67.0,89.5,1.335820895522388
2026-02-09 17:30:00,69.3,20.7,90.0,5.0,64.3,90.0,1.3996889580093312
2026-02-09 18:00:00,69.4,20.9,90.30000000000001,2.0,67.4,90.30000000000001,1.3397626112759644
2026-02-09 18:30:00,69.3,21.1,90.4,4.0,65.3,90.4,1.3843797856049007
2026-02-09 19:00:00,69.19999999999999,21.0,90.19999999999999,4.0,65.19999999999999,90.19999999999999,1.383435582822086
2026-02-09 19:30:00,69.19999999999999,20.7,89.89999999999999,1.0,68.19999999999999,89.89999999999999,1.3181818181818183
2026-02-09 20:00:00,69.1,20.6,89.69999999999999,6.0,63.099999999999994,89.69999999999999,1.421553090332805
2026-02-09 20:30:00,69.0,20.4,89.4,3.0,66.0,89.4,1.3545454545454547
2026-02-09 21:00:00,69.3,20.2,89.5,2.0,67.3,89.5,1.3298662704309065
2026-02-09 21:30:00,69.1,19.9,89.0,4.0,65.1,89.0,1.3671274961597544
2026-02-09 22:00:00,69.1,19.9,89.0,3.0,66.1,89.0,1.346444780635401
2026-02-09 22:30:00,69.0,19.6,88.6,3.0,66.0,88.6,1.3424242424242423
2026-02-09 23:00:00,68.8,19.6,88.4,5.0,63.8,88.4,1.3855799373040754
2026-02-09 23:30:00,68.8,19.3,88.1,1.0,67.8,88.1,1.2994100294985251
2026-02-10 00:00:00,70.6,20.5,91.1,6.0,64.6,91.1,1.410216718266254
2026-02-10 00:30:00,68.8,19.8,88.6,3.0,65.8,88.6,1.3465045592705167
2026-02-10 01:00:00,68.8,19.8,88.6,4.0,64.8,88.6,1.367283950617284
2026-02-10 01:30:00,68.8,19.6,88.4,4.0,64.8,88.4,1.3641975308641976
2026-02-10 02:00:00,68.8,19.2,88.0,4.0,64.8,88.0,1.3580246913580247
2026-02-10 02:30:00,69.0,19.2,88.2,4.0,65.0,88.2,1.356923076923077
2026-02-10 03:00:00,69.0,18.9,87.9,4.0,65.0,87.9,1.3523076923076924
2026-02-10 03:30:00,68.9,18.9,87.80000000000001,3.0,65.9,87.80000000000001,1.3323216995447649
2026-02-10 04:00:00,68.9,18.9,87.80000000000001,4.0,64.9,87.80000000000001,1.3528505392912173
2026-02-10 04:30:00,68.7,18.9,87.6,4.0,64.7,87.6,1.3539412673879443
2026-02-10 05:00:00,69.0,18.9,87.9,1.0,68.0,87.9,1.2926470588235295
2026-02-10 05:30:00,69.1,18.9,88.0,5.0,64.1,88.0,1.372854914196568
2026-02-10 06:00:00,69.1,19.0,88.1,3.0,66.1,88.1,1.3328290468986383
2026-02-10 06:30:00,69.1,18.9,88.0,3.0,66.1,88.0,1.3313161875945538
2026-02-10 07:00:00,69.19999999999999,19.0,88.19999999999999,4.0,65.19999999999999,88.19999999999999,1.352760736196319
2026-02-10 07:30:00,69.1,18.4,87.5,3.0,66.1,87.5,1.3237518910741302
2026-02-10 08:00:00,69.19999999999999,18.8,87.99999999999999,4.0,65.19999999999999,87.99999999999999,1.3496932515337423
2026-02-10 08:30:00,69.1,19.7,88.8,4.0,65.1,88.8,1.3640552995391706
2026-02-10 09:00:00,69.1,20.3,89.39999999999999,3.0,66.1,89.39999999999999,1.3524962178517397
2026-02-10 09:30:00,69.1,21.0,90.1,3.0,66.1,90.1,1.3630862329803328
2026-02-10 10:00:00,68.9,21.4,90.30000000000001,4.0,64.9,90.30000000000001,1.391371340523883
2026-02-10 10:30:00,69.2,21.2,90.4,5.0,64.2,90.4,1.4080996884735202
2026-02-10 11:00:00,69.80000000000001,20.9,90.70000000000002,4.0,65.80000000000001,90.70000000000002,1.378419452887538
2026-02-10 11:30:00,71.4,20.2,91.60000000000001,3.0,68.4,91.60000000000001,1.3391812865497077
2026-02-10 12:00:00,70.5,21.1,91.6,4.0,66.5,91.6,1.3774436090225564
2026-02-10 12:30:00,70.5,21.1,91.6,3.0,67.5,91.6,1.357037037037037
2026-02-10 13:00:00,70.9,21.3,92.2,5.0,65.9,92.2,1.3990895295902883
2026-02-10 13:30:00,71.4,21.8,93.2,3.0,68.4,93.2,1.3625730994152045
2026-02-10 14:00:00,71.80000000000001,21.9,93.70000000000002,6.0,65.80000000000001,93.70000000000002,1.4240121580547112
2026-02-10 14:30:00,71.69999999999999,21.9,93.6,3.0,68.69999999999999,93.6,1.3624454148471616
2026-02-10 15:00:00,71.5,21.9,93.4,4.0,67.5,93.4,1.3837037037037039
2026-02-10 15:30:00,71.4,21.8,93.2,6.0,65.4,93.2,1.4250764525993882
2026-02-10 16:00:00,71.3,21.8,93.1,4.0,67.3,93.1,1.3833580980683506
2026-02-10 16:30:00,72.0,21.8,93.8,4.0,68.0,93.8,1.3794117647058823
2026-02-10 17:00:00,72.4,22.0,94.4,4.0,68.4,94.4,1.3801169590643274
2026-02-10 17:30:00,73.1,22.2,95.3,5.0,68.1,95.3,1.3994126284875184
2026-02-10 18:00:00,72.30000000000001,22.2,94.50000000000001,3.0,69.30000000000001,94.50000000000001,1.3636363636363635
2026-02-10 18:30:00,72.3,22.5,94.8,4.0,68.3,94.8,1.3879941434846266
2026-02-10 19:00:00,72.0,21.9,93.9,3.0,69.0,93.9,1.3608695652173914
2026-02-10 19:30:00,72.4,21.5,93.9,4.0,68.4,93.9,1.3728070175438596
2026-02-10 20:00:00,72.4,21.2,93.60000000000001,5.0,67.4,93.60000000000001,1.3887240356083086
2026-02-10 20:30:00,72.5,20.9,93.4,4.0,68.5,93.4,1.3635036496350366
2026-02-10 21:00:00,73.0,21.0,94.0,6.0,67.0,94.0,1.4029850746268657
2026-02-10 21:30:00,72.9,20.9,93.80000000000001,4.0,68.9,93.80000000000001,1.3613933236574747
2026-02-10 22:00:00,73.10000000000001,20.7,93.80000000000001,4.0,69.10000000000001,93.80000000000001,1.357452966714906
2026-02-10 22:30:00,73.2,20.7,93.9,4.0,69.2,93.9,1.356936416184971
2026-02-10 23:00:00,73.10000000000001,20.5,93.60000000000001,5.0,68.10000000000001,93.60000000000001,1.3744493392070485
2026-02-10 23:30:00,73.2,20.5,93.7,3.0,70.2,93.7,1.3347578347578348
2026-02-11 00:00:00,73.7,23.1,96.80000000000001,6.0,67.7,96.80000000000001,1.429837518463811
2026-02-11 00:30:00,73.6,20.8,94.39999999999999,3.0,70.6,94.39999999999999,1.3371104815864023
2026-02-11 01:00:00,73.60000000000001,21.0,94.60000000000001,5.0,68.60000000000001,94.60000000000001,1.379008746355685
2026-02-11 01:30:00,73.8,21.0,94.8,3.0,70.8,94.8,1.3389830508474576
2026-02-11 02:00:00,73.4,21.0,94.4,6.0,67.4,94.4,1.400593471810089
2026-02-11 02:30:00,73.2,20.6,93.80000000000001,2.0,71.2,93.80000000000001,1.3174157303370788
2026-02-11 03:00:00,73.1,20.4,93.5,6.0,67.1,93.5,1.3934426229508199
2026-02-11 03:30:00,73.1,20.4,93.5,4.0,69.1,93.5,1.353111432706223
2026-02-11 04:00:00,72.8,20.3,93.1,6.0,66.8,93.1,1.3937125748502994
2026-02-11 04:30:00,73.2,20.3,93.5,6.0,67.2,93.5,1.3913690476190474
2026-02-11 05:00:00,73.2,20.3,93.5,4.0,69.2,93.5,1.3511560693641618
2026-02-11 05:30:00,73.1,20.3,93.39999999999999,4.0,69.1,93.39999999999999,1.3516642547033284
2026-02-11 06:00:00,73.1,20.3,93.39999999999999,4.0,69.1,93.39999999999999,1.3516642547033284
2026-02-11 06:30:00,73.2,20.3,93.5,5.0,68.2,93.5,1.3709677419354838
2026-02-11 07:00:00,73.2,20.4,93.6,3.0,70.2,93.6,1.3333333333333333
2026-02-11 07:30:00,73.1,20.0,93.1,6.0,67.1,93.1,1.3874813710879286
2026-02-11 08:00:00,72.7,20.4,93.1,4.0,68.7,93.1,1.3551673944687044
2026-02-11 08:30:00,72.89999999999999,20.7,93.6,6.0,66.89999999999999,93.6,1.399103139013453
2026-02-11 09:00:00,73.0,21.0,94.0,2.0,71.0,94.0,1.323943661971831
2026-02-11 09:30:00,73.2,21.2,94.4,6.0,67.2,94.4,1.4047619047619049
2026-02-11 10:00:00,73.1,20.9,94.0,2.0,71.1,94.0,1.3220815752461323
2026-02-11 10:30:00,73.19999999999999,21.0,94.19999999999999,6.0,67.19999999999999,94.19999999999999,1.4017857142857144
2026-02-11 11:00:00,73.3,21.1,94.4,3.0,70.3,94.4,1.3428165007112376
2026-02-11 11:30:00,73.19999999999999,20.1,93.29999999999998,8.0,65.19999999999999,93.29999999999998,1.4309815950920246
2026-02-11 12:00:00,76.19999999999999,23.4,99.6,3.0,73.19999999999999,99.6,1.3606557377049182
2026-02-11 12:30:00,74.2,22.8,97.0,6.0,68.2,97.0,1.4222873900293254
2026-02-11 13:00:00,73.9,24.7,98.60000000000001,9.0,64.9,98.60000000000001,1.5192604006163328
2026-02-11 13:30:00,77.6,12.2,89.8,3.0,74.6,89.8,1.2037533512064345
2026-02-11 14:00:00,77.69999999999999,39.0,116.69999999999999,4.0,73.69999999999999,116.69999999999999,1.5834464043419267
2026-02-11 14:30:00,72.7,27.1,99.80000000000001,3.0,69.7,99.80000000000001,1.4318507890961263
2026-02-11 15:00:00,74.69999999999999,23.7,98.39999999999999,6.0,68.69999999999999,98.39999999999999,1.4323144104803494
2026-02-11 15:30:00,74.9,22.6,97.5,4.0,70.9,97.5,1.3751763046544427
2026-02-11 16:00:00,75.69999999999999,33.7,109.39999999999999,3.0,72.69999999999999,109.39999999999999,1.5048143053645118
2026-02-11 16:30:00,73.80000000000001,25.0,98.80000000000001,5.0,68.80000000000001,98.80000000000001,1.4360465116279069
2026-02-11 17:00:00,74.3,26.6,100.9,4.0,70.3,100.9,1.4352773826458038
2026-02-11 17:30:00,74.1,28.5,102.6,5.0,69.1,102.6,1.4848046309696092
2026-02-11 18:00:00,73.39999999999999,25.6,99.0,3.0,70.39999999999999,99.0,1.4062500000000002
2026-02-11 18:30:00,73.39999999999999,25.7,99.1,3.0,70.39999999999999,99.1,1.4076704545454546
2026-02-11 19:00:00,73.5,26.3,99.8,3.0,70.5,99.8,1.4156028368794327
2026-02-11 19:30:00,73.2,26.2,99.4,4.0,69.2,99.4,1.4364161849710984
2026-02-11 20:00:00,73.0,25.6,98.6,1.0,72.0,98.6,1.3694444444444445
2026-02-11 20:30:00,72.5,25.3,97.8,4.0,68.5,97.8,1.4277372262773722
2026-02-11 21:00:00,72.8,25.1,97.9,4.0,68.8,97.9,1.42296511627907
2026-02-11 21:30:00,72.7,25.3,98.0,1.0,71.7,98.0,1.3668061366806137
2026-02-11 22:00:00,72.8,25.0,97.8,3.0,69.8,97.8,1.4011461318051577
2026-02-11 22:30:00,72.9,25.4,98.30000000000001,5.0,67.9,98.30000000000001,1.4477172312223858
2026-02-11 23:00:00,72.9,24.9,97.80000000000001,1.0,71.9,97.80000000000001,1.3602225312934633
2026-02-11 23:30:00,72.6,25.5,98.1,3.0,69.6,98.1,1.4094827586206897
2026-02-12 00:00:00,83.5,26.0,109.5,5.0,78.5,109.5,1.394904458598726
2026-02-12 00:30:00,71.4,25.4,96.80000000000001,1.0,70.4,96.80000000000001,1.375
2026-02-12 01:00:00,72.5,25.2,97.7,2.0,70.5,97.7,1.3858156028368795
2026-02-12 01:30:00,72.5,25.1,97.6,6.0,66.5,97.6,1.4676691729323308
2026-02-12 02:00:00,72.80000000000001,25.3,98.10000000000001,1.0,71.80000000000001,98.10000000000001,1.3662952646239552
2026-02-12 02:30:00,73.0,24.9,97.9,2.0,71.0,97.9,1.3788732394366199
2026-02-12 03:00:00,72.69999999999999,24.9,97.6,5.0,67.69999999999999,97.6,1.4416543574593799
2026-02-12 03:30:00,72.4,25.0,97.4,2.0,70.4,97.4,1.3835227272727273
2026-02-12 04:00:00,72.1,24.8,96.89999999999999,2.0,70.1,96.89999999999999,1.3823109843081312
2026-02-12 04:30:00,72.4,24.9,97.30000000000001,5.0,67.4,97.30000000000001,1.443620178041543
2026-02-12 05:00:00,72.2,24.8,97.0,2.0,70.2,97.0,1.3817663817663817
2026-02-12 05:30:00,72.1,24.8,96.89999999999999,4.0,68.1,96.89999999999999,1.422907488986784
2026-02-12 06:00:00,72.1,24.8,96.89999999999999,5.0,67.1,96.89999999999999,1.4441132637853948
2026-02-12 06:30:00,72.1,24.8,96.89999999999999,3.0,69.1,96.89999999999999,1.4023154848046309
2026-02-12 07:00:00,71.8,24.8,96.6,3.0,68.8,96.6,1.4040697674418605
2026-02-12 07:30:00,71.6,24.1,95.69999999999999,3.0,68.6,95.69999999999999,1.3950437317784257
2026-02-12 08:00:00,71.5,24.3,95.8,4.0,67.5,95.8,1.4192592592592592
2026-02-12 08:30:00,71.5,25.5,97.0,1.0,70.5,97.0,1.375886524822695
2026-02-12 09:00:00,71.5,26.1,97.6,4.0,67.5,97.6,1.4459259259259258
2026-02-12 09:30:00,72.3,21.2,93.5,4.0,68.3,93.5,1.36896046852123
2026-02-12 10:00:00,72.9,21.0,93.9,5.0,67.9,93.9,1.3829160530191458
2026-02-12 10:30:00,76.2,27.1,103.30000000000001,8.0,68.2,103.30000000000001,1.5146627565982407
2026-02-12 11:00:00,83.8,22.6,106.4,7.0,76.8,106.4,1.3854166666666667
2026-02-12 11:30:00,88.0,24.8,112.8,7.0,81.0,112.8,1.3925925925925926
2026-02-12 12:00:00,88.1,25.3,113.39999999999999,9.0,79.1,113.39999999999999,1.4336283185840708
2026-02-12 12:30:00,88.6,25.8,114.39999999999999,9.0,79.6,114.39999999999999,1.4371859296482412
2026-02-12 13:00:00,88.5,26.2,114.7,6.0,82.5,114.7,1.3903030303030304
2026-02-12 13:30:00,89.2,26.4,115.6,8.0,81.2,115.6,1.4236453201970443
2026-02-12 14:00:00,89.0,26.6,115.6,8.0,81.0,115.6,1.4271604938271605
2026-02-12 14:30:00,90.1,26.8,116.89999999999999,7.0,83.1,116.89999999999999,1.4067388688327316
2026-02-12 15:00:00,95.19999999999999,27.8,122.99999999999999,8.0,87.19999999999999,122.99999999999999,1.4105504587155964
2026-02-12 15:30:00,95.80000000000001,28.4,124.20000000000002,8.0,87.80000000000001,124.20000000000002,1.4145785876993167
2026-02-12 16:00:00,95.8,28.6,124.4,10.0,85.8,124.4,1.44988344988345
2026-02-12 16:30:00,96.19999999999999,29.4,125.6,8.0,88.19999999999999,125.6,1.4240362811791385
2026-02-12 17:00:00,95.8,28.9,124.69999999999999,7.0,88.8,124.69999999999999,1.404279279279279
2026-02-12 17:30:00,95.9,29.6,125.5,8.0,87.9,125.5,1.427758816837315
2026-02-12 18:00:00,95.69999999999999,29.3,124.99999999999999,8.0,87.69999999999999,124.99999999999999,1.4253135689851768
2026-02-12 18:30:00,95.30000000000001,29.2,124.50000000000001,8.0,87.30000000000001,124.50000000000001,1.4261168384879725
2026-02-12 19:00:00,95.4,28.7,124.10000000000001,9.0,86.4,124.10000000000001,1.4363425925925926
2026-02-12 19:30:00,94.9,28.2,123.10000000000001,10.0,84.9,123.10000000000001,1.4499411071849235
2026-02-12 20:00:00,94.5,27.6,122.1,9.0,85.5,122.1,1.4280701754385965
2026-02-12 20:30:00,94.5,27.1,121.6,8.0,86.5,121.6,1.4057803468208092
2026-02-12 21:00:00,94.3,26.8,121.1,7.0,87.3,121.1,1.3871706758304696
2026-02-12 21:30:00,94.4,26.6,121.0,8.0,86.4,121.0,1.4004629629629628
2026-02-12 22:00:00,94.69999999999999,26.4,121.1,8.0,86.69999999999999,121.1,1.3967704728950405
2026-02-12 22:30:00,94.3,26.2,120.5,7.0,87.3,120.5,1.3802978235967927
2026-02-12 23:00:00,93.6,25.9,119.5,8.0,85.6,119.5,1.3960280373831777
2026-02-12 23:30:00,93.30000000000001,25.6,118.9,8.0,85.30000000000001,118.9,1.3939038686987104
2026-02-13 00:00:00,93.0,26.6,119.6,9.0,84.0,119.6,1.4238095238095236
2026-02-13 00:30:00,93.3,25.9,119.19999999999999,8.0,85.3,119.19999999999999,1.3974208675263775
2026-02-13 01:00:00,92.9,25.7,118.60000000000001,7.0,85.9,118.60000000000001,1.3806752037252619
2026-02-13 01:30:00,92.5,25.7,118.2,7.0,85.5,118.2,1.3824561403508773
2026-02-13 02:00:00,92.20000000000002,25.6,117.80000000000001,9.0,83.20000000000002,117.80000000000001,1.4158653846153844
2026-02-13 02:30:00,91.6,25.1,116.69999999999999,8.0,83.6,116.69999999999999,1.395933014354067
2026-02-13 03:00:00,91.7,24.9,116.6,7.0,84.7,116.6,1.3766233766233764
2026-02-13 03:30:00,91.5,25.0,116.5,9.0,82.5,116.5,1.412121212121212
2026-02-13 04:00:00,91.8,24.9,116.69999999999999,9.0,82.8,116.69999999999999,1.4094202898550723
2026-02-13 04:30:00,91.7,24.9,116.6,6.0,85.7,116.6,1.3605600933488913
2026-02-13 05:00:00,91.80000000000001,25.1,116.9,8.0,83.80000000000001,116.9,1.3949880668257755
2026-02-13 05:30:00,91.9,24.9,116.80000000000001,8.0,83.9,116.80000000000001,1.3921334922526818
2026-02-13 06:00:00,91.7,24.9,116.6,8.0,83.7,116.6,1.3930704898446833
2026-02-13 06:30:00,91.4,24.8,116.2,7.0,84.4,116.2,1.376777251184834
2026-02-13 07:00:00,91.4,24.7,116.10000000000001,8.0,83.4,116.10000000000001,1.3920863309352518
2026-02-13 07:30:00,91.60000000000001,24.1,115.70000000000002,10.0,81.60000000000001,115.70000000000002,1.4178921568627452
2026-02-13 08:00:00,91.4,24.4,115.80000000000001,8.0,83.4,115.80000000000001,1.3884892086330936
2026-02-13 08:30:00,91.1,25.4,116.5,9.0,82.1,116.5,1.4190012180267968
2026-02-13 09:00:00,91.2,25.9,117.1,8.0,83.2,117.1,1.407451923076923
2026-02-13 09:30:00,91.4,26.4,117.80000000000001,9.0,82.4,117.80000000000001,1.429611650485437
2026-02-13 10:00:00,91.8,26.8,118.6,8.0,83.8,118.6,1.4152744630071599
2026-02-13 10:30:00,92.3,27.5,119.8,7.0,85.3,119.8,1.4044548651817117
2026-02-13 11:00:00,92.9,27.8,120.7,8.0,84.9,120.7,1.4216725559481742
2026-02-13 11:30:00,94.10000000000001,28.1,122.20000000000002,9.0,85.10000000000001,122.20000000000002,1.435957696827262
2026-02-13 12:00:00,94.30000000000001,28.4,122.70000000000002,8.0,86.30000000000001,122.70000000000002,1.4217844727694091
2026-02-13 12:30:00,94.0,28.8,122.8,8.0,86.0,122.8,1.427906976744186
2026-02-13 13:00:00,93.7,27.9,121.6,8.0,85.7,121.6,1.4189031505250873
2026-02-13 13:30:00,94.0,28.6,122.6,8.0,86.0,122.6,1.4255813953488372
2026-02-13 14:00:00,93.69999999999999,28.4,122.1,8.0,85.69999999999999,122.1,1.4247374562427073
2026-02-13 14:30:00,93.7,28.4,122.1,7.0,86.7,122.1,1.408304498269896
2026-02-13 15:00:00,94.0,28.3,122.3,8.0,86.0,122.3,1.422093023255814
2026-02-13 15:30:00,93.69999999999999,28.2,121.89999999999999,9.0,84.69999999999999,121.89999999999999,1.439197166469894
2026-02-13 16:00:00,94.10000000000001,28.4,122.5,8.0,86.10000000000001,122.5,1.4227642276422763
2026-02-13 16:30:00,94.2,28.9,123.1,8.0,86.2,123.1,1.4280742459396751
2026-02-13 17:00:00,94.1,28.7,122.8,6.0,88.1,122.8,1.3938706015891034
2026-02-13 17:30:00,94.0,28.4,122.4,9.0,85.0,122.4,1.4400000000000002
2026-02-13 18:00:00,93.8,28.4,122.19999999999999,8.0,85.8,122.19999999999999,1.424242424242424
2026-02-13 18:30:00,93.4,28.3,121.7,6.0,87.4,121.7,1.3924485125858124
2026-02-13 19:00:00,93.6,27.9,121.5,9.0,84.6,121.5,1.4361702127659575
2026-02-13 19:30:00,93.9,27.0,120.9,9.0,84.9,120.9,1.4240282685512367
2026-02-13 20:00:00,94.30000000000001,26.8,121.10000000000001,7.0,87.30000000000001,121.10000000000001,1.3871706758304696
2026-02-13 20:30:00,93.9,26.9,120.80000000000001,8.0,85.9,120.80000000000001,1.4062863795110594
2026-02-13 21:00:00,94.2,27.0,121.2,8.0,86.2,121.2,1.406032482598608
2026-02-13 21:30:00,94.2,26.7,120.9,8.0,86.2,120.9,1.402552204176334
2026-02-13 22:00:00,94.0,26.2,120.2,10.0,84.0,120.2,1.430952380952381
2026-02-13 22:30:00,93.4,25.7,119.10000000000001,7.0,86.4,119.10000000000001,1.3784722222222223
2026-02-13 23:00:00,93.1,25.3,118.39999999999999,10.0,83.1,118.39999999999999,1.424789410348977
2026-02-13 23:30:00,93.19999999999999,25.4,118.6,9.0,84.19999999999999,118.6,1.4085510688836105
2026-02-14 00:00:00,93.4,26.5,119.9,8.0,85.4,119.9,1.4039812646370022
2026-02-14 00:30:00,93.4,25.6,119.0,7.0,86.4,119.0,1.3773148148148147
2026-02-14 01:00:00,93.5,25.2,118.7,8.0,85.5,118.7,1.3883040935672515
2026-02-14 01:30:00,93.70000000000002,25.1,118.80000000000001,8.0,85.70000000000002,118.80000000000001,1.3862310385064176
2026-02-14 02:00:00,93.4,24.9,118.30000000000001,7.0,86.4,118.30000000000001,1.369212962962963
2026-02-14 02:30:00,93.0,24.6,117.6,8.0,85.0,117.6,1.383529411764706
2026-02-14 03:00:00,93.5,24.4,117.9,9.0,84.5,117.9,1.3952662721893492
2026-02-14 03:30:00,93.80000000000001,24.4,118.20000000000002,8.0,85.80000000000001,118.20000000000002,1.3776223776223777
2026-02-14 04:00:00,93.9,24.6,118.5,8.0,85.9,118.5,1.379511059371362
2026-02-14 04:30:00,93.8,24.6,118.4,7.0,86.8,118.4,1.3640552995391706
2026-02-14 05:00:00,94.0,24.6,118.6,8.0,86.0,118.6,1.3790697674418604
2026-02-14 05:30:00,93.5,24.5,118.0,8.0,85.5,118.0,1.3801169590643274
2026-02-14 06:00:00,93.29999999999998,24.3,117.59999999999998,6.0,87.29999999999998,117.59999999999998,1.3470790378006874
2026-02-14 06:30:00,93.6,24.4,118.0,9.0,84.6,118.0,1.3947990543735225
2026-02-14 07:00:00,93.6,24.5,118.1,9.0,84.6,118.1,1.3959810874704492
2026-02-14 07:30:00,93.80000000000001,24.4,118.20000000000002,8.0,85.80000000000001,118.20000000000002,1.3776223776223777
2026-02-14 08:00:00,94.10000000000001,24.6,118.70000000000002,7.0,87.10000000000001,118.70000000000002,1.362801377726751
2026-02-14 08:30:00,93.1,25.6,118.69999999999999,7.0,86.1,118.69999999999999,1.37862950058072
2026-02-14 09:00:00,93.0,26.2,119.2,8.0,85.0,119.2,1.4023529411764706
2026-02-14 09:30:00,93.4,26.9,120.30000000000001,9.0,84.4,120.30000000000001,1.425355450236967
2026-02-14 10:00:00,93.3,27.4,120.69999999999999,7.0,86.3,120.69999999999999,1.3986095017381228
2026-02-14 10:30:00,93.5,27.9,121.4,10.0,83.5,121.4,1.4538922155688623
2026-02-14 11:00:00,93.30000000000001,28.3,121.60000000000001,10.0,83.30000000000001,121.60000000000001,1.459783913565426
2026-02-14 11:30:00,93.4,28.7,122.10000000000001,7.0,86.4,122.10000000000001,1.4131944444444444
2026-02-14 12:00:00,93.4,29.0,122.4,10.0,83.4,122.4,1.4676258992805755
2026-02-14 12:30:00,93.29999999999998,29.1,122.39999999999998,6.0,87.29999999999998,122.39999999999998,1.402061855670103
2026-02-14 13:00:00,93.29999999999998,29.1,122.39999999999998,8.0,85.29999999999998,122.39999999999998,1.4349355216881594
2026-02-14 13:30:00,92.6,28.7,121.3,8.0,84.6,121.3,1.4338061465721041
2026-02-14 14:00:00,93.2,28.6,121.80000000000001,8.0,85.2,121.80000000000001,1.4295774647887325
2026-02-14 14:30:00,93.10000000000001,28.2,121.30000000000001,9.0,84.10000000000001,121.30000000000001,1.4423305588585018
2026-02-14 15:00:00,93.4,29.2,122.60000000000001,9.0,84.4,122.60000000000001,1.45260663507109
2026-02-14 15:30:00,93.6,28.9,122.5,7.0,86.6,122.5,1.4145496535796767
2026-02-14 16:00:00,93.39999999999999,28.6,122.0,7.0,86.39999999999999,122.0,1.4120370370370372
2026-02-14 16:30:00,93.4,28.1,121.5,6.0,87.4,121.5,1.3901601830663615
2026-02-14 17:00:00,93.9,27.6,121.5,9.0,84.9,121.5,1.431095406360424
2026-02-14 17:30:00,93.8,27.4,121.19999999999999,7.0,86.8,121.19999999999999,1.3963133640552994
2026-02-14 18:00:00,93.6,27.6,121.19999999999999,9.0,84.6,121.19999999999999,1.4326241134751774
2026-02-14 18:30:00,93.39999999999999,27.9,121.29999999999998,9.0,84.39999999999999,121.29999999999998,1.4372037914691942
2026-02-14 19:00:00,93.3,27.9,121.19999999999999,8.0,85.3,121.19999999999999,1.420867526377491
2026-02-14 19:30:00,93.7,27.8,121.5,7.0,86.7,121.5,1.4013840830449826
2026-02-14 20:00:00,93.39999999999999,26.9,120.29999999999998,8.0,85.39999999999999,120.29999999999998,1.4086651053864168
2026-02-14 20:30:00,93.2,26.4,119.6,6.0,87.2,119.6,1.3715596330275228
2026-02-14 21:00:00,93.1,26.5,119.6,10.0,83.1,119.6,1.4392298435619735
2026-02-14 21:30:00,93.2,26.3,119.5,8.0,85.2,119.5,1.402582159624413
2026-02-14 22:00:00,93.1,25.9,119.0,9.0,84.1,119.0,1.4149821640903688
2026-02-14 22:30:00,93.3,25.6,118.9,9.0,84.3,118.9,1.4104389086595492
2026-02-14 23:00:00,93.6,25.2,118.8,8.0,85.6,118.8,1.3878504672897196
2026-02-14 23:30:00,94.0,24.9,118.9,7.0,87.0,118.9,1.3666666666666667
2026-02-15 00:00:00,93.4,26.5,119.9,8.0,85.4,119.9,1.4039812646370022
2026-02-15 00:30:00,93.9,25.3,119.2,9.0,84.9,119.2,1.404004711425206
2026-02-15 01:00:00,93.69999999999999,24.9,118.6,9.0,84.69999999999999,118.6,1.4002361275088548
2026-02-15 01:30:00,93.5,24.8,118.3,7.0,86.5,118.3,1.3676300578034681
2026-02-15 02:00:00,93.1,24.7,117.8,9.0,84.1,117.8,1.4007134363852558
2026-02-15 02:30:00,93.19999999999999,24.6,117.79999999999998,9.0,84.19999999999999,117.79999999999998,1.3990498812351544
2026-02-15 03:00:00,93.4,24.5,117.9,7.0,86.4,117.9,1.3645833333333333
2026-02-15 03:30:00,93.7,24.4,118.1,7.0,86.7,118.1,1.3621683967704727
2026-02-15 04:00:00,93.5,24.3,117.8,6.0,87.5,117.8,1.3462857142857143
2026-02-15 04:30:00,92.9,24.2,117.10000000000001,9.0,83.9,117.10000000000001,1.3957091775923718
2026-02-15 05:00:00,93.4,24.5,117.9,8.0,85.4,117.9,1.3805620608899296
2026-02-15 05:30:00,93.6,24.6,118.19999999999999,8.0,85.6,118.19999999999999,1.3808411214953271
2026-02-15 06:00:00,93.39999999999999,24.3,117.69999999999999,9.0,84.39999999999999,117.69999999999999,1.3945497630331753
2026-02-15 06:30:00,93.1,24.3,117.39999999999999,9.0,84.1,117.39999999999999,1.3959571938168847
2026-02-15 07:00:00,93.30000000000001,24.2,117.50000000000001,6.0,87.30000000000001,117.50000000000001,1.3459335624284077
2026-02-15 07:30:00,93.7,24.3,118.0,8.0,85.7,118.0,1.3768961493582264
2026-02-15 08:00:00,93.6,24.7,118.3,7.0,86.6,118.3,1.3660508083140879
2026-02-15 08:30:00,93.6,25.7,119.3,9.0,84.6,119.3,1.4101654846335698
2026-02-15 09:00:00,93.39999999999999,26.8,120.19999999999999,7.0,86.39999999999999,120.19999999999999,1.3912037037037037
2026-02-15 09:30:00,93.1,26.9,120.0,9.0,84.1,120.0,1.4268727705112962
2026-02-15 10:00:00,92.89999999999999,27.1,120.0,10.0,82.89999999999999,120.0,1.4475271411338964
2026-02-15 10:30:00,93.0,27.4,120.4,8.0,85.0,120.4,1.4164705882352941
2026-02-15 11:00:00,93.1,27.8,120.89999999999999,7.0,86.1,120.89999999999999,1.4041811846689896
2026-02-15 11:30:00,93.0,27.9,120.9,8.0,85.0,120.9,1.4223529411764706
2026-02-15 12:00:00,93.1,28.1,121.19999999999999,6.0,87.1,121.19999999999999,1.39150401836969
2026-02-15 12:30:00,93.0,28.3,121.3,9.0,84.0,121.3,1.444047619047619
2026-02-15 13:00:00,92.9,28.4,121.30000000000001,7.0,85.9,121.30000000000001,1.4121071012805588
2026-02-15 13:30:00,93.30000000000001,28.2,121.50000000000001,12.0,81.30000000000001,121.50000000000001,1.4944649446494465
2026-02-15 14:00:00,93.4,27.4,120.80000000000001,9.0,84.4,120.80000000000001,1.4312796208530807
2026-02-15 14:30:00,93.19999999999999,28.2,121.39999999999999,8.0,85.19999999999999,121.39999999999999,1.4248826291079812
2026-02-15 15:00:00,93.60000000000001,27.9,121.5,7.0,86.60000000000001,121.5,1.403002309468822
2026-02-15 15:30:00,93.1,28.2,121.3,8.0,85.1,121.3,1.4253819036427733
2026-02-15 16:00:00,93.1,27.9,121.0,7.0,86.1,121.0,1.40534262485482
2026-02-15 16:30:00,93.30000000000001,28.4,121.70000000000002,8.0,85.30000000000001,121.70000000000002,1.4267291910902697
2026-02-15 17:00:00,93.6,28.2,121.8,7.0,86.6,121.8,1.4064665127020786
2026-02-15 17:30:00,93.4,28.4,121.80000000000001,9.0,84.4,121.80000000000001,1.4431279620853081
2026-02-15 18:00:00,93.6,28.7,122.3,9.0,84.6,122.3,1.4456264775413712
2026-02-15 18:30:00,93.5,28.8,122.3,9.0,84.5,122.3,1.4473372781065088
2026-02-15 19:00:00,93.3,28.5,121.8,6.0,87.3,121.8,1.395189003436426
2026-02-15 19:30:00,93.0,28.2,121.2,7.0,86.0,121.2,1.4093023255813955
2026-02-15 20:00:00,93.4,27.5,120.9,8.0,85.4,120.9,1.4156908665105385
2026-02-15 20:30:00,93.69999999999999,26.6,120.29999999999998,9.0,84.69999999999999,120.29999999999998,1.4203069657615113
2026-02-15 21:00:00,93.69999999999999,26.9,120.6,7.0,86.69999999999999,120.6,1.3910034602076127
2026-02-15 21:30:00,93.7,26.8,120.5,9.0,84.7,120.5,1.422668240850059
2026-02-15 22:00:00,93.1,26.6,119.69999999999999,9.0,84.1,119.69999999999999,1.4233055885850179
2026-02-15 22:30:00,93.2,26.2,119.4,8.0,85.2,119.4,1.4014084507042253
2026-02-15 23:00:00,93.0,26.0,119.0,7.0,86.0,119.0,1.3837209302325582
2026-02-15 23:30:00,92.89999999999999,25.8,118.69999999999999,7.0,85.89999999999999,118.69999999999999,1.3818393480791618
2026-02-16 00:00:00,93.9,26.7,120.60000000000001,8.0,85.9,120.60000000000001,1.4039580908032596
2026-02-16 00:30:00,92.89999999999999,25.8,118.69999999999999,8.0,84.89999999999999,118.69999999999999,1.39811542991755
2026-02-16 01:00:00,93.2,25.9,119.1,8.0,85.2,119.1,1.3978873239436618
2026-02-16 01:30:00,93.4,25.7,119.10000000000001,9.0,84.4,119.10000000000001,1.411137440758294
2026-02-16 02:00:00,93.5,25.7,119.2,8.0,85.5,119.2,1.3941520467836257
2026-02-16 02:30:00,93.5,25.3,118.8,10.0,83.5,118.8,1.4227544910179641
2026-02-16 03:00:00,92.9,25.0,117.9,8.0,84.9,117.9,1.3886925795053002
2026-02-16 03:30:00,93.1,24.9,118.0,7.0,86.1,118.0,1.3704994192799071
2026-02-16 04:00:00,93.1,24.9,118.0,8.0,85.1,118.0,1.3866039952996476
2026-02-16 04:30:00,93.5,24.8,118.3,8.0,85.5,118.3,1.383625730994152
2026-02-16 05:00:00,93.3,24.8,118.1,9.0,84.3,118.1,1.4009489916963227
2026-02-16 05:30:00,93.1,24.6,117.69999999999999,9.0,84.1,117.69999999999999,1.3995243757431628
2026-02-16 06:00:00,93.0,24.6,117.6,8.0,85.0,117.6,1.383529411764706
2026-02-16 06:30:00,93.30000000000001,24.5,117.80000000000001,7.0,86.30000000000001,117.80000000000001,1.3650057937427578
2026-02-16 07:00:00,93.69999999999999,24.6,118.29999999999998,8.0,85.69999999999999,118.29999999999998,1.380396732788798
2026-02-16 07:30:00,93.69999999999999,23.8,117.49999999999999,7.0,86.69999999999999,117.49999999999999,1.3552479815455594
2026-02-16 08:00:00,93.6,23.8,117.39999999999999,8.0,85.6,117.39999999999999,1.3714953271028036
2026-02-16 08:30:00,93.2,24.4,117.6,8.0,85.2,117.6,1.380281690140845
2026-02-16 09:00:00,93.6,25.1,118.69999999999999,8.0,85.6,118.69999999999999,1.3866822429906542
2026-02-16 09:30:00,93.5,26.0,119.5,9.0,84.5,119.5,1.4142011834319526
2026-02-16 10:00:00,93.6,26.9,120.5,8.0,85.6,120.5,1.407710280373832
2026-02-16 10:30:00,93.4,27.4,120.80000000000001,7.0,86.4,120.80000000000001,1.3981481481481481
2026-02-16 11:00:00,94.19999999999999,27.5,121.69999999999999,6.0,88.19999999999999,121.69999999999999,1.3798185941043084
2026-02-16 11:30:00,94.1,28.3,122.39999999999999,10.0,84.1,122.39999999999999,1.455410225921522
2026-02-16 12:00:00,94.2,28.1,122.30000000000001,8.0,86.2,122.30000000000001,1.4187935034802786
2026-02-16 12:30:00,94.30000000000001,28.5,122.80000000000001,8.0,86.30000000000001,122.80000000000001,1.4229432213209734
2026-02-16 13:00:00,94.7,28.7,123.4,8.0,86.7,123.4,1.4232987312572087
2026-02-16 13:30:00,94.5,29.0,123.5,9.0,85.5,123.5,1.4444444444444444
2026-02-16 14:00:00,94.60000000000001,29.1,123.70000000000002,7.0,87.60000000000001,123.70000000000002,1.4121004566210047
2026-02-16 14:30:00,93.9,28.2,122.10000000000001,7.0,86.9,122.10000000000001,1.4050632911392404
2026-02-16 15:00:00,94.0,27.9,121.9,7.0,87.0,121.9,1.4011494252873564
2026-02-16 15:30:00,94.2,28.8,123.0,9.0,85.2,123.0,1.4436619718309858
2026-02-16 16:00:00,94.0,29.1,123.1,10.0,84.0,123.1,1.4654761904761904
2026-02-16 16:30:00,94.1,28.8,122.89999999999999,10.0,84.1,122.89999999999999,1.4613555291319857
2026-02-16 17:00:00,94.80000000000001,28.4,123.20000000000002,8.0,86.80000000000001,123.20000000000002,1.4193548387096775
2026-02-16 17:30:00,94.30000000000001,28.6,122.9,8.0,86.30000000000001,122.9,1.4241019698725375
2026-02-16 18:00:00,94.6,29.0,123.6,7.0,87.6,123.6,1.4109589041095891
2026-02-16 18:30:00,94.30000000000001,29.0,123.30000000000001,8.0,86.30000000000001,123.30000000000001,1.4287369640787948
2026-02-16 19:00:00,94.9,28.6,123.5,7.0,87.9,123.5,1.4050056882821387
2026-02-16 19:30:00,95.0,28.2,123.2,9.0,86.0,123.2,1.4325581395348836
2026-02-16 20:00:00,94.9,27.1,122.0,7.0,87.9,122.0,1.3879408418657564
2026-02-16 20:30:00,94.8,27.2,122.0,9.0,85.8,122.0,1.421911421911422
2026-02-16 21:00:00,94.6,27.1,121.69999999999999,8.0,86.6,121.69999999999999,1.405311778290993
2026-02-16 21:30:00,94.8,26.8,121.6,9.0,85.8,121.6,1.4172494172494172
2026-02-16 22:00:00,94.80000000000001,26.4,121.20000000000002,6.0,88.80000000000001,121.20000000000002,1.364864864864865
2026-02-16 22:30:00,94.5,26.3,120.8,8.0,86.5,120.8,1.3965317919075144
2026-02-16 23:00:00,95.0,26.1,121.1,7.0,88.0,121.1,1.3761363636363635
2026-02-16 23:30:00,94.6,25.9,120.5,9.0,85.6,120.5,1.407710280373832
2026-02-17 00:00:00,94.2,25.2,119.4,8.0,86.2,119.4,1.3851508120649652
2026-02-17 00:30:00,94.80000000000001,25.6,120.4,9.0,85.80000000000001,120.4,1.403263403263403
2026-02-17 01:00:00,94.9,25.7,120.60000000000001,8.0,86.9,120.60000000000001,1.3878020713463752
2026-02-17 01:30:00,94.60000000000001,25.6,120.20000000000002,8.0,86.60000000000001,120.20000000000002,1.3879907621247114
2026-02-17 02:00:00,95.10000000000001,25.4,120.5,7.0,88.10000000000001,120.5,1.3677639046538024
2026-02-17 02:30:00,95.4,24.8,120.2,7.0,88.4,120.2,1.3597285067873304
2026-02-17 03:00:00,95.39999999999999,24.7,120.1,9.0,86.39999999999999,120.1,1.3900462962962963
2026-02-17 03:30:00,94.9,24.4,119.30000000000001,9.0,85.9,119.30000000000001,1.388824214202561
2026-02-17 04:00:00,94.6,24.1,118.69999999999999,7.0,87.6,118.69999999999999,1.3550228310502284
2026-02-17 04:30:00,94.5,24.2,118.7,9.0,85.5,118.7,1.3883040935672515
2026-02-17 05:00:00,94.1,24.1,118.19999999999999,10.0,84.1,118.19999999999999,1.4054696789536265
2026-02-17 05:30:00,93.8,23.9,117.69999999999999,7.0,86.8,117.69999999999999,1.3559907834101381
2026-02-17 06:00:00,93.9,23.8,117.7,8.0,85.9,117.7,1.3701979045401629
2026-02-17 06:30:00,93.89999999999999,23.7,117.6,7.0,86.89999999999999,117.6,1.3532796317606446
2026-02-17 07:00:00,94.1,23.8,117.89999999999999,9.0,85.1,117.89999999999999,1.3854289071680377
2026-02-17 07:30:00,94.0,24.0,118.0,8.0,86.0,118.0,1.372093023255814
2026-02-17 08:00:00,94.1,23.5,117.6,8.0,86.1,117.6,1.3658536585365855
2026-02-17 08:30:00,93.7,23.5,117.2,8.0,85.7,117.2,1.367561260210035
2026-02-17 09:00:00,94.0,23.9,117.9,8.0,86.0,117.9,1.3709302325581396
2026-02-17 09:30:00,93.89999999999999,24.4,118.29999999999998,8.0,85.89999999999999,118.29999999999998,1.3771827706635622
2026-02-17 10:00:00,93.8,24.8,118.6,7.0,86.8,118.6,1.3663594470046083
2026-02-17 10:30:00,93.7,25.3,119.0,7.0,86.7,119.0,1.3725490196078431
2026-02-17 11:00:00,93.5,25.6,119.1,9.0,84.5,119.1,1.4094674556213016
2026-02-17 11:30:00,93.6,21.5,115.1,8.0,85.6,115.1,1.344626168224299
2026-02-17 12:00:00,93.5,24.7,118.2,8.0,85.5,118.2,1.3824561403508773
2026-02-17 12:30:00,93.60000000000001,25.2,118.80000000000001,9.0,84.60000000000001,118.80000000000001,1.4042553191489362
2026-02-17 13:00:00,93.39999999999999,25.6,119.0,9.0,84.39999999999999,119.0,1.4099526066350712
2026-02-17 13:30:00,93.1,26.0,119.1,7.0,86.1,119.1,1.3832752613240418
2026-02-17 14:00:00,93.6,26.8,120.39999999999999,7.0,86.6,120.39999999999999,1.3903002309468822
2026-02-17 14:30:00,93.8,27.0,120.8,8.0,85.8,120.8,1.407925407925408
2026-02-17 15:00:00,94.0,26.7,120.7,9.0,85.0,120.7,1.42
2026-02-17 15:30:00,94.1,27.3,121.39999999999999,8.0,86.1,121.39999999999999,1.4099883855981417
2026-02-17 16:00:00,94.2,27.4,121.6,8.0,86.2,121.6,1.4106728538283062
2026-02-17 16:30:00,94.19999999999999,27.4,121.6,8.0,86.19999999999999,121.6,1.4106728538283064
2026-02-17 17:00:00,93.4,27.0,120.4,7.0,86.4,120.4,1.3935185185185186
2026-02-17 17:30:00,93.9,26.9,120.80000000000001,8.0,85.9,120.80000000000001,1.4062863795110594
2026-02-17 18:00:00,94.3,27.6,121.9,7.0,87.3,121.9,1.3963344788087058
2026-02-17 18:30:00,94.4,27.6,122.0,10.0,84.4,122.0,1.4454976303317535
2026-02-17 19:00:00,94.4,27.5,121.9,9.0,85.4,121.9,1.4274004683840749
2026-02-17 19:30:00,94.19999999999999,26.4,120.6,9.0,85.19999999999999,120.6,1.415492957746479
2026-02-17 20:00:00,94.4,25.9,120.30000000000001,8.0,86.4,120.30000000000001,1.3923611111111112
2026-02-17 20:30:00,94.30000000000001,25.5,119.80000000000001,8.0,86.30000000000001,119.80000000000001,1.388180764774044
2026-02-17 21:00:00,94.4,25.1,119.5,7.0,87.4,119.5,1.3672768878718535
2026-02-17 21:30:00,94.4,24.8,119.2,7.0,87.4,119.2,1.3638443935926774
2026-02-17 22:00:00,93.9,24.5,118.4,7.0,86.9,118.4,1.3624856156501726
2026-02-17 22:30:00,93.1,24.1,117.19999999999999,9.0,84.1,117.19999999999999,1.393579072532699
2026-02-17 23:00:00,93.5,23.8,117.3,9.0,84.5,117.3,1.3881656804733729
2026-02-17 23:30:00,93.30000000000001,23.6,116.9,7.0,86.30000000000001,116.9,1.354577056778679
2026-02-18 00:00:00,92.80000000000001,25.1,117.9,9.0,83.80000000000001,117.9,1.4069212410501193
2026-02-18 00:30:00,93.7,23.9,117.6,8.0,85.7,117.6,1.3722287047841306
2026-02-18 01:00:00,93.7,23.8,117.5,7.0,86.7,117.5,1.3552479815455594
2026-02-18 01:30:00,93.5,23.7,117.2,8.0,85.5,117.2,1.3707602339181286
2026-02-18 02:00:00,93.7,23.7,117.4,8.0,85.7,117.4,1.369894982497083
2026-02-18 02:30:00,93.5,23.4,116.9,9.0,84.5,116.9,1.383431952662722
2026-02-18 03:00:00,93.70000000000002,23.3,117.00000000000001,8.0,85.70000000000002,117.00000000000001,1.365227537922987
2026-02-18 03:30:00,93.4,23.4,116.80000000000001,8.0,85.4,116.80000000000001,1.3676814988290398
2026-02-18 04:00:00,93.6,23.6,117.19999999999999,8.0,85.6,117.19999999999999,1.3691588785046729
2026-02-18 04:30:00,93.19999999999999,23.6,116.79999999999998,8.0,85.19999999999999,116.79999999999998,1.3708920187793427
2026-02-18 05:00:00,93.2,23.6,116.80000000000001,7.0,86.2,116.80000000000001,1.3549883990719258
2026-02-18 05:30:00,93.0,23.6,116.6,7.0,86.0,116.6,1.355813953488372
2026-02-18 06:00:00,92.7,23.4,116.1,8.0,84.7,116.1,1.3707201889020069
2026-02-18 06:30:00,92.30000000000001,23.4,115.70000000000002,9.0,83.30000000000001,115.70000000000002,1.3889555822328932
2026-02-18 07:00:00,92.19999999999999,23.4,115.6,9.0,83.19999999999999,115.6,1.389423076923077
2026-02-18 07:30:00,91.69999999999999,22.4,114.1,8.0,83.69999999999999,114.1,1.3632019115890084
2026-02-18 08:00:00,91.60000000000001,22.8,114.4,9.0,82.60000000000001,114.4,1.3849878934624698
2026-02-18 08:30:00,91.2,24.1,115.30000000000001,8.0,83.2,115.30000000000001,1.3858173076923077
2026-02-18 09:00:00,91.5,24.6,116.1,8.0,83.5,116.1,1.3904191616766466
2026-02-18 09:30:00,91.9,25.1,117.0,7.0,84.9,117.0,1.3780918727915192
2026-02-18 10:00:00,90.9,25.1,116.0,8.0,82.9,116.0,1.3992762364294329
2026-02-18 10:30:00,91.1,25.4,116.5,10.0,81.1,116.5,1.4364981504315661
2026-02-18 11:00:00,91.3,25.8,117.1,8.0,83.3,117.1,1.4057623049219687
2026-02-18 11:30:00,91.39999999999999,25.8,117.19999999999999,8.0,83.39999999999999,117.19999999999999,1.4052757793764987
2026-02-18 12:00:00,91.2,25.8,117.0,8.0,83.2,117.0,1.40625
2026-02-18 12:30:00,90.60000000000001,25.8,116.4,7.0,83.60000000000001,116.4,1.3923444976076553
2026-02-18 13:00:00,90.9,25.9,116.80000000000001,6.0,84.9,116.80000000000001,1.375736160188457
2026-02-18 13:30:00,91.19999999999999,26.1,117.29999999999998,9.0,82.19999999999999,117.29999999999998,1.427007299270073
2026-02-18 14:00:00,91.0,26.1,117.1,8.0,83.0,117.1,1.4108433734939758
2026-02-18 14:30:00,90.7,26.0,116.7,10.0,80.7,116.7,1.4460966542750928
2026-02-18 15:00:00,91.30000000000001,26.2,117.50000000000001,8.0,83.30000000000001,117.50000000000001,1.4105642256902762
2026-02-18 15:30:00,91.0,26.1,117.1,8.0,83.0,117.1,1.4108433734939758
2026-02-18 16:00:00,91.19999999999999,26.1,117.29999999999998,8.0,83.19999999999999,117.29999999999998,1.4098557692307692
2026-02-18 16:30:00,92.3,26.3,118.6,7.0,85.3,118.6,1.3903868698710433
2026-02-18 17:00:00,93.4,26.6,120.0,6.0,87.4,120.0,1.3729977116704806
2026-02-18 17:30:00,94.0,26.9,120.9,8.0,86.0,120.9,1.4058139534883722
2026-02-18 18:00:00,94.0,27.1,121.1,9.0,85.0,121.1,1.424705882352941
2026-02-18 18:30:00,93.69999999999999,27.3,120.99999999999999,8.0,85.69999999999999,120.99999999999999,1.411901983663944
2026-02-18 19:00:00,93.6,26.8,120.39999999999999,9.0,84.6,120.39999999999999,1.4231678486997636
2026-02-18 19:30:00,93.6,26.0,119.6,8.0,85.6,119.6,1.397196261682243
2026-02-18 20:00:00,94.2,26.4,120.6,9.0,85.2,120.6,1.4154929577464788
2026-02-18 20:30:00,94.5,26.5,121.0,6.0,88.5,121.0,1.3672316384180792
2026-02-18 21:00:00,94.5,25.9,120.4,9.0,85.5,120.4,1.408187134502924
2026-02-18 21:30:00,94.7,25.8,120.5,8.0,86.7,120.5,1.389850057670127
2026-02-18 22:00:00,94.9,25.9,120.80000000000001,9.0,85.9,120.80000000000001,1.4062863795110594
2026-02-18 22:30:00,95.10000000000001,25.4,120.5,8.0,87.10000000000001,120.5,1.383467278989667
2026-02-18 23:00:00,95.3,25.8,121.1,10.0,85.3,121.1,1.4196951934349356
2026-02-18 23:30:00,95.3,25.6,120.9,8.0,87.3,120.9,1.3848797250859108
2026-02-19 00:00:00,95.4,26.1,121.5,8.0,87.4,121.5,1.3901601830663615
2026-02-19 00:30:00,94.8,25.8,120.6,7.0,87.8,120.6,1.3735763097949887
2026-02-19 01:00:00,95.10000000000001,25.6,120.70000000000002,6.0,89.10000000000001,120.70000000000002,1.3546576879910215
2026-02-19 01:30:00,95.10000000000001,25.7,120.80000000000001,8.0,87.10000000000001,120.80000000000001,1.3869115958668197
2026-02-19 02:00:00,94.6,25.4,120.0,9.0,85.6,120.0,1.4018691588785048
2026-02-19 02:30:00,94.8,24.9,119.69999999999999,8.0,86.8,119.69999999999999,1.379032258064516
2026-02-19 03:00:00,94.9,24.7,119.60000000000001,10.0,84.9,119.60000000000001,1.408716136631331
2026-02-19 03:30:00,94.69999999999999,24.7,119.39999999999999,8.0,86.69999999999999,119.39999999999999,1.3771626297577855
2026-02-19 04:00:00,94.69999999999999,24.7,119.39999999999999,8.0,86.69999999999999,119.39999999999999,1.3771626297577855
2026-02-19 04:30:00,94.5,24.7,119.2,5.0,89.5,119.2,1.3318435754189943
2026-02-19 05:00:00,94.4,24.6,119.0,9.0,85.4,119.0,1.3934426229508197
2026-02-19 05:30:00,94.5,24.4,118.9,7.0,87.5,118.9,1.358857142857143
2026-02-19 06:00:00,94.9,24.7,119.60000000000001,9.0,85.9,119.60000000000001,1.3923166472642607
2026-02-19 06:30:00,94.80000000000001,24.3,119.10000000000001,8.0,86.80000000000001,119.10000000000001,1.3721198156682026
2026-02-19 07:00:00,94.69999999999999,24.4,119.1,9.0,85.69999999999999,119.1,1.3897316219369895
2026-02-19 07:30:00,95.1,23.5,118.6,8.0,87.1,118.6,1.3616532721010333
2026-02-19 08:00:00,95.1,24.2,119.3,9.0,86.1,119.3,1.3855981416957028
2026-02-19 08:30:00,95.19999999999999,25.2,120.39999999999999,5.0,90.19999999999999,120.39999999999999,1.3348115299334813
2026-02-19 09:00:00,94.80000000000001,25.6,120.4,9.0,85.80000000000001,120.4,1.403263403263403
2026-02-19 09:30:00,95.1,26.0,121.1,8.0,87.1,121.1,1.3903559127439724
2026-02-19 10:00:00,95.0,26.3,121.3,8.0,87.0,121.3,1.3942528735632183
2026-02-19 10:30:00,95.1,26.6,121.69999999999999,9.0,86.1,121.69999999999999,1.413472706155633
2026-02-19 11:00:00,95.3,26.7,122.0,10.0,85.3,122.0,1.4302461899179368
2026-02-19 11:30:00,95.89999999999999,26.8,122.69999999999999,9.0,86.89999999999999,122.69999999999999,1.4119677790563867
2026-02-19 12:00:00,96.2,26.9,123.1,6.0,90.2,123.1,1.3647450110864745
2026-02-19 12:30:00,95.9,26.9,122.80000000000001,7.0,88.9,122.80000000000001,1.3813273340832397
2026-02-19 13:00:00,95.89999999999999,27.1,123.0,8.0,87.89999999999999,123.0,1.3993174061433449
2026-02-19 13:30:00,95.89999999999999,27.2,123.1,9.0,86.89999999999999,123.1,1.4165707710011508
2026-02-19 14:00:00,95.8,27.4,123.19999999999999,7.0,88.8,123.19999999999999,1.3873873873873872
2026-02-19 14:30:00,95.39999999999999,27.3,122.69999999999999,9.0,86.39999999999999,122.69999999999999,1.4201388888888888
2026-02-19 15:00:00,95.7,27.3,123.0,9.0,86.7,123.0,1.4186851211072664
2026-02-19 15:30:00,95.4,27.4,122.80000000000001,6.0,89.4,122.80000000000001,1.3736017897091723
2026-02-19 16:00:00,96.4,27.6,124.0,9.0,87.4,124.0,1.4187643020594964
2026-02-19 16:30:00,96.1,27.9,124.0,7.0,89.1,124.0,1.3916947250280585
2026-02-19 17:00:00,96.7,27.7,124.4,8.0,88.7,124.4,1.402480270574972
2026-02-19 17:30:00,96.6,27.9,124.5,8.0,88.6,124.5,1.4051918735891649
2026-02-19 18:00:00,96.0,27.8,123.8,8.0,88.0,123.8,1.4068181818181817
2026-02-19 18:30:00,95.7,28.1,123.80000000000001,10.0,85.7,123.80000000000001,1.4445740956826139
2026-02-19 19:00:00,96.19999999999999,27.7,123.89999999999999,9.0,87.19999999999999,123.89999999999999,1.4208715596330277
2026-02-19 19:30:00,95.89999999999999,27.4,123.29999999999998,6.0,89.89999999999999,123.29999999999998,1.3715239154616239
2026-02-19 20:00:00,95.7,26.9,122.6,6.0,89.7,122.6,1.366778149386845
2026-02-19 20:30:00,95.5,26.6,122.1,9.0,86.5,122.1,1.4115606936416185
2026-02-19 21:00:00,95.6,26.3,121.89999999999999,8.0,87.6,121.89999999999999,1.3915525114155252
2026-02-19 21:30:00,95.9,26.3,122.2,8.0,87.9,122.2,1.3902161547212741
2026-02-19 22:00:00,95.99999999999999,26.1,122.1,8.0,87.99999999999999,122.1,1.3875000000000002
2026-02-19 22:30:00,95.89999999999999,26.1,122.0,9.0,86.89999999999999,122.0,1.4039125431530497
2026-02-19 23:00:00,95.9,25.7,121.60000000000001,10.0,85.9,121.60000000000001,1.4155995343422585
2026-02-19 23:30:00,95.19999999999999,25.5,120.69999999999999,4.0,91.19999999999999,120.69999999999999,1.3234649122807018
2026-02-20 00:00:00,95.3,27.3,122.6,9.0,86.3,122.6,1.4206257242178446
2026-02-20 00:30:00,94.60000000000001,25.4,120.0,10.0,84.60000000000001,120.0,1.4184397163120566
2026-02-20 01:00:00,94.89999999999999,25.6,120.5,6.0,88.89999999999999,120.5,1.3554555680539935
2026-02-20 01:30:00,95.1,25.6,120.69999999999999,10.0,85.1,120.69999999999999,1.418331374853114
2026-02-20 02:00:00,95.10000000000001,25.7,120.80000000000001,8.0,87.10000000000001,120.80000000000001,1.3869115958668197
2026-02-20 02:30:00,94.69999999999999,25.0,119.69999999999999,9.0,85.69999999999999,119.69999999999999,1.3967327887981331
2026-02-20 03:00:00,94.69999999999999,24.8,119.49999999999999,9.0,85.69999999999999,119.49999999999999,1.3943990665110853
2026-02-20 03:30:00,94.6,24.8,119.39999999999999,4.0,90.6,119.39999999999999,1.3178807947019868
2026-02-20 04:00:00,94.4,24.7,119.10000000000001,8.0,86.4,119.10000000000001,1.3784722222222223
2026-02-20 04:30:00,94.69999999999999,24.8,119.49999999999999,9.0,85.69999999999999,119.49999999999999,1.3943990665110853
2026-02-20 05:00:00,94.5,24.5,119.0,9.0,85.5,119.0,1.391812865497076
2026-02-20 05:30:00,94.7,24.6,119.30000000000001,8.0,86.7,119.30000000000001,1.3760092272203
2026-02-20 06:00:00,94.8,24.6,119.4,9.0,85.8,119.4,1.3916083916083917
2026-02-20 06:30:00,95.0,24.6,119.6,9.0,86.0,119.6,1.3906976744186046
2026-02-20 07:00:00,95.0,24.6,119.6,6.0,89.0,119.6,1.3438202247191011
2026-02-20 07:30:00,94.89999999999999,23.4,118.29999999999998,7.0,87.89999999999999,118.29999999999998,1.3458475540386803
2026-02-20 08:00:00,95.0,24.1,119.1,8.0,87.0,119.1,1.3689655172413793
2026-02-20 08:30:00,94.80000000000001,25.2,120.00000000000001,7.0,87.80000000000001,120.00000000000001,1.366742596810934
2026-02-20 09:00:00,95.0,26.1,121.1,8.0,87.0,121.1,1.3919540229885057
2026-02-20 09:30:00,95.1,26.9,122.0,9.0,86.1,122.0,1.4169570267131244
2026-02-20 10:00:00,95.6,27.6,123.19999999999999,9.0,86.6,123.19999999999999,1.4226327944572748
2026-02-20 10:30:00,96.1,27.6,123.69999999999999,9.0,87.1,123.69999999999999,1.4202066590126292
2026-02-20 11:00:00,96.7,28.1,124.80000000000001,6.0,90.7,124.80000000000001,1.3759647188533628
2026-02-20 11:30:00,96.6,28.4,125.0,6.0,90.6,125.0,1.3796909492273732
2026-02-20 12:00:00,95.7,28.4,124.1,9.0,86.7,124.1,1.4313725490196076
2026-02-20 12:30:00,94.69999999999999,28.6,123.29999999999998,8.0,86.69999999999999,123.29999999999998,1.4221453287197232
2026-02-20 13:00:00,95.2,28.7,123.9,8.0,87.2,123.9,1.4208715596330275
2026-02-20 13:30:00,95.0,28.8,123.8,10.0,85.0,123.8,1.4564705882352942
2026-02-20 14:00:00,95.19999999999999,29.1,124.29999999999998,10.0,85.19999999999999,124.29999999999998,1.4589201877934272
2026-02-20 14:30:00,95.4,29.4,124.80000000000001,9.0,86.4,124.80000000000001,1.4444444444444444
2026-02-20 15:00:00,95.7,29.6,125.30000000000001,4.0,91.7,125.30000000000001,1.3664122137404582
2026-02-20 15:30:00,95.69999999999999,29.9,125.6,8.0,87.69999999999999,125.6,1.4321550741163056
2026-02-20 16:00:00,95.80000000000001,29.9,125.70000000000002,10.0,85.80000000000001,125.70000000000002,1.465034965034965
2026-02-20 16:30:00,95.7,30.0,125.7,6.0,89.7,125.7,1.4013377926421404
2026-02-20 17:00:00,95.9,30.3,126.2,10.0,85.9,126.2,1.469150174621653
2026-02-20 17:30:00,96.0,30.5,126.5,9.0,87.0,126.5,1.4540229885057472
2026-02-20 18:00:00,96.1,30.6,126.69999999999999,9.0,87.1,126.69999999999999,1.4546498277841562
2026-02-20 18:30:00,95.8,30.3,126.1,8.0,87.8,126.1,1.4362186788154898
2026-02-20 19:00:00,95.39999999999999,29.7,125.1,4.0,91.39999999999999,125.1,1.3687089715536105
2026-02-20 19:30:00,95.19999999999999,29.3,124.49999999999999,9.0,86.19999999999999,124.49999999999999,1.4443155452436196
2026-02-20 20:00:00,95.5,28.7,124.2,8.0,87.5,124.2,1.4194285714285715
2026-02-20 20:30:00,95.5,28.3,123.8,7.0,88.5,123.8,1.3988700564971752
2026-02-20 21:00:00,95.4,28.1,123.5,9.0,86.4,123.5,1.4293981481481481
2026-02-20 21:30:00,94.9,27.9,122.80000000000001,9.0,85.9,122.80000000000001,1.4295692665890571
2026-02-20 22:00:00,95.6,27.8,123.39999999999999,9.0,86.6,123.39999999999999,1.4249422632794457
2026-02-20 22:30:00,95.8,27.7,123.5,7.0,88.8,123.5,1.3907657657657657
2026-02-20 23:00:00,95.30000000000001,27.4,122.70000000000002,5.0,90.30000000000001,122.70000000000002,1.3588039867109634
2026-02-20 23:30:00,95.2,27.0,122.2,9.0,86.2,122.2,1.4176334106728539
2026-02-21 00:00:00,95.10000000000001,30.3,125.4,7.0,88.10000000000001,125.4,1.423382519863791
2026-02-21 00:30:00,94.20000000000002,27.2,121.40000000000002,8.0,86.20000000000002,121.40000000000002,1.408352668213457
2026-02-21 01:00:00,95.30000000000001,27.3,122.60000000000001,9.0,86.30000000000001,122.60000000000001,1.4206257242178446
2026-02-21 01:30:00,95.1,27.4,122.5,9.0,86.1,122.5,1.4227642276422765
2026-02-21 02:00:00,94.7,27.6,122.30000000000001,10.0,84.7,122.30000000000001,1.4439197166469895
2026-02-21 02:30:00,94.4,26.9,121.30000000000001,7.0,87.4,121.30000000000001,1.3878718535469108
2026-02-21 03:00:00,94.3,26.8,121.1,7.0,87.3,121.1,1.3871706758304696
2026-02-21 03:30:00,93.9,26.6,120.5,10.0,83.9,120.5,1.436233611442193
2026-02-21 04:00:00,94.0,26.0,120.0,7.0,87.0,120.0,1.3793103448275863
2026-02-21 04:30:00,95.0,25.9,120.9,8.0,87.0,120.9,1.389655172413793
2026-02-21 05:00:00,95.30000000000001,26.0,121.30000000000001,9.0,86.30000000000001,121.30000000000001,1.4055619930475087
2026-02-21 05:30:00,95.30000000000001,26.1,121.4,9.0,86.30000000000001,121.4,1.4067207415990728
2026-02-21 06:00:00,95.4,26.3,121.7,10.0,85.4,121.7,1.4250585480093676
2026-02-21 06:30:00,95.1,26.2,121.3,5.0,90.1,121.3,1.346281908990011
2026-02-21 07:00:00,95.30000000000001,26.2,121.50000000000001,7.0,88.30000000000001,121.50000000000001,1.37599093997735
2026-02-21 07:30:00,95.0,26.2,121.2,9.0,86.0,121.2,1.4093023255813955
2026-02-21 08:00:00,95.0,26.6,121.6,6.0,89.0,121.6,1.3662921348314605
2026-02-21 08:30:00,94.80000000000001,27.4,122.20000000000002,9.0,85.80000000000001,122.20000000000002,1.4242424242424243
2026-02-21 09:00:00,94.6,27.7,122.3,9.0,85.6,122.3,1.4287383177570094
2026-02-21 09:30:00,94.7,28.2,122.9,9.0,85.7,122.9,1.4340723453908986
2026-02-21 10:00:00,95.2,28.7,123.9,7.0,88.2,123.9,1.4047619047619049
2026-02-21 10:30:00,94.80000000000001,29.1,123.9,6.0,88.80000000000001,123.9,1.3952702702702702
2026-02-21 11:00:00,95.10000000000001,29.3,124.4,8.0,87.10000000000001,124.4,1.4282433983926521
2026-02-21 11:30:00,95.0,29.3,124.3,8.0,87.0,124.3,1.428735632183908
2026-02-21 12:00:00,95.60000000000001,29.8,125.4,7.0,88.60000000000001,125.4,1.4153498871331829
2026-02-21 12:30:00,95.5,30.2,125.7,9.0,86.5,125.7,1.453179190751445
2026-02-21 13:00:00,95.3,30.7,126.0,10.0,85.3,126.0,1.477139507620164
2026-02-21 13:30:00,95.30000000000001,33.9,129.20000000000002,8.0,87.30000000000001,129.20000000000002,1.479954180985109
2026-02-21 14:00:00,95.4,34.4,129.8,6.0,89.4,129.8,1.4519015659955257
2026-02-21 14:30:00,95.5,35.8,131.3,8.0,87.5,131.3,1.5005714285714287
2026-02-21 15:00:00,95.5,37.9,133.4,8.0,87.5,133.4,1.5245714285714287
2026-02-21 15:30:00,95.0,38.2,133.2,9.0,86.0,133.2,1.5488372093023255
2026-02-21 16:00:00,95.2,38.8,134.0,8.0,87.2,134.0,1.536697247706422
2026-02-21 16:30:00,95.10000000000001,39.1,134.20000000000002,10.0,85.10000000000001,134.20000000000002,1.5769682726204466
2026-02-21 17:00:00,95.3,38.9,134.2,8.0,87.3,134.2,1.5372279495990835
2026-02-21 17:30:00,95.00000000000001,38.7,133.70000000000002,8.0,87.00000000000001,133.70000000000002,1.5367816091954023
2026-02-21 18:00:00,95.10000000000001,38.3,133.4,7.0,88.10000000000001,133.4,1.514188422247446
2026-02-21 18:30:00,95.3,36.7,132.0,7.0,88.3,132.0,1.4949037372593432
2026-02-21 19:00:00,95.50000000000001,35.4,130.9,10.0,85.50000000000001,130.9,1.5309941520467834
2026-02-21 19:30:00,94.7,33.3,128.0,7.0,87.7,128.0,1.459521094640821
2026-02-21 20:00:00,95.0,30.1,125.1,8.0,87.0,125.1,1.4379310344827585
2026-02-21 20:30:00,95.19999999999999,29.5,124.69999999999999,9.0,86.19999999999999,124.69999999999999,1.4466357308584687
2026-02-21 21:00:00,95.2,29.1,124.30000000000001,8.0,87.2,124.30000000000001,1.4254587155963303
2026-02-21 21:30:00,95.2,28.9,124.1,8.0,87.2,124.1,1.4231651376146788
2026-02-21 22:00:00,95.30000000000001,28.6,123.9,7.0,88.30000000000001,123.9,1.4031710079275197
2026-02-21 22:30:00,95.10000000000001,28.5,123.60000000000001,7.0,88.10000000000001,123.60000000000001,1.4029511918274686
2026-02-21 23:00:00,95.5,28.4,123.9,9.0,86.5,123.9,1.432369942196532
2026-02-21 23:30:00,95.39999999999999,28.3,123.69999999999999,6.0,89.39999999999999,123.69999999999999,1.383668903803132
2026-02-22 00:00:00,94.9,30.4,125.30000000000001,11.0,83.9,125.30000000000001,1.4934445768772349
2026-02-22 00:30:00,95.3,28.2,123.5,8.0,87.3,123.5,1.4146620847651776
2026-02-22 01:00:00,95.3,28.7,124.0,8.0,87.3,124.0,1.420389461626575
2026-02-22 01:30:00,94.7,28.5,123.2,7.0,87.7,123.2,1.4047890535917902
2026-02-22 02:00:00,95.2,28.1,123.30000000000001,7.0,88.2,123.30000000000001,1.3979591836734695
2026-02-22 02:30:00,95.2,28.4,123.6,8.0,87.2,123.6,1.4174311926605503
2026-02-22 03:00:00,95.3,28.1,123.4,8.0,87.3,123.4,1.4135166093928981
2026-02-22 03:30:00,95.2,28.1,123.30000000000001,7.0,88.2,123.30000000000001,1.3979591836734695
2026-02-22 04:00:00,95.10000000000001,28.1,123.20000000000002,9.0,86.10000000000001,123.20000000000002,1.4308943089430894
2026-02-22 04:30:00,95.4,27.9,123.30000000000001,10.0,85.4,123.30000000000001,1.4437939110070257
2026-02-22 05:00:00,95.50000000000001,27.7,123.20000000000002,8.0,87.50000000000001,123.20000000000002,1.408
2026-02-22 05:30:00,95.7,27.8,123.5,8.0,87.7,123.5,1.4082098061573545
2026-02-22 06:00:00,95.3,27.6,122.9,8.0,87.3,122.9,1.4077892325315007
2026-02-22 06:30:00,95.39999999999999,27.5,122.89999999999999,8.0,87.39999999999999,122.89999999999999,1.4061784897025171
2026-02-22 07:00:00,95.6,27.5,123.1,8.0,87.6,123.1,1.4052511415525115
2026-02-22 07:30:00,95.5,27.3,122.8,8.0,87.5,122.8,1.4034285714285715
2026-02-22 08:00:00,95.9,28.2,124.10000000000001,9.0,86.9,124.10000000000001,1.428078250863061
2026-02-22 08:30:00,95.6,29.4,125.0,9.0,86.6,125.0,1.4434180138568131
2026-02-22 09:00:00,95.8,30.0,125.8,7.0,88.8,125.8,1.4166666666666667
2026-02-22 09:30:00,95.69999999999999,30.6,126.29999999999998,7.0,88.69999999999999,126.29999999999998,1.423900789177001
2026-02-22 10:00:00,95.80000000000001,30.9,126.70000000000002,8.0,87.80000000000001,126.70000000000002,1.4430523917995444
2026-02-22 10:30:00,96.0,31.6,127.6,8.0,88.0,127.6,1.45
2026-02-22 11:00:00,96.4,35.5,131.9,8.0,88.4,131.9,1.492081447963801
2026-02-22 11:30:00,96.1,33.8,129.89999999999998,8.0,88.1,129.89999999999998,1.4744608399545969
2026-02-22 12:00:00,96.30000000000001,33.8,130.10000000000002,9.0,87.30000000000001,130.10000000000002,1.4902634593356243
2026-02-22 12:30:00,95.8,34.5,130.3,8.0,87.8,130.3,1.4840546697038726
2026-02-22 13:00:00,95.7,35.0,130.7,8.0,87.7,130.7,1.4903078677309005
2026-02-22 13:30:00,95.60000000000001,35.6,131.20000000000002,7.0,88.60000000000001,131.20000000000002,1.4808126410835214
2026-02-22 14:00:00,95.5,35.7,131.2,8.0,87.5,131.2,1.4994285714285713
2026-02-22 14:30:00,95.19999999999999,35.7,130.89999999999998,7.0,88.19999999999999,130.89999999999998,1.484126984126984
2026-02-22 15:00:00,94.9,36.1,131.0,8.0,86.9,131.0,1.5074798619102416
2026-02-22 15:30:00,94.30000000000001,36.0,130.3,8.0,86.30000000000001,130.3,1.5098493626882965
2026-02-22 16:00:00,94.6,35.3,129.89999999999998,9.0,85.6,129.89999999999998,1.5175233644859811
2026-02-22 16:30:00,94.4,35.0,129.4,8.0,86.4,129.4,1.4976851851851851
2026-02-22 17:00:00,94.0,34.1,128.1,7.0,87.0,128.1,1.4724137931034482
2026-02-22 17:30:00,94.1,33.0,127.1,8.0,86.1,127.1,1.4761904761904763
2026-02-22 18:00:00,94.0,31.0,125.0,8.0,86.0,125.0,1.4534883720930232
2026-02-22 18:30:00,93.5,30.8,124.3,9.0,84.5,124.3,1.4710059171597634
2026-02-22 19:00:00,93.7,29.9,123.6,8.0,85.7,123.6,1.4422403733955658
2026-02-22 19:30:00,93.20000000000002,29.3,122.50000000000001,9.0,84.20000000000002,122.50000000000001,1.4548693586698336
2026-02-22 20:00:00,93.5,28.5,122.0,9.0,84.5,122.0,1.4437869822485208
2026-02-22 20:30:00,93.6,27.9,121.5,8.0,85.6,121.5,1.4193925233644862
2026-02-22 21:00:00,93.80000000000001,27.7,121.50000000000001,8.0,85.80000000000001,121.50000000000001,1.416083916083916
2026-02-22 21:30:00,93.7,27.4,121.1,8.0,85.7,121.1,1.4130688448074677
2026-02-22 22:00:00,93.5,26.9,120.4,8.0,85.5,120.4,1.408187134502924
2026-02-22 22:30:00,93.1,26.8,119.89999999999999,8.0,85.1,119.89999999999999,1.408930669800235
2026-02-22 23:00:00,93.3,26.6,119.9,7.0,86.3,119.9,1.3893395133256083
2026-02-22 23:30:00,93.1,26.4,119.5,9.0,84.1,119.5,1.4209274673008325
2026-02-23 00:00:00,93.1,26.1,119.19999999999999,8.0,85.1,119.19999999999999,1.400705052878966
2026-02-23 00:30:00,93.0,25.1,118.1,8.0,85.0,118.1,1.3894117647058823
2026-02-23 01:00:00,92.80000000000001,24.3,117.10000000000001,7.0,85.80000000000001,117.10000000000001,1.3648018648018647
2026-02-23 01:30:00,92.8,24.2,117.0,8.0,84.8,117.0,1.3797169811320755
2026-02-23 02:00:00,93.0,24.2,117.2,9.0,84.0,117.2,1.3952380952380952
2026-02-23 02:30:00,92.5,23.6,116.1,6.0,86.5,116.1,1.3421965317919073
2026-02-23 03:00:00,92.8,23.4,116.19999999999999,8.0,84.8,116.19999999999999,1.3702830188679245
2026-02-23 03:30:00,92.8,23.3,116.1,9.0,83.8,116.1,1.3854415274463008
2026-02-23 04:00:00,92.80000000000001,23.2,116.00000000000001,8.0,84.80000000000001,116.00000000000001,1.3679245283018868
2026-02-23 04:30:00,92.5,23.0,115.5,8.0,84.5,115.5,1.3668639053254439
2026-02-23 05:00:00,92.69999999999999,22.9,115.6,7.0,85.69999999999999,115.6,1.3488914819136524
2026-02-23 05:30:00,92.9,22.8,115.7,8.0,84.9,115.7,1.3627797408716136
2026-02-23 06:00:00,92.69999999999999,22.9,115.6,9.0,83.69999999999999,115.6,1.3811230585424135
2026-02-23 06:30:00,92.5,22.7,115.2,7.0,85.5,115.2,1.3473684210526315
2026-02-23 07:00:00,92.80000000000001,22.7,115.50000000000001,8.0,84.80000000000001,115.50000000000001,1.3620283018867925
2026-02-23 07:30:00,92.69999999999999,22.5,115.19999999999999,9.0,83.69999999999999,115.19999999999999,1.3763440860215055
2026-02-23 08:00:00,92.9,22.6,115.5,9.0,83.9,115.5,1.3766388557806912
2026-02-23 08:30:00,93.2,23.6,116.80000000000001,10.0,83.2,116.80000000000001,1.403846153846154
2026-02-23 09:00:00,92.8,24.4,117.19999999999999,7.0,85.8,117.19999999999999,1.365967365967366
2026-02-23 09:30:00,92.5,24.9,117.4,9.0,83.5,117.4,1.4059880239520959
2026-02-23 10:00:00,93.30000000000001,25.6,118.9,8.0,85.30000000000001,118.9,1.3939038686987104
2026-02-23 10:30:00,93.0,25.9,118.9,6.0,87.0,118.9,1.3666666666666667
2026-02-23 11:00:00,93.1,26.2,119.3,9.0,84.1,119.3,1.418549346016647
2026-02-23 11:30:00,93.2,27.0,120.2,7.0,86.2,120.2,1.394431554524362
2026-02-23 12:00:00,93.1,27.5,120.6,9.0,84.1,120.6,1.4340071343638525
2026-02-23 12:30:00,93.19999999999999,28.5,121.69999999999999,7.0,86.19999999999999,121.69999999999999,1.411832946635731
2026-02-23 13:00:00,93.9,29.0,122.9,8.0,85.9,122.9,1.4307334109429568
2026-02-23 13:30:00,94.10000000000001,29.5,123.60000000000001,8.0,86.10000000000001,123.60000000000001,1.4355400696864111
2026-02-23 14:00:00,93.69999999999999,29.6,123.29999999999998,8.0,85.69999999999999,123.29999999999998,1.438739789964994
2026-02-23 14:30:00,93.19999999999999,29.5,122.69999999999999,7.0,86.19999999999999,122.69999999999999,1.4234338747099768
2026-02-23 15:00:00,93.1,29.4,122.5,9.0,84.1,122.5,1.4565992865636148
2026-02-23 15:30:00,93.00000000000001,29.3,122.30000000000001,7.0,86.00000000000001,122.30000000000001,1.4220930232558138
2026-02-23 16:00:00,92.89999999999999,29.2,122.1,9.0,83.89999999999999,122.1,1.4553039332538737
2026-02-23 16:30:00,93.0,29.3,122.3,7.0,86.0,122.3,1.422093023255814
2026-02-23 17:00:00,93.19999999999999,28.9,122.1,8.0,85.19999999999999,122.1,1.433098591549296
2026-02-23 17:30:00,93.0,28.2,121.2,8.0,85.0,121.2,1.4258823529411766
2026-02-23 18:00:00,93.80000000000001,28.2,122.00000000000001,7.0,86.80000000000001,122.00000000000001,1.4055299539170507
2026-02-23 18:30:00,94.0,28.3,122.3,9.0,85.0,122.3,1.4388235294117646
2026-02-23 19:00:00,94.0,27.6,121.6,9.0,85.0,121.6,1.4305882352941175
2026-02-23 19:30:00,93.8,27.2,121.0,7.0,86.8,121.0,1.3940092165898619
2026-02-23 20:00:00,93.89999999999999,26.9,120.79999999999998,10.0,83.89999999999999,120.79999999999998,1.4398092967818832
2026-02-23 20:30:00,93.9,26.8,120.7,7.0,86.9,120.7,1.3889528193325662
2026-02-23 21:00:00,93.8,26.9,120.69999999999999,9.0,84.8,120.69999999999999,1.4233490566037734
2026-02-23 21:30:00,93.3,27.1,120.4,9.0,84.3,120.4,1.4282325029655991
2026-02-23 22:00:00,92.9,27.2,120.10000000000001,8.0,84.9,120.10000000000001,1.414605418138987
2026-02-23 22:30:00,92.9,26.5,119.4,8.0,84.9,119.4,1.4063604240282686
2026-02-23 23:00:00,92.80000000000001,27.0,119.80000000000001,8.0,84.80000000000001,119.80000000000001,1.4127358490566038
2026-02-23 23:30:00,93.0,26.4,119.4,8.0,85.0,119.4,1.4047058823529412
2026-02-24 00:00:00,95.9,31.1,127.0,9.0,86.9,127.0,1.4614499424626006
2026-02-24 00:30:00,93.1,26.6,119.69999999999999,7.0,86.1,119.69999999999999,1.3902439024390243
2026-02-24 01:00:00,93.1,27.0,120.1,7.0,86.1,120.1,1.3948896631823462
2026-02-24 01:30:00,93.89999999999999,27.0,120.89999999999999,9.0,84.89999999999999,120.89999999999999,1.4240282685512369
2026-02-24 02:00:00,94.5,26.5,121.0,6.0,88.5,121.0,1.3672316384180792
2026-02-24 02:30:00,94.30000000000001,27.0,121.30000000000001,9.0,85.30000000000001,121.30000000000001,1.4220398593200467
2026-02-24 03:00:00,94.69999999999999,25.6,120.29999999999998,7.0,87.69999999999999,120.29999999999998,1.371721778791334
2026-02-24 03:30:00,94.80000000000001,25.3,120.10000000000001,9.0,85.80000000000001,120.10000000000001,1.3997668997668997
2026-02-24 04:00:00,94.9,24.8,119.7,7.0,87.9,119.7,1.3617747440273038
2026-02-24 04:30:00,95.10000000000001,24.5,119.60000000000001,8.0,87.10000000000001,119.60000000000001,1.373134328358209
2026-02-24 05:00:00,95.3,24.3,119.6,8.0,87.3,119.6,1.3699885452462772
2026-02-24 05:30:00,95.6,24.2,119.8,10.0,85.6,119.8,1.3995327102803738
2026-02-24 06:00:00,96.0,24.3,120.3,6.0,90.0,120.3,1.3366666666666667
2026-02-24 06:30:00,95.7,24.2,119.9,9.0,86.7,119.9,1.3829296424452133
2026-02-24 07:00:00,95.7,24.0,119.7,7.0,88.7,119.7,1.3494926719278466
2026-02-24 07:30:00,95.60000000000001,23.8,119.4,9.0,86.60000000000001,119.4,1.3787528868360277
2026-02-24 08:00:00,95.7,24.3,120.0,6.0,89.7,120.0,1.3377926421404682
2026-02-24 08:30:00,96.1,25.5,121.6,10.0,86.1,121.6,1.4123112659698025
2026-02-24 09:00:00,96.5,27.1,123.6,8.0,88.5,123.6,1.3966101694915254
2026-02-24 09:30:00,96.7,28.8,125.5,9.0,87.7,125.5,1.4310148232611175
2026-02-24 10:00:00,96.5,29.9,126.4,6.0,90.5,126.4,1.3966850828729283
2026-02-24 10:30:00,96.7,30.0,126.7,9.0,87.7,126.7,1.444697833523375
2026-02-24 11:00:00,96.89999999999999,30.0,126.89999999999999,10.0,86.89999999999999,126.89999999999999,1.4602991944764097
2026-02-24 11:30:00,97.5,29.2,126.7,9.0,88.5,126.7,1.431638418079096
2026-02-24 12:00:00,97.3,37.2,134.5,7.0,90.3,134.5,1.4894795127353266
2026-02-24 12:30:00,97.3,39.1,136.4,8.0,89.3,136.4,1.5274356103023516
2026-02-24 13:00:00,97.3,39.8,137.1,8.0,89.3,137.1,1.5352743561030235
2026-02-24 13:30:00,96.5,39.9,136.4,8.0,88.5,136.4,1.5412429378531074
2026-02-24 14:00:00,97.3,39.8,137.1,7.0,90.3,137.1,1.5182724252491695
2026-02-24 14:30:00,97.2,39.8,137.0,7.0,90.2,137.0,1.5188470066518847
2026-02-24 15:00:00,97.30000000000001,40.0,137.3,9.0,88.30000000000001,137.3,1.5549263873159682
2026-02-24 15:30:00,96.80000000000001,40.0,136.8,9.0,87.80000000000001,136.8,1.5580865603644647
2026-02-24 16:00:00,96.7,40.1,136.8,7.0,89.7,136.8,1.5250836120401339
2026-02-24 16:30:00,96.5,40.0,136.5,8.0,88.5,136.5,1.5423728813559323
2026-02-24 17:00:00,96.7,40.1,136.8,9.0,87.7,136.8,1.5598631698973775
2026-02-24 17:30:00,96.39999999999999,40.3,136.7,7.0,89.39999999999999,136.7,1.529082774049217
2026-02-24 18:00:00,96.6,39.9,136.5,8.0,88.6,136.5,1.5406320541760723
2026-02-24 18:30:00,96.6,38.8,135.39999999999998,7.0,89.6,135.39999999999998,1.5111607142857142
2026-02-24 19:00:00,96.2,37.8,134.0,9.0,87.2,134.0,1.536697247706422
2026-02-24 19:30:00,95.80000000000001,35.5,131.3,7.0,88.80000000000001,131.3,1.4786036036036034
2026-02-24 20:00:00,95.80000000000001,30.3,126.10000000000001,8.0,87.80000000000001,126.10000000000001,1.4362186788154896
2026-02-24 20:30:00,95.5,29.4,124.9,8.0,87.5,124.9,1.4274285714285715
2026-02-24 21:00:00,96.0,29.2,125.2,9.0,87.0,125.2,1.439080459770115
2026-02-24 21:30:00,95.6,28.6,124.19999999999999,7.0,88.6,124.19999999999999,1.4018058690744921
2026-02-24 22:00:00,96.10000000000001,28.5,124.60000000000001,8.0,88.10000000000001,124.60000000000001,1.4143019296254256
2026-02-24 22:30:00,96.2,29.4,125.6,8.0,88.2,125.6,1.4240362811791383
2026-02-24 23:00:00,96.6,29.9,126.5,10.0,86.6,126.5,1.4607390300230947
2026-02-24 23:30:00,96.5,29.9,126.4,7.0,89.5,126.4,1.4122905027932962
2026-02-25 00:00:00,96.4,32.6,129.0,8.0,88.4,129.0,1.4592760180995474
2026-02-25 00:30:00,96.0,29.1,125.1,10.0,86.0,125.1,1.4546511627906975
2026-02-25 01:00:00,96.60000000000001,28.1,124.70000000000002,9.0,87.60000000000001,124.70000000000002,1.42351598173516
2026-02-25 01:30:00,96.60000000000001,28.4,125.0,7.0,89.60000000000001,125.0,1.3950892857142856
2026-02-25 02:00:00,96.5,28.3,124.8,6.0,90.5,124.8,1.3790055248618784
2026-02-25 02:30:00,95.7,28.3,124.0,10.0,85.7,124.0,1.4469078179696615
2026-02-25 03:00:00,95.79999999999998,28.0,123.79999999999998,9.0,86.79999999999998,123.79999999999998,1.4262672811059909
2026-02-25 03:30:00,96.0,28.1,124.1,7.0,89.0,124.1,1.3943820224719101
2026-02-25 04:00:00,95.99999999999999,28.1,124.1,8.0,87.99999999999999,124.1,1.4102272727272729
2026-02-25 04:30:00,95.80000000000001,28.0,123.80000000000001,8.0,87.80000000000001,123.80000000000001,1.4100227790432802
2026-02-25 05:00:00,95.9,27.7,123.60000000000001,8.0,87.9,123.60000000000001,1.4061433447098977
2026-02-25 05:30:00,95.49999999999999,27.4,122.89999999999998,7.0,88.49999999999999,122.89999999999998,1.3887005649717514
2026-02-25 06:00:00,94.9,26.9,121.80000000000001,7.0,87.9,121.80000000000001,1.3856655290102389
2026-02-25 06:30:00,95.10000000000001,26.3,121.4,9.0,86.10000000000001,121.4,1.4099883855981417
2026-02-25 07:00:00,95.89999999999999,25.7,121.6,9.0,86.89999999999999,121.6,1.3993095512082854
2026-02-25 07:30:00,95.8,25.1,120.9,6.0,89.8,120.9,1.346325167037862
2026-02-25 08:00:00,96.2,25.3,121.5,9.0,87.2,121.5,1.393348623853211
2026-02-25 08:30:00,96.2,26.2,122.4,8.0,88.2,122.4,1.3877551020408163
2026-02-25 09:00:00,96.2,27.7,123.9,7.0,89.2,123.9,1.3890134529147982
2026-02-25 09:30:00,96.1,29.8,125.89999999999999,8.0,88.1,125.89999999999999,1.4290578887627696
2026-02-25 10:00:00,96.5,30.3,126.8,7.0,89.5,126.8,1.416759776536313
2026-02-25 10:30:00,97.0,32.2,129.2,9.0,88.0,129.2,1.468181818181818
2026-02-25 11:00:00,96.9,33.8,130.7,7.0,89.9,130.7,1.4538375973303668
2026-02-25 11:30:00,97.0,37.8,134.8,10.0,87.0,134.8,1.549425287356322
2026-02-25 12:00:00,97.10000000000001,38.8,135.9,9.0,88.10000000000001,135.9,1.5425652667423382
2026-02-25 12:30:00,96.6,40.6,137.2,8.0,88.6,137.2,1.5485327313769752
2026-02-25 13:00:00,96.4,41.4,137.8,7.0,89.4,137.8,1.541387024608501
2026-02-25 13:30:00,96.4,41.5,137.9,9.0,87.4,137.9,1.5778032036613272
2026-02-25 14:00:00,96.19999999999999,41.3,137.5,9.0,87.19999999999999,137.5,1.5768348623853212
2026-02-25 14:30:00,95.89999999999999,40.5,136.39999999999998,9.0,86.89999999999999,136.39999999999998,1.5696202531645569
2026-02-25 15:00:00,95.9,40.8,136.7,7.0,88.9,136.7,1.5376827896512935
2026-02-25 15:30:00,95.89999999999999,41.7,137.6,8.0,87.89999999999999,137.6,1.565415244596132
2026-02-25 16:00:00,96.39999999999999,42.3,138.7,8.0,88.39999999999999,138.7,1.5690045248868778
2026-02-25 16:30:00,96.3,42.3,138.6,9.0,87.3,138.6,1.5876288659793814
2026-02-25 17:00:00,96.5,42.2,138.7,6.0,90.5,138.7,1.5325966850828727
2026-02-25 17:30:00,96.1,39.1,135.2,8.0,88.1,135.2,1.5346197502837684
2026-02-25 18:00:00,96.80000000000001,36.6,133.4,8.0,88.80000000000001,133.4,1.5022522522522521
2026-02-25 18:30:00,96.30000000000001,39.9,136.20000000000002,9.0,87.30000000000001,136.20000000000002,1.5601374570446735
2026-02-25 19:00:00,96.80000000000001,35.5,132.3,6.0,90.80000000000001,132.3,1.4570484581497796
2026-02-25 19:30:00,96.70000000000002,33.3,130.0,9.0,87.70000000000002,130.0,1.4823261117445836
2026-02-25 20:00:00,96.8,31.3,128.1,8.0,88.8,128.1,1.4425675675675675
2026-02-25 20:30:00,97.0,30.3,127.3,9.0,88.0,127.3,1.446590909090909
2026-02-25 21:00:00,97.1,30.7,127.8,6.0,91.1,127.8,1.4028540065861692
2026-02-25 21:30:00,97.20000000000002,30.7,127.90000000000002,8.0,89.20000000000002,127.90000000000002,1.4338565022421523
2026-02-25 22:00:00,97.3,30.4,127.69999999999999,8.0,89.3,127.69999999999999,1.4300111982082866
2026-02-25 22:30:00,97.1,29.8,126.89999999999999,9.0,88.1,126.89999999999999,1.4404086265607265
2026-02-25 23:00:00,97.1,29.0,126.1,6.0,91.1,126.1,1.384193194291987
2026-02-25 23:30:00,97.1,28.7,125.8,8.0,89.1,125.8,1.4118967452300786
2026-02-26 00:00:00,95.7,32.0,127.7,11.0,84.7,127.7,1.5076741440377803
2026-02-26 00:30:00,96.9,28.5,125.4,9.0,87.9,125.4,1.4266211604095562
2026-02-26 01:00:00,96.60000000000001,29.2,125.80000000000001,7.0,89.60000000000001,125.80000000000001,1.4040178571428572
2026-02-26 01:30:00,96.5,28.5,125.0,7.0,89.5,125.0,1.3966480446927374
2026-02-26 02:00:00,96.69999999999999,28.3,124.99999999999999,9.0,87.69999999999999,124.99999999999999,1.4253135689851768
2026-02-26 02:30:00,96.19999999999999,28.1,124.29999999999998,8.0,88.19999999999999,124.29999999999998,1.409297052154195
2026-02-26 03:00:00,96.5,27.9,124.4,8.0,88.5,124.4,1.4056497175141243
2026-02-26 03:30:00,96.4,27.8,124.2,9.0,87.4,124.2,1.4210526315789473
2026-02-26 04:00:00,95.70000000000002,27.8,123.50000000000001,9.0,86.70000000000002,123.50000000000001,1.4244521337946943
2026-02-26 04:30:00,95.7,27.5,123.2,8.0,87.7,123.2,1.4047890535917902
2026-02-26 05:00:00,95.7,27.2,122.9,7.0,88.7,122.9,1.3855693348365277
2026-02-26 05:30:00,95.4,27.2,122.60000000000001,7.0,88.4,122.60000000000001,1.3868778280542986
2026-02-26 06:00:00,95.39999999999999,26.8,122.19999999999999,9.0,86.39999999999999,122.19999999999999,1.4143518518518519
2026-02-26 06:30:00,95.0,26.6,121.6,7.0,88.0,121.6,1.3818181818181818
2026-02-26 07:00:00,94.89999999999999,26.6,121.5,8.0,86.89999999999999,121.5,1.3981588032220944
2026-02-26 07:30:00,94.5,26.2,120.7,8.0,86.5,120.7,1.3953757225433527
2026-02-26 08:00:00,94.70000000000002,26.6,121.30000000000001,9.0,85.70000000000002,121.30000000000001,1.4154025670945156
2026-02-26 08:30:00,94.4,28.2,122.60000000000001,6.0,88.4,122.60000000000001,1.3868778280542986
2026-02-26 09:00:00,94.80000000000001,28.7,123.50000000000001,8.0,86.80000000000001,123.50000000000001,1.422811059907834
2026-02-26 09:30:00,95.2,29.1,124.30000000000001,8.0,87.2,124.30000000000001,1.4254587155963303
2026-02-26 10:00:00,95.2,29.8,125.0,9.0,86.2,125.0,1.4501160092807424
2026-02-26 10:30:00,95.0,30.5,125.5,7.0,88.0,125.5,1.4261363636363635
2026-02-26 11:00:00,95.0,30.9,125.9,9.0,86.0,125.9,1.463953488372093
2026-02-26 11:30:00,95.0,31.9,126.9,8.0,87.0,126.9,1.4586206896551726
2026-02-26 12:00:00,95.1,32.9,128.0,9.0,86.1,128.0,1.48664343786295
2026-02-26 12:30:00,94.69999999999999,33.8,128.5,6.0,88.69999999999999,128.5,1.4487034949267195
2026-02-26 13:00:00,95.4,34.8,130.2,10.0,85.4,130.2,1.524590163934426
2026-02-26 13:30:00,95.6,37.8,133.39999999999998,8.0,87.6,133.39999999999998,1.5228310502283104
2026-02-26 14:00:00,95.9,40.4,136.3,9.0,86.9,136.3,1.568469505178366
2026-02-26 14:30:00,95.7,40.8,136.5,6.0,89.7,136.5,1.5217391304347825
2026-02-26 15:00:00,95.4,40.9,136.3,9.0,86.4,136.3,1.5775462962962963
2026-02-26 15:30:00,95.2,41.0,136.2,8.0,87.2,136.2,1.561926605504587
2026-02-26 16:00:00,96.2,41.0,137.2,8.0,88.2,137.2,1.5555555555555554
2026-02-26 16:30:00,96.69999999999999,41.0,137.7,8.0,88.69999999999999,137.7,1.5524239007891771
2026-02-26 17:00:00,96.2,41.1,137.3,9.0,87.2,137.3,1.5745412844036697
2026-02-26 17:30:00,96.30000000000001,41.2,137.5,8.0,88.30000000000001,137.5,1.5571913929784822
2026-02-26 18:00:00,96.2,41.3,137.5,8.0,88.2,137.5,1.5589569160997732
2026-02-26 18:30:00,95.89999999999999,40.4,136.29999999999998,7.0,88.89999999999999,136.29999999999998,1.5331833520809899
2026-02-26 19:00:00,96.0,36.9,132.9,9.0,87.0,132.9,1.5275862068965518
2026-02-26 19:30:00,95.8,32.8,128.6,8.0,87.8,128.6,1.4646924829157175
2026-02-26 20:00:00,95.69999999999999,30.9,126.6,8.0,87.69999999999999,126.6,1.4435575826681872
2026-02-26 20:30:00,96.00000000000001,30.1,126.10000000000002,6.0,90.00000000000001,126.10000000000002,1.4011111111111112
2026-02-26 21:00:00,95.4,30.5,125.9,9.0,86.4,125.9,1.4571759259259258
2026-02-26 21:30:00,95.4,29.4,124.80000000000001,9.0,86.4,124.80000000000001,1.4444444444444444
2026-02-26 22:00:00,96.00000000000001,29.6,125.60000000000002,7.0,89.00000000000001,125.60000000000002,1.4112359550561797
2026-02-26 22:30:00,96.3,29.9,126.19999999999999,8.0,88.3,126.19999999999999,1.4292185730464326
2026-02-26 23:00:00,95.9,29.9,125.80000000000001,9.0,86.9,125.80000000000001,1.4476409666283085
2026-02-26 23:30:00,96.2,29.6,125.80000000000001,8.0,88.2,125.80000000000001,1.4263038548752835
2026-02-27 00:00:00,96.4,32.0,128.4,6.0,90.4,128.4,1.4203539823008848
2026-02-27 00:30:00,96.39999999999999,29.1,125.5,8.0,88.39999999999999,125.5,1.419683257918552
2026-02-27 01:00:00,96.8,28.7,125.5,9.0,87.8,125.5,1.429384965831435
2026-02-27 01:30:00,96.9,29.0,125.9,9.0,87.9,125.9,1.4323094425483505
2026-02-27 02:00:00,96.7,28.5,125.2,6.0,90.7,125.2,1.380374862183021
2026-02-27 02:30:00,96.60000000000001,28.6,125.20000000000002,10.0,86.60000000000001,125.20000000000002,1.4457274826789839
2026-02-27 03:00:00,96.30000000000001,29.0,125.30000000000001,9.0,87.30000000000001,125.30000000000001,1.4352806414662085
2026-02-27 03:30:00,96.30000000000001,28.2,124.50000000000001,8.0,88.30000000000001,124.50000000000001,1.4099660249150623
2026-02-27 04:00:00,96.30000000000001,28.3,124.60000000000001,6.0,90.30000000000001,124.60000000000001,1.37984496124031
2026-02-27 04:30:00,96.0,28.5,124.5,9.0,87.0,124.5,1.4310344827586208
2026-02-27 05:00:00,96.1,27.8,123.89999999999999,8.0,88.1,123.89999999999999,1.4063564131668558
2026-02-27 05:30:00,96.1,27.8,123.89999999999999,10.0,86.1,123.89999999999999,1.4390243902439024
2026-02-27 06:00:00,96.19999999999999,27.9,124.1,6.0,90.19999999999999,124.1,1.3758314855875833
2026-02-27 06:30:00,96.10000000000001,27.8,123.9,9.0,87.10000000000001,123.9,1.4225028702640643
2026-02-27 07:00:00,96.1,27.9,124.0,8.0,88.1,124.0,1.4074914869466517
2026-02-27 07:30:00,95.9,26.7,122.60000000000001,8.0,87.9,122.60000000000001,1.3947667804323094
2026-02-27 08:00:00,96.4,26.6,123.0,8.0,88.4,123.0,1.3914027149321266
2026-02-27 08:30:00,96.60000000000001,27.8,124.4,8.0,88.60000000000001,124.4,1.4040632054176072
2026-02-27 09:00:00,96.19999999999999,29.2,125.39999999999999,9.0,87.19999999999999,125.39999999999999,1.438073394495413
2026-02-27 09:30:00,95.9,29.9,125.80000000000001,8.0,87.9,125.80000000000001,1.4311717861205917
2026-02-27 10:00:00,96.60000000000001,30.7,127.30000000000001,6.0,90.60000000000001,127.30000000000001,1.4050772626931567
2026-02-27 10:30:00,96.7,31.6,128.3,9.0,87.7,128.3,1.4629418472063855
2026-02-27 11:00:00,96.6,31.5,128.1,8.0,88.6,128.1,1.445823927765237
2026-02-27 11:30:00,96.80000000000001,31.6,128.4,8.0,88.80000000000001,128.4,1.4459459459459458
2026-02-27 12:00:00,96.9,32.7,129.60000000000002,6.0,90.9,129.60000000000002,1.425742574257426
2026-02-27 12:30:00,96.7,33.7,130.4,9.0,87.7,130.4,1.4868871151653364
2026-02-27 13:00:00,96.9,34.5,131.4,9.0,87.9,131.4,1.4948805460750854
2026-02-27 13:30:00,96.4,34.9,131.3,6.0,90.4,131.3,1.4524336283185841
2026-02-27 14:00:00,96.19999999999999,36.1,132.29999999999998,8.0,88.19999999999999,132.29999999999998,1.5
2026-02-27 14:30:00,96.30000000000001,37.4,133.70000000000002,10.0,86.30000000000001,133.70000000000002,1.5492468134414832
2026-02-27 15:00:00,96.39999999999999,38.1,134.5,8.0,88.39999999999999,134.5,1.5214932126696834
2026-02-27 15:30:00,96.8,40.8,137.6,8.0,88.8,137.6,1.5495495495495495
2026-02-27 16:00:00,97.2,41.1,138.3,7.0,90.2,138.3,1.5332594235033261
2026-02-27 16:30:00,97.30000000000001,41.2,138.5,9.0,88.30000000000001,138.5,1.568516421291053
2026-02-27 17:00:00,97.6,41.2,138.8,9.0,88.6,138.8,1.5665914221218964
2026-02-27 17:30:00,97.1,41.3,138.39999999999998,6.0,91.1,138.39999999999998,1.5192096597145992
2026-02-27 18:00:00,97.30000000000001,41.4,138.70000000000002,8.0,89.30000000000001,138.70000000000002,1.553191489361702
2026-02-27 18:30:00,97.1,40.7,137.8,10.0,87.1,137.8,1.582089552238806
2026-02-27 19:00:00,97.1,38.8,135.89999999999998,10.0,87.1,135.89999999999998,1.560275545350172
2026-02-27 19:30:00,96.10000000000001,34.0,130.10000000000002,6.0,90.10000000000001,130.10000000000002,1.4439511653718091
2026-02-27 20:00:00,95.6,30.7,126.3,8.0,87.6,126.3,1.4417808219178083
2026-02-27 20:30:00,95.80000000000001,30.3,126.10000000000001,9.0,86.80000000000001,126.10000000000001,1.4527649769585254
2026-02-27 21:00:00,96.0,29.5,125.5,9.0,87.0,125.5,1.4425287356321839
2026-02-27 21:30:00,96.1,29.7,125.8,6.0,90.1,125.8,1.3962264150943398
2026-02-27 22:00:00,95.8,29.3,125.1,8.0,87.8,125.1,1.4248291571753986
2026-02-27 22:30:00,95.60000000000001,29.0,124.60000000000001,8.0,87.60000000000001,124.60000000000001,1.4223744292237444
2026-02-27 23:00:00,95.5,29.3,124.8,8.0,87.5,124.8,1.4262857142857142
2026-02-27 23:30:00,95.6,29.2,124.8,7.0,88.6,124.8,1.4085778781038376
2026-02-28 00:00:00,96.2,28.6,124.80000000000001,8.0,88.2,124.80000000000001,1.4149659863945578
2026-02-28 00:30:00,95.30000000000001,29.0,124.30000000000001,9.0,86.30000000000001,124.30000000000001,1.4403244495944378
2026-02-28 01:00:00,95.6,29.1,124.69999999999999,9.0,86.6,124.69999999999999,1.4399538106235565
2026-02-28 01:30:00,95.4,28.7,124.10000000000001,5.0,90.4,124.10000000000001,1.372787610619469
2026-02-28 02:00:00,95.4,28.2,123.60000000000001,9.0,86.4,123.60000000000001,1.4305555555555556
2026-02-28 02:30:00,95.30000000000001,27.7,123.00000000000001,8.0,87.30000000000001,123.00000000000001,1.40893470790378
2026-02-28 03:00:00,95.6,27.3,122.89999999999999,9.0,86.6,122.89999999999999,1.4191685912240184
2026-02-28 03:30:00,95.80000000000001,26.9,122.70000000000002,6.0,89.80000000000001,122.70000000000002,1.366369710467706
2026-02-28 04:00:00,95.69999999999999,26.4,122.1,9.0,86.69999999999999,122.1,1.4083044982698962
2026-02-28 04:30:00,95.9,26.1,122.0,10.0,85.9,122.0,1.4202561117578578
2026-02-28 05:00:00,95.9,25.9,121.80000000000001,6.0,89.9,121.80000000000001,1.3548387096774195
2026-02-28 05:30:00,95.9,25.8,121.7,9.0,86.9,121.7,1.4004602991944763
2026-02-28 06:00:00,96.0,25.8,121.8,9.0,87.0,121.8,1.4
2026-02-28 06:30:00,96.0,25.7,121.7,8.0,88.0,121.7,1.3829545454545455
2026-02-28 07:00:00,96.0,25.4,121.4,8.0,88.0,121.4,1.3795454545454546
2026-02-28 07:30:00,95.69999999999999,25.1,120.79999999999998,6.0,89.69999999999999,120.79999999999998,1.346711259754738
2026-02-28 08:00:00,96.0,25.6,121.6,10.0,86.0,121.6,1.413953488372093
2026-02-28 08:30:00,96.19999999999999,26.4,122.6,10.0,86.19999999999999,122.6,1.4222737819025524
2026-02-28 09:00:00,96.0,27.2,123.2,6.0,90.0,123.2,1.3688888888888888
2026-02-28 09:30:00,96.20000000000002,27.9,124.10000000000002,8.0,88.20000000000002,124.10000000000002,1.40702947845805
2026-02-28 10:00:00,96.0,28.2,124.2,9.0,87.0,124.2,1.4275862068965517
2026-02-28 10:30:00,95.9,29.0,124.9,8.0,87.9,124.9,1.4209328782707622
2026-02-28 11:00:00,96.4,29.5,125.9,6.0,90.4,125.9,1.3926991150442478
2026-02-28 11:30:00,95.9,30.5,126.4,8.0,87.9,126.4,1.4379977246871445
2026-02-28 12:00:00,96.5,31.3,127.8,9.0,87.5,127.8,1.4605714285714286
2026-02-28 12:30:00,96.30000000000001,31.6,127.9,9.0,87.30000000000001,127.9,1.4650630011454753
2026-02-28 13:00:00,96.60000000000001,32.3,128.9,5.0,91.60000000000001,128.9,1.4072052401746724
2026-02-28 13:30:00,96.9,31.6,128.5,9.0,87.9,128.5,1.4618885096700796
2026-02-28 14:00:00,97.6,32.2,129.8,8.0,89.6,129.8,1.4486607142857144
2026-02-28 14:30:00,96.8,31.7,128.5,8.0,88.8,128.5,1.4470720720720722
2026-02-28 15:00:00,96.6,32.5,129.1,7.0,89.6,129.1,1.4408482142857144
2026-02-28 15:30:00,96.2,31.8,128.0,9.0,87.2,128.0,1.4678899082568806
2026-02-28 16:00:00,96.3,31.2,127.5,10.0,86.3,127.5,1.477404403244496
2026-02-28 16:30:00,96.5,32.0,128.5,9.0,87.5,128.5,1.4685714285714286
2026-02-28 17:00:00,96.39999999999999,31.1,127.5,6.0,90.39999999999999,127.5,1.4103982300884956
2026-02-28 17:30:00,96.7,31.0,127.7,9.0,87.7,127.7,1.4561003420752565
2026-02-28 18:00:00,96.70000000000002,30.6,127.30000000000001,8.0,88.70000000000002,127.30000000000001,1.4351747463359639
2026-02-28 18:30:00,96.1,31.1,127.19999999999999,8.0,88.1,127.19999999999999,1.4438138479001135
2026-02-28 19:00:00,96.69999999999999,30.4,127.1,6.0,90.69999999999999,127.1,1.4013230429988976
2026-02-28 19:30:00,96.80000000000001,29.7,126.50000000000001,9.0,87.80000000000001,126.50000000000001,1.4407744874715263
2026-02-28 20:00:00,96.9,28.7,125.60000000000001,9.0,87.9,125.60000000000001,1.428896473265074
2026-02-28 20:30:00,97.0,27.7,124.7,7.0,90.0,124.7,1.3855555555555557
2026-02-28 21:00:00,96.60000000000001,27.2,123.80000000000001,8.0,88.60000000000001,123.80000000000001,1.397291196388262
2026-02-28 21:30:00,96.5,26.6,123.1,9.0,87.5,123.1,1.4068571428571428
2026-02-28 22:00:00,96.19999999999999,26.4,122.6,9.0,87.19999999999999,122.6,1.4059633027522938
2026-02-28 22:30:00,95.69999999999999,26.1,121.79999999999998,8.0,87.69999999999999,121.79999999999998,1.3888255416191562
2026-02-28 23:00:00,96.0,26.0,122.0,6.0,90.0,122.0,1.3555555555555556
2026-02-28 23:30:00,96.3,25.9,122.19999999999999,9.0,87.3,122.19999999999999,1.399770904925544
2026-03-01 00:00:00,95.5,28.2,123.7,9.0,86.5,123.7,1.430057803468208
2026-03-01 00:30:00,95.1,25.7,120.8,7.0,88.1,120.8,1.3711691259931895
2026-03-01 01:00:00,95.89999999999999,25.8,121.69999999999999,7.0,88.89999999999999,121.69999999999999,1.3689538807649044
2026-03-01 01:30:00,95.8,25.9,121.69999999999999,9.0,86.8,121.69999999999999,1.402073732718894
2026-03-01 02:00:00,95.9,25.8,121.7,8.0,87.9,121.7,1.3845278725824801
2026-03-01 02:30:00,96.39999999999999,25.4,121.79999999999998,8.0,88.39999999999999,121.79999999999998,1.3778280542986425
2026-03-01 03:00:00,96.69999999999999,25.2,121.89999999999999,7.0,89.69999999999999,121.89999999999999,1.358974358974359
2026-03-01 03:30:00,96.2,25.3,121.5,9.0,87.2,121.5,1.393348623853211
2026-03-01 04:00:00,96.39999999999999,25.3,121.69999999999999,9.0,87.39999999999999,121.69999999999999,1.3924485125858124
2026-03-01 04:30:00,95.9,25.2,121.10000000000001,7.0,88.9,121.10000000000001,1.3622047244094488
2026-03-01 05:00:00,95.9,25.1,121.0,8.0,87.9,121.0,1.3765642775881684
2026-03-01 05:30:00,95.9,25.2,121.10000000000001,8.0,87.9,121.10000000000001,1.377701934015927
2026-03-01 06:00:00,95.9,25.1,121.0,9.0,86.9,121.0,1.3924050632911391
2026-03-01 06:30:00,96.0,25.0,121.0,6.0,90.0,121.0,1.3444444444444446
2026-03-01 07:00:00,96.5,24.9,121.4,9.0,87.5,121.4,1.3874285714285715
2026-03-01 07:30:00,96.2,24.8,121.0,9.0,87.2,121.0,1.3876146788990826
2026-03-01 08:00:00,96.5,25.3,121.8,9.0,87.5,121.8,1.392
2026-03-01 08:30:00,96.89999999999999,26.3,123.19999999999999,6.0,90.89999999999999,123.19999999999999,1.3553355335533552
2026-03-01 09:00:00,96.7,27.0,123.7,8.0,88.7,123.7,1.3945885005636978
2026-03-01 09:30:00,96.60000000000001,28.1,124.70000000000002,8.0,88.60000000000001,124.70000000000002,1.40744920993228
2026-03-01 10:00:00,96.4,29.2,125.60000000000001,8.0,88.4,125.60000000000001,1.420814479638009
2026-03-01 10:30:00,95.79999999999998,29.1,124.89999999999998,7.0,88.79999999999998,124.89999999999998,1.4065315315315317
2026-03-01 11:00:00,96.0,29.3,125.3,10.0,86.0,125.3,1.4569767441860464
2026-03-01 11:30:00,95.8,29.5,125.3,9.0,86.8,125.3,1.4435483870967742
2026-03-01 12:00:00,96.19999999999999,30.0,126.19999999999999,7.0,89.19999999999999,126.19999999999999,1.4147982062780269
2026-03-01 12:30:00,95.5,30.9,126.4,8.0,87.5,126.4,1.4445714285714286
2026-03-01 13:00:00,95.1,30.8,125.89999999999999,8.0,87.1,125.89999999999999,1.4454649827784156
2026-03-01 13:30:00,94.60000000000001,30.6,125.20000000000002,9.0,85.60000000000001,125.20000000000002,1.4626168224299065
2026-03-01 14:00:00,94.8,31.2,126.0,8.0,86.8,126.0,1.4516129032258065
2026-03-01 14:30:00,94.8,31.2,126.0,6.0,88.8,126.0,1.4189189189189189
2026-03-01 15:00:00,94.8,31.8,126.6,9.0,85.8,126.6,1.4755244755244754
2026-03-01 15:30:00,94.7,32.3,127.0,9.0,85.7,127.0,1.481913652275379
2026-03-01 16:00:00,94.4,32.5,126.9,7.0,87.4,126.9,1.4519450800915332
2026-03-01 16:30:00,94.0,32.3,126.3,8.0,86.0,126.3,1.4686046511627906
2026-03-01 17:00:00,93.7,31.9,125.6,9.0,84.7,125.6,1.4828807556080281
2026-03-01 17:30:00,93.6,30.9,124.5,8.0,85.6,124.5,1.4544392523364487
2026-03-01 18:00:00,93.89999999999999,30.1,124.0,6.0,87.89999999999999,124.0,1.410693970420933
2026-03-01 18:30:00,94.3,30.9,125.19999999999999,8.0,86.3,125.19999999999999,1.4507531865585168
2026-03-01 19:00:00,94.60000000000001,30.2,124.80000000000001,9.0,85.60000000000001,124.80000000000001,1.4579439252336448
2026-03-01 19:30:00,94.5,29.4,123.9,10.0,84.5,123.9,1.4662721893491124
2026-03-01 20:00:00,94.60000000000001,28.6,123.20000000000002,6.0,88.60000000000001,123.20000000000002,1.3905191873589164
2026-03-01 20:30:00,94.5,28.3,122.8,8.0,86.5,122.8,1.4196531791907514
2026-03-01 21:00:00,94.50000000000001,28.5,123.00000000000001,8.0,86.50000000000001,123.00000000000001,1.421965317919075
2026-03-01 21:30:00,94.7,27.9,122.6,9.0,85.7,122.6,1.4305717619603266
2026-03-01 22:00:00,94.8,28.3,123.1,5.0,89.8,123.1,1.3708240534521159
2026-03-01 22:30:00,95.1,27.8,122.89999999999999,9.0,86.1,122.89999999999999,1.4274099883855982
2026-03-01 23:00:00,95.4,28.3,123.7,9.0,86.4,123.7,1.4317129629629628
2026-03-01 23:30:00,95.1,27.9,123.0,9.0,86.1,123.0,1.4285714285714286
2026-03-02 00:00:00,97.0,32.2,129.2,8.0,89.0,129.2,1.4516853932584268
2026-03-02 00:30:00,95.8,27.4,123.19999999999999,9.0,86.8,123.19999999999999,1.4193548387096773
2026-03-02 01:00:00,95.10000000000001,26.8,121.9,8.0,87.10000000000001,121.9,1.399540757749713
2026-03-02 01:30:00,94.60000000000001,26.5,121.10000000000001,8.0,86.60000000000001,121.10000000000001,1.3983833718244802
2026-03-02 02:00:00,95.0,26.3,121.3,6.0,89.0,121.3,1.3629213483146068
2026-03-02 02:30:00,95.0,25.8,120.8,9.0,86.0,120.8,1.4046511627906977
2026-03-02 03:00:00,95.2,25.8,121.0,9.0,86.2,121.0,1.4037122969837585
2026-03-02 03:30:00,95.7,25.7,121.4,7.0,88.7,121.4,1.3686583990980834
2026-03-02 04:00:00,95.89999999999999,25.8,121.69999999999999,8.0,87.89999999999999,121.69999999999999,1.3845278725824801
2026-03-02 04:30:00,95.7,25.5,121.2,8.0,87.7,121.2,1.3819840364880274
2026-03-02 05:00:00,95.60000000000001,25.6,121.20000000000002,8.0,87.60000000000001,121.20000000000002,1.3835616438356164
2026-03-02 05:30:00,95.5,25.5,121.0,8.0,87.5,121.0,1.3828571428571428
2026-03-02 06:00:00,95.19999999999999,25.3,120.49999999999999,7.0,88.19999999999999,120.49999999999999,1.3662131519274376
2026-03-02 06:30:00,94.9,25.2,120.10000000000001,9.0,85.9,120.10000000000001,1.3981373690337602
2026-03-02 07:00:00,95.19999999999999,25.3,120.49999999999999,9.0,86.19999999999999,120.49999999999999,1.3979118329466358
2026-03-02 07:30:00,94.80000000000001,24.8,119.60000000000001,7.0,87.80000000000001,119.60000000000001,1.3621867881548975
2026-03-02 08:00:00,94.6,25.0,119.6,8.0,86.6,119.6,1.3810623556581987
2026-03-02 08:30:00,94.6,26.0,120.6,9.0,85.6,120.6,1.4088785046728973
2026-03-02 09:00:00,94.6,26.3,120.89999999999999,8.0,86.6,120.89999999999999,1.3960739030023095
2026-03-02 09:30:00,95.0,26.8,121.8,6.0,89.0,121.8,1.3685393258426966
2026-03-02 10:00:00,95.19999999999999,27.7,122.89999999999999,8.0,87.19999999999999,122.89999999999999,1.4094036697247707
2026-03-02 10:30:00,97.39999999999999,29.5,126.89999999999999,10.0,87.39999999999999,126.89999999999999,1.4519450800915332
2026-03-02 11:00:00,99.3,31.1,130.4,9.0,90.3,130.4,1.4440753045404209
2026-03-02 11:30:00,98.89999999999999,31.9,130.79999999999998,6.0,92.89999999999999,130.79999999999998,1.4079655543595264
2026-03-02 12:00:00,99.0,33.0,132.0,9.0,90.0,132.0,1.4666666666666666
2026-03-02 12:30:00,99.10000000000001,35.2,134.3,7.0,92.10000000000001,134.3,1.4581976112920738
2026-03-02 13:00:00,98.8,39.1,137.9,10.0,88.8,137.9,1.552927927927928
2026-03-02 13:30:00,98.69999999999999,40.3,139.0,5.0,93.69999999999999,139.0,1.4834578441835649
2026-03-02 14:00:00,98.69999999999999,40.5,139.2,10.0,88.69999999999999,139.2,1.5693348365276212
2026-03-02 14:30:00,98.5,40.4,138.9,9.0,89.5,138.9,1.5519553072625698
2026-03-02 15:00:00,98.5,40.6,139.1,9.0,89.5,139.1,1.554189944134078
2026-03-02 15:30:00,98.5,40.8,139.3,6.0,92.5,139.3,1.505945945945946
2026-03-02 16:00:00,99.3,41.0,140.3,9.0,90.3,140.3,1.5537098560354377
2026-03-02 16:30:00,99.5,41.4,140.9,7.0,92.5,140.9,1.5232432432432432
2026-03-02 17:00:00,99.10000000000001,41.8,140.9,8.0,91.10000000000001,140.9,1.5466520307354554
2026-03-02 17:30:00,99.4,41.6,141.0,6.0,93.4,141.0,1.5096359743040684
2026-03-02 18:00:00,100.0,41.0,141.0,9.0,91.0,141.0,1.5494505494505495
2026-03-02 18:30:00,100.10000000000001,41.4,141.5,10.0,90.10000000000001,141.5,1.5704772475027746
2026-03-02 19:00:00,99.1,46.4,145.5,6.0,93.1,145.5,1.5628356605800215
2026-03-02 19:30:00,98.2,39.4,137.6,7.0,91.2,137.6,1.5087719298245612
2026-03-02 20:00:00,97.1,36.5,133.6,5.0,92.1,133.6,1.4505971769815418
2026-03-02 20:30:00,97.4,35.2,132.60000000000002,9.0,88.4,132.60000000000002,1.5000000000000002
2026-03-02 21:00:00,97.5,33.8,131.3,6.0,91.5,131.3,1.4349726775956286
2026-03-02 21:30:00,97.30000000000001,32.5,129.8,6.0,91.30000000000001,129.8,1.4216867469879517
2026-03-02 22:00:00,97.1,31.4,128.5,7.0,90.1,128.5,1.4261931187569368
2026-03-02 22:30:00,97.30000000000001,31.4,128.70000000000002,7.0,90.30000000000001,128.70000000000002,1.4252491694352158
2026-03-02 23:00:00,97.5,31.0,128.5,7.0,90.5,128.5,1.419889502762431
2026-03-02 23:30:00,97.4,30.9,128.3,6.0,91.4,128.3,1.4037199124726478
2026-03-03 00:00:00,98.89999999999999,33.0,131.89999999999998,8.0,90.89999999999999,131.89999999999998,1.4510451045104509
2026-03-03 00:30:00,98.2,30.6,128.8,6.0,92.2,128.8,1.3969631236442517
2026-03-03 01:00:00,97.7,31.3,129.0,5.0,92.7,129.0,1.3915857605177993
2026-03-03 01:30:00,97.2,30.8,128.0,7.0,90.2,128.0,1.4190687361419068
2026-03-03 02:00:00,97.19999999999999,31.0,128.2,6.0,91.19999999999999,128.2,1.405701754385965
2026-03-03 02:30:00,97.4,30.4,127.80000000000001,8.0,89.4,127.80000000000001,1.429530201342282
2026-03-03 03:00:00,97.0,30.2,127.2,6.0,91.0,127.2,1.397802197802198
2026-03-03 03:30:00,97.10000000000001,30.3,127.4,8.0,89.10000000000001,127.4,1.4298540965207631
2026-03-03 04:00:00,96.89999999999999,30.2,127.1,6.0,90.89999999999999,127.1,1.3982398239823983
2026-03-03 04:30:00,97.3,29.8,127.1,5.0,92.3,127.1,1.3770314192849404
2026-03-03 05:00:00,97.19999999999999,29.6,126.79999999999998,7.0,90.19999999999999,126.79999999999998,1.4057649667405765
2026-03-03 05:30:00,96.3,29.7,126.0,6.0,90.3,126.0,1.3953488372093024
2026-03-03 06:00:00,95.89999999999999,29.5,125.39999999999999,5.0,90.89999999999999,125.39999999999999,1.3795379537953796
2026-03-03 06:30:00,96.1,29.3,125.39999999999999,8.0,88.1,125.39999999999999,1.423382519863791
2026-03-03 07:00:00,96.6,29.8,126.39999999999999,5.0,91.6,126.39999999999999,1.3799126637554584
2026-03-03 07:30:00,96.5,29.0,125.5,6.0,90.5,125.5,1.3867403314917126
2026-03-03 08:00:00,96.8,29.7,126.5,9.0,87.8,126.5,1.4407744874715263
2026-03-03 08:30:00,97.19999999999999,30.4,127.6,5.0,92.19999999999999,127.6,1.383947939262473
2026-03-03 09:00:00,97.1,30.9,128.0,7.0,90.1,128.0,1.4206437291897893
2026-03-03 09:30:00,97.1,32.4,129.5,7.0,90.1,129.5,1.4372918978912321
2026-03-03 10:00:00,97.30000000000001,34.4,131.70000000000002,7.0,90.30000000000001,131.70000000000002,1.458471760797342
2026-03-03 10:30:00,97.30000000000001,36.4,133.70000000000002,6.0,91.30000000000001,133.70000000000002,1.4644030668127053
2026-03-03 11:00:00,97.0,37.1,134.1,5.0,92.0,134.1,1.4576086956521739
2026-03-03 11:30:00,98.4,36.5,134.9,8.0,90.4,134.9,1.4922566371681416
2026-03-03 12:00:00,96.8,45.3,142.1,8.0,88.8,142.1,1.6002252252252251
2026-03-03 12:30:00,98.1,44.8,142.89999999999998,7.0,91.1,142.89999999999998,1.5686059275521405
2026-03-03 13:00:00,97.0,50.7,147.7,7.0,90.0,147.7,1.641111111111111
2026-03-03 13:30:00,100.4,32.8,133.2,7.0,93.4,133.2,1.4261241970021412
2026-03-03 14:00:00,101.1,40.5,141.6,9.0,92.1,141.6,1.5374592833876222
2026-03-03 14:30:00,101.29999999999998,40.5,141.79999999999998,9.0,92.29999999999998,141.79999999999998,1.5362946912242688
2026-03-03 15:00:00,101.4,40.4,141.8,7.0,94.4,141.8,1.5021186440677967
2026-03-03 15:30:00,101.0,40.4,141.4,7.0,94.0,141.4,1.5042553191489363
2026-03-03 16:00:00,101.60000000000001,40.5,142.10000000000002,9.0,92.60000000000001,142.10000000000002,1.5345572354211665
2026-03-03 16:30:00,101.6,40.5,142.1,8.0,93.6,142.1,1.518162393162393
2026-03-03 17:00:00,101.2,40.3,141.5,9.0,92.2,141.5,1.53470715835141
2026-03-03 17:30:00,101.39999999999999,39.6,141.0,8.0,93.39999999999999,141.0,1.5096359743040686
2026-03-03 18:00:00,101.2,38.0,139.2,8.0,93.2,139.2,1.4935622317596564
2026-03-03 18:30:00,101.19999999999999,32.0,133.2,9.0,92.19999999999999,133.2,1.4446854663774404
2026-03-03 19:00:00,101.4,28.9,130.3,8.0,93.4,130.3,1.3950749464668095
2026-03-03 19:30:00,102.1,27.9,130.0,6.0,96.1,130.0,1.352757544224766
2026-03-03 20:00:00,101.8,27.8,129.6,10.0,91.8,129.6,1.411764705882353
2026-03-03 20:30:00,101.0,27.2,128.2,8.0,93.0,128.2,1.378494623655914
2026-03-03 21:00:00,101.1,26.7,127.8,7.0,94.1,127.8,1.3581296493092456
2026-03-03 21:30:00,100.69999999999999,26.2,126.89999999999999,9.0,91.69999999999999,126.89999999999999,1.3838604143947657
2026-03-03 22:00:00,100.80000000000001,26.1,126.9,9.0,91.80000000000001,126.9,1.3823529411764706
2026-03-03 22:30:00,100.4,25.9,126.30000000000001,7.0,93.4,126.30000000000001,1.3522483940042827
2026-03-03 23:00:00,100.5,25.4,125.9,8.0,92.5,125.9,1.3610810810810812
2026-03-03 23:30:00,100.6,25.5,126.1,7.0,93.6,126.1,1.3472222222222223
2026-03-04 00:00:00,100.9,27.0,127.9,8.0,92.9,127.9,1.3767491926803013
2026-03-04 00:30:00,101.30000000000001,25.9,127.20000000000002,8.0,93.30000000000001,127.20000000000002,1.3633440514469453
2026-03-04 01:00:00,101.5,25.9,127.4,8.0,93.5,127.4,1.362566844919786
2026-03-04 01:30:00,101.0,25.8,126.8,9.0,92.0,126.8,1.3782608695652174
2026-03-04 02:00:00,101.30000000000001,25.7,127.00000000000001,9.0,92.30000000000001,127.00000000000001,1.3759479956663054
2026-03-04 02:30:00,101.4,25.4,126.80000000000001,7.0,94.4,126.80000000000001,1.3432203389830508
2026-03-04 03:00:00,100.79999999999998,25.2,125.99999999999999,7.0,93.79999999999998,125.99999999999999,1.3432835820895523
2026-03-04 03:30:00,100.7,25.3,126.0,8.0,92.7,126.0,1.3592233009708738
2026-03-04 04:00:00,100.1,25.1,125.19999999999999,9.0,91.1,125.19999999999999,1.3743139407244787
2026-03-04 04:30:00,99.5,24.7,124.2,7.0,92.5,124.2,1.3427027027027028
2026-03-04 05:00:00,100.30000000000001,25.0,125.30000000000001,8.0,92.30000000000001,125.30000000000001,1.3575297941495124
2026-03-04 05:30:00,100.19999999999999,24.8,124.99999999999999,10.0,90.19999999999999,124.99999999999999,1.3858093126385809
2026-03-04 06:00:00,100.6,25.0,125.6,10.0,90.6,125.6,1.3863134657836644
2026-03-04 06:30:00,101.0,25.1,126.1,8.0,93.0,126.1,1.3559139784946237
2026-03-04 07:00:00,101.30000000000001,25.3,126.60000000000001,7.0,94.30000000000001,126.60000000000001,1.3425238600212088
2026-03-04 07:30:00,101.0,24.6,125.6,7.0,94.0,125.6,1.3361702127659574
2026-03-04 08:00:00,100.80000000000001,25.3,126.10000000000001,9.0,91.80000000000001,126.10000000000001,1.3736383442265794
2026-03-04 08:30:00,100.80000000000001,25.9,126.70000000000002,7.0,93.80000000000001,126.70000000000002,1.3507462686567164
2026-03-04 09:00:00,100.5,26.4,126.9,9.0,91.5,126.9,1.3868852459016394
2026-03-04 09:30:00,100.8,26.7,127.5,8.0,92.8,127.5,1.3739224137931034
2026-03-04 10:00:00,100.5,27.0,127.5,8.0,92.5,127.5,1.3783783783783783
2026-03-04 10:30:00,100.3,27.3,127.6,8.0,92.3,127.6,1.3824485373781148
2026-03-04 11:00:00,100.5,27.4,127.9,8.0,92.5,127.9,1.3827027027027028
2026-03-04 11:30:00,100.80000000000001,27.6,128.4,8.0,92.80000000000001,128.4,1.3836206896551724
2026-03-04 12:00:00,100.7,27.6,128.3,7.0,93.7,128.3,1.369263607257204
2026-03-04 12:30:00,99.9,27.9,127.80000000000001,8.0,91.9,127.80000000000001,1.3906420021762786
2026-03-04 13:00:00,99.80000000000001,28.1,127.9,8.0,91.80000000000001,127.9,1.3932461873638342
2026-03-04 13:30:00,100.10000000000001,28.2,128.3,9.0,91.10000000000001,128.3,1.4083424807903402
2026-03-04 14:00:00,100.39999999999999,28.9,129.29999999999998,8.0,92.39999999999999,129.29999999999998,1.3993506493506493
2026-03-04 14:30:00,100.19999999999999,29.1,129.29999999999998,7.0,93.19999999999999,129.29999999999998,1.3873390557939913
2026-03-04 15:00:00,100.6,28.9,129.5,9.0,91.6,129.5,1.4137554585152838
2026-03-04 15:30:00,100.6,28.8,129.4,8.0,92.6,129.39999999999998,1.3974082073434124
2026-03-04 16:00:00,101.3,28.9,130.2,9.0,92.3,130.2,1.4106175514626218
2026-03-04 16:30:00,100.9,28.8,129.70000000000002,7.0,93.9,129.7,1.3812566560170392
2026-03-04 17:00:00,101.19999999999999,28.5,129.7,8.0,93.19999999999999,129.7,1.3916309012875536
2026-03-04 17:30:00,101.6,28.7,130.29999999999998,9.0,92.6,130.3,1.4071274298056158
2026-03-04 18:00:00,101.8,28.9,130.7,8.0,93.8,130.7,1.3933901918976546
2026-03-04 18:30:00,101.5,29.2,130.7,9.0,92.5,130.7,1.4129729729729728
2026-03-04 19:00:00,101.19999999999999,28.7,129.89999999999998,7.0,94.19999999999999,129.89999999999998,1.3789808917197452
2026-03-04 19:30:00,101.5,28.3,129.8,9.0,92.5,129.8,1.4032432432432433
2026-03-04 20:00:00,101.80000000000001,28.1,129.9,7.0,94.80000000000001,129.9,1.370253164556962
2026-03-04 20:30:00,101.8,27.6,129.4,9.0,92.8,129.4,1.3943965517241381
2026-03-04 21:00:00,101.89999999999999,27.5,129.39999999999998,8.0,93.89999999999999,129.39999999999998,1.3780617678381255
2026-03-04 21:30:00,101.5,27.2,128.7,9.0,92.5,128.7,1.3913513513513511
2026-03-04 22:00:00,101.60000000000001,27.2,128.8,8.0,93.60000000000001,128.8,1.376068376068376
2026-03-04 22:30:00,100.7,27.1,127.80000000000001,7.0,93.7,127.80000000000001,1.3639274279615796
2026-03-04 23:00:00,101.0,26.8,127.8,8.0,93.0,127.8,1.3741935483870968
2026-03-04 23:30:00,100.60000000000001,26.6,127.20000000000002,8.0,92.60000000000001,127.20000000000002,1.3736501079913608
2026-03-05 00:00:00,100.2,37.1,137.3,7.0,93.2,137.3,1.4731759656652361
2026-03-05 00:30:00,100.10000000000001,26.3,126.4,9.0,91.10000000000001,126.4,1.3874862788144895
2026-03-05 01:00:00,100.2,26.5,126.7,8.0,92.2,126.7,1.3741865509761388
2026-03-05 01:30:00,100.5,26.5,127.0,9.0,91.5,127.0,1.3879781420765027
2026-03-05 02:00:00,101.0,26.3,127.3,7.0,94.0,127.3,1.3542553191489362
2026-03-05 02:30:00,101.4,26.1,127.5,8.0,93.4,127.5,1.3650963597430406
2026-03-05 03:00:00,101.60000000000001,25.9,127.5,8.0,93.60000000000001,127.5,1.362179487179487
2026-03-05 03:30:00,101.4,26.6,128.0,8.0,93.4,128.0,1.3704496788008564
2026-03-05 04:00:00,101.8,25.9,127.69999999999999,9.0,92.8,127.69999999999999,1.3760775862068966
2026-03-05 04:30:00,101.5,26.4,127.9,8.0,93.5,127.9,1.3679144385026738
2026-03-05 05:00:00,101.1,26.5,127.6,9.0,92.1,127.6,1.3854505971769815
2026-03-05 05:30:00,100.6,26.3,126.89999999999999,7.0,93.6,126.89999999999999,1.3557692307692308
2026-03-05 06:00:00,100.69999999999999,26.1,126.79999999999998,9.0,91.69999999999999,126.79999999999998,1.3827699018538713
2026-03-05 06:30:00,100.6,25.9,126.5,6.0,94.6,126.5,1.3372093023255816
2026-03-05 07:00:00,100.70000000000002,26.0,126.70000000000002,9.0,91.70000000000002,126.70000000000002,1.381679389312977
2026-03-05 07:30:00,100.69999999999999,25.7,126.39999999999999,8.0,92.69999999999999,126.39999999999999,1.3635382955771307
2026-03-05 08:00:00,100.69999999999999,25.9,126.6,9.0,91.69999999999999,126.6,1.380588876772083
2026-03-05 08:30:00,100.8,26.5,127.3,9.0,91.8,127.3,1.3867102396514162
2026-03-05 09:00:00,100.9,26.9,127.80000000000001,8.0,92.9,127.80000000000001,1.3756727664155006
2026-03-05 09:30:00,100.80000000000001,27.5,128.3,8.0,92.80000000000001,128.3,1.3825431034482758
2026-03-05 10:00:00,100.9,27.9,128.8,9.0,91.9,128.8,1.4015233949945594
2026-03-05 10:30:00,101.2,29.1,130.3,7.0,94.2,130.3,1.3832271762208068
2026-03-05 11:00:00,101.0,30.7,131.7,8.0,93.0,131.7,1.4161290322580644
2026-03-05 11:30:00,100.79999999999998,32.4,133.2,7.0,93.79999999999998,133.2,1.420042643923241
2026-03-05 12:00:00,100.69999999999999,38.1,138.79999999999998,8.0,92.69999999999999,138.79999999999998,1.4973031283710896
2026-03-05 12:30:00,100.6,37.8,138.39999999999998,9.0,91.6,138.39999999999998,1.5109170305676853
2026-03-05 13:00:00,100.8,40.8,141.6,9.0,91.8,141.6,1.542483660130719
2026-03-05 13:30:00,101.10000000000001,42.2,143.3,9.0,92.10000000000001,143.3,1.5559174809989142
2026-03-05 14:00:00,101.10000000000001,42.5,143.60000000000002,6.0,95.10000000000001,143.60000000000002,1.5099894847528919
2026-03-05 14:30:00,100.89999999999999,42.5,143.39999999999998,9.0,91.89999999999999,143.39999999999998,1.560391730141458
2026-03-05 15:00:00,100.6,40.2,140.8,8.0,92.6,140.8,1.5205183585313178
2026-03-05 15:30:00,100.19999999999999,54.1,154.29999999999998,7.0,93.19999999999999,154.29999999999998,1.655579399141631
2026-03-05 16:00:00,100.9,58.9,159.8,8.0,92.9,159.8,1.720129171151776
2026-03-05 16:30:00,100.1,60.4,160.5,8.0,92.1,160.5,1.742671009771987
2026-03-05 17:00:00,100.0,60.0,160.0,7.0,93.0,160.0,1.7204301075268817
2026-03-05 17:30:00,99.5,59.5,159.0,5.0,94.5,159.0,1.6825396825396826
2026-03-05 18:00:00,98.69999999999999,58.8,157.5,7.0,91.69999999999999,157.5,1.7175572519083973
2026-03-05 18:30:00,97.9,58.8,156.7,4.0,93.9,156.7,1.6687965921192756
2026-03-05 19:00:00,97.4,59.0,156.4,6.0,91.4,156.4,1.711159737417943
2026-03-05 19:30:00,97.3,58.5,155.8,7.0,90.3,155.8,1.7253599114064233
2026-03-05 20:00:00,97.8,50.0,147.8,7.0,90.8,147.8,1.6277533039647578
2026-03-05 20:30:00,99.0,42.8,141.8,7.0,92.0,141.8,1.541304347826087
2026-03-05 21:00:00,99.19999999999999,41.2,140.39999999999998,7.0,92.19999999999999,140.39999999999998,1.5227765726681128
2026-03-05 21:30:00,98.6,39.3,137.89999999999998,6.0,92.6,137.89999999999998,1.4892008639308854
2026-03-05 22:00:00,98.80000000000001,37.5,136.3,9.0,89.80000000000001,136.3,1.517817371937639
2026-03-05 22:30:00,99.4,36.4,135.8,6.0,93.4,135.8,1.4539614561027838
2026-03-05 23:00:00,100.3,37.2,137.5,8.0,92.3,137.5,1.4897074756229687
2026-03-05 23:30:00,100.2,36.9,137.1,6.0,94.2,137.1,1.4554140127388533
2026-03-06 00:00:00,99.1,31.1,130.2,9.0,90.1,130.2,1.4450610432852387
2026-03-06 00:30:00,100.3,34.3,134.6,6.0,94.3,134.6,1.4273594909862142
2026-03-06 01:00:00,100.3,32.7,133.0,7.0,93.3,133.0,1.4255091103965702
2026-03-06 01:30:00,100.2,32.2,132.4,7.0,93.2,132.4,1.4206008583690988
2026-03-06 02:00:00,100.39999999999999,31.9,132.29999999999998,8.0,92.39999999999999,132.29999999999998,1.4318181818181817
2026-03-06 02:30:00,100.5,31.3,131.8,5.0,95.5,131.8,1.380104712041885
2026-03-06 03:00:00,100.2,31.3,131.5,8.0,92.2,131.5,1.4262472885032538
2026-03-06 03:30:00,100.3,30.9,131.2,6.0,94.3,131.2,1.391304347826087
2026-03-06 04:00:00,100.10000000000001,30.9,131.0,8.0,92.10000000000001,131.0,1.4223669923995657
2026-03-06 04:30:00,99.9,30.9,130.8,6.0,93.9,130.8,1.3929712460063899
2026-03-06 05:00:00,99.4,30.4,129.8,7.0,92.4,129.8,1.4047619047619049
2026-03-06 05:30:00,99.0,30.3,129.3,5.0,94.0,129.3,1.3755319148936171
2026-03-06 06:00:00,99.0,30.1,129.1,9.0,90.0,129.1,1.4344444444444444
2026-03-06 06:30:00,98.60000000000001,30.1,128.70000000000002,5.0,93.60000000000001,128.70000000000002,1.375
2026-03-06 07:00:00,99.5,29.9,129.4,8.0,91.5,129.4,1.4142076502732241
2026-03-06 07:30:00,99.1,29.9,129.0,6.0,93.1,129.0,1.385606874328679
2026-03-06 08:00:00,98.9,30.2,129.1,9.0,89.9,129.10000000000002,1.4360400444938823
2026-03-06 08:30:00,98.7,31.0,129.7,4.0,94.7,129.7,1.369588173178458
2026-03-06 09:00:00,98.3,31.2,129.5,8.0,90.3,129.5,1.434108527131783
2026-03-06 09:30:00,98.69999999999999,30.5,129.2,7.0,91.69999999999999,129.2,1.4089422028353327
2026-03-06 10:00:00,98.70000000000002,30.0,128.70000000000002,7.0,91.70000000000002,128.70000000000002,1.4034896401308614
2026-03-06 10:30:00,98.60000000000001,29.2,127.80000000000001,7.0,91.60000000000001,127.80000000000001,1.3951965065502183
2026-03-06 11:00:00,98.39999999999999,29.3,127.69999999999999,6.0,92.39999999999999,127.69999999999999,1.382034632034632
2026-03-06 11:30:00,98.0,29.1,127.1,10.0,88.0,127.1,1.4443181818181818
2026-03-06 12:00:00,98.1,29.8,127.89999999999999,4.0,94.1,127.89999999999999,1.359192348565356
2026-03-06 12:30:00,98.5,30.6,129.1,7.0,91.5,129.1,1.4109289617486338
2026-03-06 13:00:00,98.5,32.7,131.2,7.0,91.5,131.2,1.4338797814207649
2026-03-06 13:30:00,97.5,36.1,133.6,5.0,92.5,133.6,1.4443243243243242
2026-03-06 14:00:00,98.3,35.4,133.7,6.0,92.3,133.7,1.4485373781148427
2026-03-06 14:30:00,97.6,34.9,132.5,7.0,90.6,132.5,1.4624724061810155
2026-03-06 15:00:00,99.0,33.0,132.0,7.0,92.0,132.0,1.434782608695652
2026-03-06 15:30:00,99.3,30.6,129.9,6.0,93.3,129.9,1.392282958199357
2026-03-06 16:00:00,99.8,30.1,129.9,5.0,94.8,129.9,1.3702531645569622
2026-03-06 16:30:00,100.3,30.1,130.4,9.0,91.3,130.4,1.4282584884994525
2026-03-06 17:00:00,99.60000000000001,30.0,129.60000000000002,6.0,93.60000000000001,129.60000000000002,1.3846153846153848
2026-03-06 17:30:00,99.10000000000001,30.1,129.20000000000002,6.0,93.10000000000001,129.20000000000002,1.3877551020408163
2026-03-06 18:00:00,99.1,30.1,129.2,6.0,93.1,129.2,1.3877551020408163
2026-03-06 18:30:00,99.0,30.1,129.1,7.0,92.0,129.1,1.4032608695652173
2026-03-06 19:00:00,99.10000000000001,30.5,129.60000000000002,6.0,93.10000000000001,129.60000000000002,1.3920515574650913
2026-03-06 19:30:00,98.5,31.3,129.8,5.0,93.5,129.8,1.3882352941176472
2026-03-06 20:00:00,97.8,31.5,129.3,9.0,88.8,129.3,1.4560810810810814
2026-03-06 20:30:00,98.2,31.2,129.4,6.0,92.2,129.4,1.403470715835141
2026-03-06 21:00:00,98.1,30.3,128.4,4.0,94.1,128.39999999999998,1.3645058448459084
2026-03-06 21:30:00,98.30000000000001,30.1,128.4,10.0,88.30000000000001,128.4,1.4541336353340881
2026-03-06 22:00:00,98.9,30.2,129.1,5.0,93.9,129.10000000000002,1.374866879659212
2026-03-06 22:30:00,99.30000000000001,30.1,129.4,7.0,92.30000000000001,129.4,1.4019501625135427
2026-03-06 23:00:00,99.5,30.1,129.6,7.0,92.5,129.6,1.401081081081081
2026-03-06 23:30:00,98.8,29.7,128.5,7.0,91.8,128.5,1.3997821350762527
2026-03-07 00:00:00,98.2,29.9,128.1,6.0,92.2,128.1,1.3893709327548807
2026-03-07 00:30:00,99.2,29.9,129.1,7.0,92.2,129.1,1.4002169197396963
2026-03-07 01:00:00,99.6,29.8,129.4,8.0,91.6,129.39999999999998,1.412663755458515
2026-03-07 01:30:00,99.3,30.6,129.9,6.0,93.3,129.9,1.392282958199357
2026-03-07 02:00:00,98.5,29.7,128.2,6.0,92.5,128.2,1.3859459459459458
2026-03-07 02:30:00,98.3,29.4,127.69999999999999,7.0,91.3,127.69999999999999,1.3986856516976998
2026-03-07 03:00:00,98.5,30.2,128.7,5.0,93.5,128.7,1.376470588235294
2026-03-07 03:30:00,99.0,29.7,128.7,8.0,91.0,128.7,1.4142857142857141
2026-03-07 04:00:00,99.1,30.6,129.7,5.0,94.1,129.7,1.3783209351753454
2026-03-07 04:30:00,98.0,29.5,127.5,8.0,90.0,127.5,1.4166666666666667
2026-03-07 05:00:00,98.6,30.5,129.1,5.0,93.6,129.1,1.3792735042735043
2026-03-07 05:30:00,98.6,29.5,128.1,6.0,92.6,128.1,1.3833693304535637
2026-03-07 06:00:00,99.2,30.3,129.5,7.0,92.2,129.5,1.4045553145336225
2026-03-07 06:30:00,98.6,29.8,128.4,5.0,93.6,128.39999999999998,1.3717948717948716
2026-03-07 07:00:00,98.1,29.9,128.0,8.0,90.1,128.0,1.4206437291897893
2026-03-07 07:30:00,98.6,29.7,128.29999999999998,5.0,93.6,128.3,1.370726495726496
2026-03-07 08:00:00,98.1,30.2,128.29999999999998,6.0,92.1,128.3,1.3930510314875137
2026-03-07 08:30:00,97.49999999999999,29.7,127.19999999999999,8.0,89.49999999999999,127.19999999999999,1.4212290502793297
2026-03-07 09:00:00,97.6,29.2,126.8,6.0,91.6,126.8,1.3842794759825328
2026-03-07 09:30:00,97.49999999999999,29.3,126.79999999999998,5.0,92.49999999999999,126.79999999999998,1.3708108108108108
2026-03-07 10:00:00,96.89999999999999,29.1,126.0,8.0,88.89999999999999,126.0,1.4173228346456694
2026-03-07 10:30:00,97.2,28.9,126.1,5.0,92.2,126.1,1.3676789587852494
2026-03-07 11:00:00,97.39999999999999,29.3,126.69999999999999,5.0,92.39999999999999,126.69999999999999,1.3712121212121213
2026-03-07 11:30:00,97.6,28.9,126.5,8.0,89.6,126.5,1.4118303571428572
2026-03-07 12:00:00,97.5,28.7,126.2,6.0,91.5,126.2,1.3792349726775956
2026-03-07 12:30:00,97.30000000000001,28.7,126.00000000000001,5.0,92.30000000000001,126.00000000000001,1.3651137594799567
2026-03-07 13:00:00,97.80000000000001,28.8,126.60000000000001,9.0,88.80000000000001,126.60000000000001,1.4256756756756757
2026-03-07 13:30:00,98.4,28.9,127.30000000000001,6.0,92.4,127.30000000000001,1.3777056277056277
2026-03-07 14:00:00,98.30000000000001,29.1,127.4,5.0,93.30000000000001,127.4,1.365487674169346
2026-03-07 14:30:00,98.6,29.1,127.69999999999999,8.0,90.6,127.69999999999999,1.4094922737306843
2026-03-07 15:00:00,98.5,29.0,127.5,6.0,92.5,127.5,1.3783783783783783
2026-03-07 15:30:00,98.5,29.0,127.5,6.0,92.5,127.5,1.3783783783783783
2026-03-07 16:00:00,98.8,29.3,128.1,7.0,91.8,128.1,1.3954248366013071
2026-03-07 16:30:00,98.4,30.1,128.5,5.0,93.4,128.5,1.3758029978586723
2026-03-07 17:00:00,98.10000000000001,30.8,128.9,7.0,91.10000000000001,128.9,1.4149286498353457
2026-03-07 17:30:00,97.80000000000001,31.0,128.8,6.0,91.80000000000001,128.8,1.4030501089324618
2026-03-07 18:00:00,97.8,30.6,128.4,5.0,92.8,128.4,1.3836206896551726
2026-03-07 18:30:00,98.3,30.4,128.7,7.0,91.3,128.7,1.4096385542168675
2026-03-07 19:00:00,98.69999999999999,30.8,129.5,7.0,91.69999999999999,129.5,1.4122137404580155
2026-03-07 19:30:00,98.3,31.1,129.4,5.0,93.3,129.4,1.386923901393355
2026-03-07 20:00:00,98.1,31.8,129.9,6.0,92.1,129.89999999999998,1.4104234527687294
2026-03-07 20:30:00,98.2,31.9,130.1,7.0,91.2,130.1,1.4265350877192982
2026-03-07 21:00:00,98.4,31.2,129.6,4.0,94.4,129.60000000000002,1.3728813559322035
2026-03-07 21:30:00,97.4,30.3,127.7,8.0,89.4,127.7,1.4284116331096197
2026-03-07 22:00:00,97.60000000000001,29.8,127.4,6.0,91.60000000000001,127.4,1.390829694323144
2026-03-07 22:30:00,97.4,29.7,127.10000000000001,5.0,92.4,127.10000000000001,1.3755411255411256
2026-03-07 23:00:00,98.3,30.1,128.4,7.0,91.3,128.4,1.4063526834611173
2026-03-07 23:30:00,98.8,29.7,128.5,6.0,92.8,128.5,1.384698275862069
2026-03-08 00:00:00,98.0,30.8,128.8,5.0,93.0,128.8,1.3849462365591398
2026-03-08 00:30:00,97.3,29.7,127.0,6.0,91.3,127.0,1.3910186199342827
2026-03-08 01:00:00,98.0,29.2,127.2,7.0,91.0,127.2,1.397802197802198
2026-03-08 01:30:00,98.30000000000001,29.2,127.50000000000001,8.0,90.30000000000001,127.50000000000001,1.4119601328903655
2026-03-08 02:00:00,98.5,29.7,128.2,5.0,93.5,128.2,1.3711229946524064
2026-03-08 02:30:00,97.9,29.3,127.2,8.0,89.9,127.2,1.414905450500556
2026-03-08 03:00:00,98.30000000000001,29.1,127.4,6.0,92.30000000000001,127.4,1.380281690140845
2026-03-08 03:30:00,98.4,29.4,127.80000000000001,6.0,92.4,127.80000000000001,1.3831168831168832
2026-03-08 04:00:00,98.5,29.4,127.9,6.0,92.5,127.9,1.3827027027027028
2026-03-08 04:30:00,98.69999999999999,29.3,127.99999999999999,6.0,92.69999999999999,127.99999999999999,1.3807982740021576
2026-03-08 05:00:00,98.4,29.3,127.7,7.0,91.4,127.7,1.3971553610503282
2026-03-08 05:30:00,98.7,29.5,128.2,6.0,92.7,128.2,1.3829557713052858
2026-03-08 06:00:00,98.4,29.6,128.0,6.0,92.4,128.0,1.3852813852813852
2026-03-08 06:30:00,97.8,29.4,127.19999999999999,6.0,91.8,127.19999999999999,1.3856209150326797
2026-03-08 07:00:00,98.1,29.3,127.39999999999999,6.0,92.1,127.39999999999999,1.3832790445168295
2026-03-08 07:30:00,97.4,29.3,126.7,5.0,92.4,126.7,1.371212121212121
2026-03-08 08:00:00,97.80000000000001,30.2,128.0,5.0,92.80000000000001,128.0,1.379310344827586
2026-03-08 08:30:00,97.6,31.1,128.7,8.0,89.6,128.7,1.4363839285714286
2026-03-08 09:00:00,97.80000000000001,31.0,128.8,5.0,92.80000000000001,128.8,1.3879310344827587
2026-03-08 09:30:00,97.30000000000001,31.2,128.5,5.0,92.30000000000001,128.5,1.3921993499458287
2026-03-08 10:00:00,97.69999999999999,31.4,129.1,8.0,89.69999999999999,129.1,1.4392419175027873
2026-03-08 10:30:00,97.4,31.6,129.0,4.0,93.4,129.0,1.3811563169164882
2026-03-08 11:00:00,97.39999999999999,32.3,129.7,7.0,90.39999999999999,129.7,1.4347345132743363
2026-03-08 11:30:00,97.60000000000001,30.9,128.5,8.0,89.60000000000001,128.5,1.4341517857142856
2026-03-08 12:00:00,97.60000000000001,30.0,127.60000000000001,4.0,93.60000000000001,127.60000000000001,1.3632478632478633
2026-03-08 12:30:00,98.0,30.1,128.1,6.0,92.0,128.1,1.392391304347826
2026-03-08 13:00:00,98.3,30.7,129.0,8.0,90.3,129.0,1.4285714285714286
2026-03-08 13:30:00,98.1,31.9,130.0,4.0,94.1,130.0,1.381509032943677
2026-03-08 14:00:00,97.9,33.4,131.3,6.0,91.9,131.3,1.4287268770402612
2026-03-08 14:30:00,97.9,33.4,131.3,8.0,89.9,131.3,1.460511679644049
2026-03-08 15:00:00,98.1,33.8,131.89999999999998,7.0,91.1,131.89999999999998,1.4478594950603731
2026-03-08 15:30:00,97.9,33.8,131.7,5.0,92.9,131.7,1.417653390742734
2026-03-08 16:00:00,98.19999999999999,33.9,132.1,8.0,90.19999999999999,132.1,1.4645232815964524
2026-03-08 16:30:00,98.5,32.8,131.3,7.0,91.5,131.3,1.4349726775956286
2026-03-08 17:00:00,97.30000000000001,32.6,129.9,5.0,92.30000000000001,129.9,1.407367280606717
2026-03-08 17:30:00,97.4,32.3,129.7,6.0,91.4,129.7,1.4190371991247264
2026-03-08 18:00:00,97.4,31.6,129.0,6.0,91.4,129.0,1.411378555798687
2026-03-08 18:30:00,97.9,30.9,128.8,5.0,92.9,128.8,1.3864370290635093
2026-03-08 19:00:00,97.9,30.7,128.6,6.0,91.9,128.60000000000002,1.3993471164309033
2026-03-08 19:30:00,97.69999999999999,32.0,129.7,7.0,90.69999999999999,129.7,1.4299889746416758
2026-03-08 20:00:00,98.19999999999999,32.0,130.2,6.0,92.19999999999999,130.2,1.4121475054229935
2026-03-08 20:30:00,98.7,31.5,130.2,6.0,92.7,130.2,1.4045307443365693
2026-03-08 21:00:00,98.8,31.1,129.9,7.0,91.8,129.9,1.4150326797385622
2026-03-08 21:30:00,98.3,30.8,129.1,5.0,93.3,129.1,1.3837084673097535
2026-03-08 22:00:00,98.5,30.6,129.1,6.0,92.5,129.1,1.3956756756756756
2026-03-08 22:30:00,98.60000000000001,30.3,128.9,7.0,91.60000000000001,128.9,1.4072052401746724
2026-03-08 23:00:00,98.2,30.5,128.7,5.0,93.2,128.7,1.380901287553648
2026-03-08 23:30:00,97.80000000000001,30.0,127.80000000000001,6.0,91.80000000000001,127.80000000000001,1.392156862745098
2026-03-09 00:00:00,98.5,33.7,132.2,8.0,90.5,132.2,1.4607734806629833
2026-03-09 00:30:00,95.5,30.9,126.4,5.0,90.5,126.4,1.3966850828729283
2026-03-09 01:00:00,95.0,29.6,124.6,6.0,89.0,124.6,1.4
2026-03-09 01:30:00,95.39999999999999,30.1,125.5,6.0,89.39999999999999,125.5,1.4038031319910516
2026-03-09 02:00:00,95.4,30.6,126.0,5.0,90.4,126.0,1.393805309734513
2026-03-09 02:30:00,95.69999999999999,30.5,126.19999999999999,8.0,87.69999999999999,126.19999999999999,1.4389965792474344
2026-03-09 03:00:00,96.1,30.7,126.8,7.0,89.1,126.8,1.4231200897867564
2026-03-09 03:30:00,96.19999999999999,30.9,127.1,6.0,90.19999999999999,127.1,1.4090909090909092
2026-03-09 04:00:00,96.0,30.9,126.9,7.0,89.0,126.9,1.4258426966292135
2026-03-09 04:30:00,97.0,30.6,127.6,6.0,91.0,127.6,1.402197802197802
2026-03-09 05:00:00,97.0,30.6,127.6,6.0,91.0,127.6,1.402197802197802
2026-03-09 05:30:00,96.9,30.6,127.5,7.0,89.9,127.5,1.418242491657397
2026-03-09 06:00:00,96.4,30.5,126.9,6.0,90.4,126.9,1.4037610619469025
2026-03-09 06:30:00,95.5,30.3,125.8,5.0,90.5,125.8,1.3900552486187845
2026-03-09 07:00:00,95.80000000000001,30.3,126.10000000000001,6.0,89.80000000000001,126.10000000000001,1.4042316258351892
2026-03-09 07:30:00,95.30000000000001,29.3,124.60000000000001,7.0,88.30000000000001,124.60000000000001,1.4110985277463193
2026-03-09 08:00:00,95.4,30.4,125.80000000000001,4.0,91.4,125.80000000000001,1.37636761487965
2026-03-09 08:30:00,95.4,32.6,128.0,7.0,88.4,128.0,1.4479638009049773
2026-03-09 09:00:00,95.9,33.9,129.8,7.0,88.9,129.8,1.4600674915635545
2026-03-09 09:30:00,96.1,34.0,130.1,4.0,92.1,130.1,1.4125950054288816
2026-03-09 10:00:00,96.6,33.7,130.3,7.0,89.6,130.3,1.4542410714285716
2026-03-09 10:30:00,97.2,32.3,129.5,7.0,90.2,129.5,1.4356984478935697
2026-03-09 11:00:00,132.39999999999998,45.1,177.49999999999997,4.0,128.39999999999998,177.49999999999997,1.382398753894081
2026-03-09 11:30:00,97.0,33.5,130.5,7.0,90.0,130.5,1.45
2026-03-09 12:00:00,97.30000000000001,31.3,128.60000000000002,7.0,90.30000000000001,128.60000000000002,1.4241417497231452
2026-03-09 12:30:00,96.30000000000001,34.2,130.5,4.0,92.30000000000001,130.5,1.4138678223185264
2026-03-09 13:00:00,96.69999999999999,36.8,133.5,9.0,87.69999999999999,133.5,1.522234891676169
2026-03-09 13:30:00,96.8,39.7,136.5,7.0,89.8,136.5,1.5200445434298442
2026-03-09 14:00:00,97.30000000000001,40.8,138.10000000000002,9.0,88.30000000000001,138.10000000000002,1.563986409966025
2026-03-09 14:30:00,100.2,40.4,140.6,5.0,95.2,140.6,1.4768907563025209
2026-03-09 15:00:00,99.4,40.0,139.4,8.0,91.4,139.4,1.525164113785558
2026-03-09 15:30:00,99.5,40.1,139.6,9.0,90.5,139.6,1.5425414364640884
2026-03-09 16:00:00,99.4,40.4,139.8,9.0,90.4,139.8,1.5464601769911506
2026-03-09 16:30:00,99.7,40.3,140.0,8.0,91.7,140.0,1.5267175572519083
2026-03-09 17:00:00,99.5,40.7,140.2,9.0,90.5,140.2,1.549171270718232
2026-03-09 17:30:00,99.89999999999999,40.6,140.5,8.0,91.89999999999999,140.5,1.5288356909684442
2026-03-09 18:30:00,100.7,40.9,141.6,6.0,94.7,141.6,1.495248152059134
2026-03-09 19:00:00,100.5,40.2,140.7,9.0,91.5,140.7,1.5377049180327869
2026-03-09 19:30:00,100.39999999999999,36.6,137.0,9.0,91.39999999999999,137.0,1.4989059080962803
2026-03-09 20:00:00,100.39999999999999,34.2,134.6,8.0,92.39999999999999,134.6,1.4567099567099568
2026-03-09 20:30:00,100.5,31.5,132.0,8.0,92.5,132.0,1.427027027027027
2026-03-09 21:00:00,100.7,30.3,131.0,8.0,92.7,131.0,1.413160733549083
2026-03-09 21:30:00,100.8,29.3,130.1,9.0,91.8,130.1,1.4172113289760349
2026-03-09 22:30:00,100.5,28.8,129.3,7.0,93.5,129.3,1.3828877005347595
2026-03-09 23:00:00,99.69999999999999,28.6,128.29999999999998,8.0,91.69999999999999,128.29999999999998,1.3991275899672846
2026-03-09 23:30:00,100.19999999999999,28.3,128.5,9.0,91.19999999999999,128.5,1.4089912280701755
2026-03-10 00:00:00,95.5,33.5,129.0,10.0,85.5,129.0,1.5087719298245614
2026-03-10 01:00:00,100.0,28.0,128.0,8.0,92.0,128.0,1.391304347826087
2026-03-10 01:30:00,99.0,27.5,126.5,9.0,90.0,126.5,1.4055555555555554
2026-03-10 02:00:00,99.60000000000001,27.6,127.20000000000002,8.0,91.60000000000001,127.20000000000002,1.3886462882096071
2026-03-10 02:30:00,99.7,27.4,127.1,7.0,92.7,127.1,1.3710895361380797
2026-03-10 03:00:00,100.0,27.1,127.1,7.0,93.0,127.1,1.3666666666666667
2026-03-10 03:30:00,100.4,27.2,127.60000000000001,9.0,91.4,127.60000000000001,1.3960612691466083
2026-03-10 04:00:00,100.5,27.2,127.7,9.0,91.5,127.7,1.3956284153005465
2026-03-10 04:30:00,100.20000000000002,27.0,127.20000000000002,9.0,91.20000000000002,127.20000000000002,1.394736842105263
2026-03-10 05:00:00,100.1,26.9,127.0,7.0,93.1,127.0,1.3641245972073042
2026-03-10 05:30:00,100.0,27.6,127.6,9.0,91.0,127.6,1.402197802197802
2026-03-10 06:00:00,99.8,27.4,127.19999999999999,8.0,91.8,127.19999999999999,1.3856209150326797
2026-03-10 06:30:00,100.30000000000001,27.4,127.70000000000002,7.0,93.30000000000001,127.70000000000002,1.3687031082529475
2026-03-10 07:00:00,100.10000000000001,27.6,127.70000000000002,8.0,92.10000000000001,127.70000000000002,1.3865363735070575
2026-03-10 07:30:00,100.0,26.0,126.0,8.0,92.0,126.0,1.3695652173913044
2026-03-10 08:00:00,100.1,26.6,126.69999999999999,9.0,91.1,126.69999999999999,1.3907793633369923
2026-03-10 08:30:00,100.1,27.9,128.0,9.0,91.1,128.0,1.4050493962678376
2026-03-10 09:00:00,100.1,28.4,128.5,9.0,91.1,128.5,1.4105378704720088
2026-03-10 09:30:00,100.4,29.1,129.5,8.0,92.4,129.5,1.4015151515151514
2026-03-10 10:00:00,100.0,29.4,129.4,6.0,94.0,129.4,1.3765957446808512
2026-03-10 10:30:00,99.39999999999999,29.8,129.2,8.0,91.39999999999999,129.2,1.4135667396061269
2026-03-10 11:00:00,99.5,30.0,129.5,8.0,91.5,129.5,1.4153005464480874
2026-03-10 11:30:00,99.3,29.3,128.6,9.0,90.3,128.6,1.424141749723145
2026-03-10 12:00:00,99.5,31.7,131.2,9.0,90.5,131.2,1.4497237569060772
2026-03-10 12:30:00,100.0,32.0,132.0,7.0,93.0,132.0,1.4193548387096775
2026-03-10 13:00:00,100.29999999999998,39.8,140.09999999999997,9.0,91.29999999999998,140.09999999999997,1.5345016429353777
2026-03-10 13:30:00,136.3,55.3,191.60000000000002,7.0,129.3,191.60000000000002,1.4818252126836815
2026-03-10 14:00:00,98.8,41.6,140.4,9.0,89.8,140.4,1.5634743875278398
2026-03-10 14:30:00,82.4,11.7,94.10000000000001,9.0,73.4,94.10000000000001,1.282016348773842
2026-03-10 15:30:00,38.900000000000006,14.3,53.2,2.0,36.900000000000006,53.2,1.4417344173441733
2026-03-10 16:00:00,57.0,38.9,95.9,5.0,52.0,95.9,1.8442307692307693
2026-03-10 16:30:00,68.0,35.6,103.6,6.0,62.0,103.6,1.6709677419354838
2026-03-10 17:00:00,85.20000000000002,20.6,105.80000000000001,7.0,78.20000000000002,105.80000000000001,1.352941176470588
2026-03-10 17:30:00,93.6,66.5,160.1,7.0,86.6,160.1,1.848729792147806
2026-03-10 18:00:00,91.9,38.7,130.60000000000002,9.0,82.9,130.60000000000002,1.5753920386007239
2026-03-10 19:00:00,95.39999999999999,39.2,134.6,9.0,86.39999999999999,134.6,1.5578703703703705
2026-03-10 19:30:00,95.30000000000001,39.0,134.3,7.0,88.30000000000001,134.3,1.520951302378256
2026-03-10 20:00:00,95.4,39.1,134.5,7.0,88.4,134.5,1.5214932126696832
2026-03-10 20:30:00,95.4,39.0,134.4,7.0,88.4,134.4,1.5203619909502262
2026-03-10 21:00:00,94.9,38.5,133.4,8.0,86.9,133.4,1.5350978135788262
2026-03-10 21:30:00,92.6,51.8,144.39999999999998,7.0,85.6,144.39999999999998,1.686915887850467
2026-03-10 22:00:00,92.6,44.4,137.0,6.0,86.6,137.0,1.581986143187067
2026-03-10 22:30:00,93.19999999999999,46.3,139.5,7.0,86.19999999999999,139.5,1.618329466357309
2026-03-10 23:30:00,92.5,39.3,131.8,9.0,83.5,131.8,1.5784431137724553
2026-03-11 00:00:00,97.7,36.6,134.3,9.0,88.7,134.3,1.5140924464487036
2026-03-11 01:00:00,94.69999999999999,37.4,132.1,8.0,86.69999999999999,132.1,1.5236447520184546
2026-03-11 01:30:00,94.39999999999999,37.9,132.29999999999998,7.0,87.39999999999999,132.29999999999998,1.5137299771167048
2026-03-11 02:00:00,94.89999999999999,38.3,133.2,7.0,87.89999999999999,133.2,1.5153583617747441
2026-03-11 02:30:00,94.3,37.7,132.0,9.0,85.3,132.0,1.5474794841735053
2026-03-11 03:00:00,94.80000000000001,38.6,133.4,8.0,86.80000000000001,133.4,1.5368663594470044
2026-03-11 03:30:00,94.5,38.1,132.6,8.0,86.5,132.6,1.5329479768786127
2026-03-11 04:00:00,94.5,38.4,132.9,8.0,86.5,132.9,1.5364161849710984
2026-03-11 04:30:00,94.69999999999999,38.3,133.0,9.0,85.69999999999999,133.0,1.5519253208868147
2026-03-11 05:00:00,94.39999999999999,38.4,132.79999999999998,8.0,86.39999999999999,132.79999999999998,1.537037037037037
2026-03-11 05:30:00,93.5,38.2,131.7,5.0,88.5,131.7,1.4881355932203388
2026-03-11 06:00:00,94.0,38.3,132.3,9.0,85.0,132.3,1.5564705882352943
2026-03-11 06:30:00,93.8,38.3,132.1,9.0,84.8,132.1,1.5577830188679245
2026-03-11 07:00:00,93.9,38.2,132.10000000000002,9.0,84.9,132.10000000000002,1.5559481743227328
2026-03-11 07:30:00,92.6,38.0,130.6,8.0,84.6,130.6,1.5437352245862885
2026-03-11 08:00:00,93.4,38.0,131.4,8.0,85.4,131.4,1.5386416861826697
2026-03-11 08:30:00,92.9,37.9,130.8,9.0,83.9,130.8,1.558998808104887
2026-03-11 09:00:00,93.1,37.8,130.89999999999998,7.0,86.1,130.89999999999998,1.5203252032520325
2026-03-11 09:30:00,93.1,37.9,131.0,8.0,85.1,131.0,1.5393654524089309
2026-03-11 10:00:00,93.9,38.5,132.4,8.0,85.9,132.4,1.541327124563446
2026-03-11 10:30:00,96.5,38.2,134.7,9.0,87.5,134.7,1.5394285714285714
2026-03-11 11:00:00,98.4,38.8,137.2,9.0,89.4,137.2,1.5346756152125278
2026-03-11 11:30:00,97.4,39.7,137.10000000000002,8.0,89.4,137.10000000000002,1.5335570469798658
2026-03-11 12:00:00,97.60000000000001,39.4,137.0,9.0,88.60000000000001,137.0,1.54627539503386
2026-03-11 12:30:00,97.6,39.5,137.1,7.0,90.6,137.1,1.5132450331125828
2026-03-11 13:00:00,97.80000000000001,39.8,137.60000000000002,8.0,89.80000000000001,137.60000000000002,1.5322939866369711
2026-03-11 13:30:00,97.9,39.7,137.60000000000002,7.0,90.9,137.60000000000002,1.513751375137514
2026-03-11 14:00:00,98.1,39.5,137.6,9.0,89.1,137.6,1.5443322109988777
2026-03-11 14:30:00,98.0,39.8,137.8,8.0,90.0,137.8,1.5311111111111113
2026-03-11 15:00:00,98.4,40.1,138.5,9.0,89.4,138.5,1.5492170022371363
2026-03-11 15:30:00,98.0,39.9,137.9,7.0,91.0,137.9,1.5153846153846156
2026-03-11 16:00:00,98.5,39.7,138.2,9.0,89.5,138.2,1.5441340782122903
2026-03-11 16:30:00,98.5,36.0,134.5,8.0,90.5,134.5,1.4861878453038675
2026-03-11 17:00:00,98.8,40.5,139.3,7.0,91.8,139.3,1.5174291938997824
2026-03-11 17:30:00,97.79999999999998,40.2,138.0,6.0,91.79999999999998,138.0,1.5032679738562094
2026-03-11 18:00:00,98.1,39.9,138.0,9.0,89.1,138.0,1.5488215488215489
2026-03-11 18:30:00,98.1,40.0,138.1,8.0,90.1,138.1,1.5327413984461709
2026-03-11 19:00:00,98.89999999999999,34.0,132.89999999999998,9.0,89.89999999999999,132.89999999999998,1.4783092324805338
2026-03-11 19:30:00,98.5,28.3,126.8,9.0,89.5,126.8,1.416759776536313
2026-03-11 20:00:00,99.2,26.3,125.5,8.0,91.2,125.5,1.3760964912280702
2026-03-11 20:30:00,99.10000000000001,25.6,124.70000000000002,9.0,90.10000000000001,124.70000000000002,1.3840177580466149
2026-03-11 21:00:00,99.39999999999999,25.1,124.5,8.0,91.39999999999999,124.5,1.3621444201312911
2026-03-11 21:30:00,99.0,24.8,123.8,7.0,92.0,123.8,1.3456521739130434
2026-03-11 22:00:00,99.5,24.6,124.1,8.0,91.5,124.1,1.3562841530054643
2026-03-11 22:30:00,98.3,24.3,122.6,9.0,89.3,122.6,1.3729003359462486
2026-03-11 23:00:00,98.7,24.1,122.80000000000001,8.0,90.7,122.80000000000001,1.3539140022050717
2026-03-11 23:30:00,98.5,24.1,122.6,7.0,91.5,122.6,1.3398907103825135
2026-03-12 00:00:00,98.60000000000001,28.3,126.9,9.0,89.60000000000001,126.9,1.4162946428571428
2026-03-12 00:30:00,98.1,23.4,121.5,8.0,90.1,121.5,1.3485016648168702
2026-03-12 01:00:00,98.30000000000001,22.8,121.10000000000001,6.0,92.30000000000001,121.10000000000001,1.312026002166847
2026-03-12 01:30:00,98.0,22.8,120.8,9.0,89.0,120.8,1.3573033707865167
2026-03-12 02:00:00,97.69999999999999,22.9,120.6,9.0,88.69999999999999,120.6,1.3596392333709133
2026-03-12 02:30:00,97.3,23.4,120.69999999999999,9.0,88.3,120.69999999999999,1.3669309173272932
2026-03-12 03:00:00,97.6,23.1,120.69999999999999,7.0,90.6,120.69999999999999,1.3322295805739515
2026-03-12 03:30:00,97.6,23.3,120.89999999999999,8.0,89.6,120.89999999999999,1.3493303571428572
2026-03-12 04:00:00,98.4,23.1,121.5,9.0,89.4,121.5,1.3590604026845636
2026-03-12 04:30:00,98.4,23.3,121.7,7.0,91.4,121.7,1.3315098468271334
2026-03-12 05:00:00,98.5,23.1,121.6,6.0,92.5,121.6,1.3145945945945945
2026-03-12 05:30:00,97.9,22.8,120.7,9.0,88.9,120.7,1.357705286839145
2026-03-12 06:00:00,98.69999999999999,22.9,121.6,9.0,89.69999999999999,121.6,1.3556298773690079
2026-03-12 06:30:00,98.4,23.0,121.4,9.0,89.4,121.4,1.3579418344519016
2026-03-12 07:00:00,98.9,23.1,122.0,9.0,89.9,122.0,1.35706340378198
2026-03-12 07:30:00,98.4,22.4,120.80000000000001,6.0,92.4,120.80000000000001,1.3073593073593075
2026-03-12 08:00:00,98.69999999999999,22.4,121.1,8.0,90.69999999999999,121.1,1.3351708930540243
2026-03-12 08:30:00,98.19999999999999,23.2,121.39999999999999,8.0,90.19999999999999,121.39999999999999,1.3458980044345898
2026-03-12 09:00:00,98.9,24.1,123.0,8.0,90.9,123.0,1.353135313531353
2026-03-12 09:30:00,98.69999999999999,24.2,122.89999999999999,9.0,89.69999999999999,122.89999999999999,1.3701226309921963
2026-03-12 10:00:00,99.0,24.8,123.8,9.0,90.0,123.8,1.3755555555555554
2026-03-12 10:30:00,98.3,33.8,132.1,8.0,90.3,132.1,1.4629014396456257
2026-03-12 11:00:00,97.0,31.6,128.6,3.0,94.0,128.6,1.3680851063829786
2026-03-12 11:30:00,95.9,31.2,127.10000000000001,7.0,88.9,127.10000000000001,1.4296962879640045
2026-03-12 12:00:00,96.0,28.0,124.0,9.0,87.0,124.0,1.4252873563218391
2026-03-12 12:30:00,131.9,37.9,169.8,8.0,123.9,169.8,1.3704600484261502
2026-03-12 13:00:00,99.10000000000001,25.8,124.9,9.0,90.10000000000001,124.9,1.386237513873474
2026-03-12 13:30:00,100.19999999999999,26.5,126.69999999999999,10.0,90.19999999999999,126.69999999999999,1.4046563192904657
2026-03-12 14:00:00,100.5,31.6,132.1,7.0,93.5,132.1,1.4128342245989305
2026-03-12 15:00:00,98.19999999999999,28.2,126.39999999999999,10.0,88.19999999999999,126.39999999999999,1.433106575963719
2026-03-12 15:30:00,99.7,27.6,127.30000000000001,9.0,90.7,127.30000000000001,1.4035281146637266
2026-03-12 16:00:00,100.2,23.3,123.5,9.0,91.2,123.5,1.3541666666666665
2026-03-12 16:30:00,100.5,33.1,133.6,8.0,92.5,133.6,1.4443243243243242
2026-03-12 17:00:00,98.6,43.3,141.89999999999998,8.0,90.6,141.89999999999998,1.5662251655629138
2026-03-12 17:30:00,97.7,38.8,136.5,4.0,93.7,136.5,1.4567769477054429
2026-03-12 18:00:00,97.1,38.8,135.89999999999998,8.0,89.1,135.89999999999998,1.525252525252525
2026-03-12 18:30:00,96.5,38.3,134.8,7.0,89.5,134.8,1.5061452513966482
2026-03-12 19:00:00,96.30000000000001,38.1,134.4,3.0,93.30000000000001,134.4,1.440514469453376
2026-03-12 19:30:00,95.30000000000001,37.0,132.3,8.0,87.30000000000001,132.3,1.5154639175257731
2026-03-12 20:00:00,95.80000000000001,35.2,131.0,8.0,87.80000000000001,131.0,1.492027334851936
2026-03-12 20:30:00,96.9,33.4,130.3,2.0,94.9,130.3,1.3730242360379348
2026-03-12 21:00:00,97.2,32.5,129.7,9.0,88.2,129.7,1.4705215419501132
2026-03-12 21:30:00,97.1,31.4,128.5,8.0,89.1,128.5,1.4421997755331089
2026-03-12 22:00:00,97.5,29.9,127.4,2.0,95.5,127.4,1.3340314136125655
2026-03-12 22:30:00,96.5,29.1,125.6,9.0,87.5,125.6,1.4354285714285713
2026-03-12 23:00:00,96.19999999999999,28.6,124.79999999999998,8.0,88.19999999999999,124.79999999999998,1.4149659863945578
2026-03-12 23:30:00,95.7,28.4,124.1,4.0,91.7,124.1,1.3533260632497273
2026-03-13 00:00:00,99.0,28.1,127.1,7.0,92.0,127.1,1.3815217391304346
2026-03-13 01:00:00,96.39999999999999,28.6,125.0,3.0,93.39999999999999,125.0,1.3383297644539616
2026-03-13 01:30:00,95.3,28.4,123.69999999999999,7.0,88.3,123.69999999999999,1.4009060022650055
2026-03-13 02:00:00,95.60000000000001,31.4,127.0,9.0,86.60000000000001,127.0,1.4665127020785218
2026-03-13 02:30:00,95.7,25.6,121.30000000000001,8.0,87.7,121.30000000000001,1.3831242873432157
2026-03-13 03:00:00,97.5,31.4,128.9,3.0,94.5,128.9,1.3640211640211641
2026-03-13 03:30:00,95.19999999999999,28.7,123.89999999999999,7.0,88.19999999999999,123.89999999999999,1.4047619047619049
2026-03-13 04:00:00,95.6,27.3,122.89999999999999,8.0,87.6,122.89999999999999,1.4029680365296804
2026-03-13 04:30:00,95.19999999999999,26.8,121.99999999999999,9.0,86.19999999999999,121.99999999999999,1.4153132250580047
2026-03-13 05:00:00,98.20000000000002,23.5,121.70000000000002,3.0,95.20000000000002,121.70000000000002,1.278361344537815
2026-03-13 05:30:00,97.1,31.8,128.9,8.0,89.1,128.89999999999998,1.4466891133557798
2026-03-13 06:00:00,95.89999999999999,27.9,123.79999999999998,9.0,86.89999999999999,123.79999999999998,1.4246260069044878
2026-03-13 06:30:00,97.9,22.0,119.9,9.0,88.9,119.9,1.3487064116985377
2026-03-13 07:00:00,98.60000000000001,30.7,129.3,9.0,89.60000000000001,129.3,1.4430803571428572
2026-03-13 07:30:00,98.5,23.7,122.2,9.0,89.5,122.2,1.3653631284916201
2026-03-13 08:00:00,98.7,23.4,122.1,5.0,93.7,122.1,1.303094983991462
2026-03-13 08:30:00,98.3,23.4,121.69999999999999,8.0,90.3,121.69999999999999,1.3477297895902547
2026-03-13 09:00:00,98.39999999999999,23.7,122.1,7.0,91.39999999999999,122.1,1.3358862144420132
2026-03-13 09:30:00,98.5,23.8,122.3,9.0,89.5,122.3,1.3664804469273744
2026-03-13 10:00:00,99.2,24.3,123.5,8.0,91.2,123.5,1.3541666666666665
2026-03-13 10:30:00,98.9,24.6,123.5,8.0,90.9,123.5,1.3586358635863585
2026-03-13 11:00:00,98.9,24.8,123.7,10.0,88.9,123.7,1.391451068616423
2026-03-13 11:30:00,98.10000000000001,25.0,123.10000000000001,9.0,89.10000000000001,123.10000000000001,1.3815937149270483
2026-03-13 12:00:00,98.6,25.5,124.1,7.0,91.6,124.1,1.3548034934497817
2026-03-13 12:30:00,98.2,25.7,123.9,8.0,90.2,123.9,1.3736141906873613
2026-03-13 13:00:00,98.4,26.1,124.5,8.0,90.4,124.5,1.3772123893805308
2026-03-13 13:30:00,97.60000000000001,26.1,123.70000000000002,8.0,89.60000000000001,123.70000000000002,1.3805803571428572
2026-03-13 14:00:00,97.9,26.3,124.2,9.0,88.9,124.2,1.3970753655793025
2026-03-13 14:30:00,98.2,26.8,125.0,7.0,91.2,125.0,1.3706140350877192
2026-03-13 15:00:00,98.30000000000001,27.1,125.4,9.0,89.30000000000001,125.4,1.404255319148936
2026-03-13 15:30:00,98.30000000000001,27.1,125.4,8.0,90.30000000000001,125.4,1.388704318936877
2026-03-13 16:00:00,98.9,27.0,125.9,7.0,91.9,125.9,1.369967355821545
2026-03-13 16:30:00,98.30000000000001,26.9,125.20000000000002,8.0,90.30000000000001,125.20000000000002,1.3864894795127354
2026-03-13 17:00:00,98.10000000000001,26.6,124.70000000000002,7.0,91.10000000000001,124.70000000000002,1.3688254665203075
2026-03-13 17:30:00,97.6,26.5,124.1,9.0,88.6,124.1,1.4006772009029345
2026-03-13 18:00:00,98.30000000000001,27.1,125.4,9.0,89.30000000000001,125.4,1.404255319148936
2026-03-13 18:30:00,98.8,26.6,125.4,8.0,90.8,125.4,1.3810572687224671
2026-03-13 19:00:00,98.80000000000001,26.0,124.80000000000001,9.0,89.80000000000001,124.80000000000001,1.3897550111358574
2026-03-13 19:30:00,98.8,26.1,124.9,6.0,92.8,124.9,1.3459051724137931
2026-03-13 20:00:00,98.4,25.8,124.2,8.0,90.4,124.2,1.3738938053097345
2026-03-13 20:30:00,98.39999999999999,25.6,124.0,10.0,88.39999999999999,124.0,1.402714932126697
2026-03-13 21:00:00,98.0,25.5,123.5,7.0,91.0,123.5,1.3571428571428572
2026-03-13 21:30:00,98.2,34.0,132.2,8.0,90.2,132.2,1.465631929046563
2026-03-13 22:00:00,97.8,39.5,137.3,10.0,87.8,137.3,1.5637813211845104
2026-03-13 22:30:00,98.00000000000001,39.9,137.9,8.0,90.00000000000001,137.9,1.5322222222222222
2026-03-13 23:00:00,98.1,40.0,138.1,8.0,90.1,138.1,1.5327413984461709
2026-03-13 23:30:00,97.8,40.0,137.8,6.0,91.8,137.8,1.5010893246187365
2026-03-14 00:00:00,96.4,30.9,127.30000000000001,8.0,88.4,127.30000000000001,1.4400452488687783
2026-03-14 00:30:00,97.80000000000001,39.8,137.60000000000002,9.0,88.80000000000001,137.60000000000002,1.5495495495495497
2026-03-14 01:00:00,97.7,40.1,137.8,7.0,90.7,137.8,1.5192943770672547
2026-03-14 01:30:00,98.3,40.2,138.5,10.0,88.3,138.5,1.5685164212910532
2026-03-14 02:00:00,98.30000000000001,39.9,138.20000000000002,8.0,90.30000000000001,138.20000000000002,1.530454042081949
2026-03-14 02:30:00,98.8,40.0,138.8,9.0,89.8,138.8,1.5456570155902005
2026-03-14 03:00:00,98.9,40.1,139.0,8.0,90.9,139.0,1.529152915291529
2026-03-14 03:30:00,99.30000000000001,37.9,137.20000000000002,6.0,93.30000000000001,137.20000000000002,1.4705251875669882
2026-03-14 04:00:00,97.89999999999999,55.7,153.6,9.0,88.89999999999999,153.6,1.7277840269966256
2026-03-14 04:30:00,96.9,59.6,156.5,7.0,89.9,156.5,1.7408231368186873
2026-03-14 05:00:00,97.7,35.4,133.1,8.0,89.7,133.1,1.4838350055741358
2026-03-14 05:30:00,97.8,39.9,137.7,7.0,90.8,137.7,1.5165198237885462
2026-03-14 06:00:00,97.8,39.9,137.7,9.0,88.8,137.7,1.5506756756756757
2026-03-14 06:30:00,98.6,40.3,138.89999999999998,9.0,89.6,138.89999999999998,1.5502232142857142
2026-03-14 07:00:00,32.9,13.3,46.2,6.0,26.9,46.2,1.717472118959108
2026-03-14 07:30:00,98.7,29.2,127.9,9.0,89.7,127.9,1.4258639910813824
2026-03-14 08:00:00,98.9,26.4,125.30000000000001,8.0,90.9,125.30000000000001,1.3784378437843785
2026-03-14 08:30:00,98.70000000000002,25.7,124.40000000000002,10.0,88.70000000000002,124.40000000000002,1.4024802705749717
2026-03-14 09:00:00,98.60000000000001,25.9,124.5,7.0,91.60000000000001,124.5,1.3591703056768558
2026-03-14 09:30:00,98.0,25.4,123.4,7.0,91.0,123.4,1.3560439560439561
2026-03-14 10:00:00,97.60000000000001,24.6,122.20000000000002,10.0,87.60000000000001,122.20000000000002,1.3949771689497716
2026-03-14 10:30:00,97.7,25.9,123.6,6.0,91.7,123.6,1.3478735005452562
2026-03-14 11:00:00,98.3,26.8,125.1,8.0,90.3,125.1,1.3853820598006645
2026-03-14 11:30:00,97.9,26.9,124.80000000000001,9.0,88.9,124.80000000000001,1.4038245219347583
2026-03-14 12:00:00,97.4,26.9,124.30000000000001,8.0,89.4,124.30000000000001,1.3903803131991053
2026-03-14 12:30:00,97.19999999999999,27.0,124.19999999999999,9.0,88.19999999999999,124.19999999999999,1.4081632653061225
2026-03-14 13:00:00,97.30000000000001,27.0,124.30000000000001,8.0,89.30000000000001,124.30000000000001,1.3919372900335947
2026-03-14 13:30:00,97.30000000000001,27.4,124.70000000000002,6.0,91.30000000000001,124.70000000000002,1.3658269441401971
2026-03-14 14:00:00,97.4,27.4,124.80000000000001,10.0,87.4,124.80000000000001,1.4279176201372998
2026-03-14 14:30:00,97.4,27.3,124.7,7.0,90.4,124.7,1.3794247787610618
2026-03-14 15:30:00,97.19999999999999,27.1,124.29999999999998,9.0,88.19999999999999,124.29999999999998,1.409297052154195
2026-03-14 16:00:00,97.1,26.7,123.8,8.0,89.1,123.8,1.389450056116723
2026-03-14 16:30:00,96.9,26.8,123.7,8.0,88.9,123.7,1.391451068616423
2026-03-14 17:00:00,97.1,26.2,123.3,8.0,89.1,123.3,1.3838383838383839
2026-03-14 17:30:00,97.4,26.3,123.7,8.0,89.4,123.7,1.383668903803132
2026-03-14 18:00:00,97.30000000000001,26.1,123.4,7.0,90.30000000000001,123.4,1.3665559246954595
2026-03-14 18:30:00,97.9,26.8,124.7,7.0,90.9,124.7,1.3718371837183718
2026-03-14 19:00:00,97.6,27.2,124.8,10.0,87.6,124.8,1.4246575342465755
2026-03-14 19:30:00,97.89999999999999,26.8,124.69999999999999,9.0,88.89999999999999,124.69999999999999,1.4026996625421821
2026-03-14 20:00:00,97.7,26.6,124.30000000000001,8.0,89.7,124.30000000000001,1.3857302118171684
2026-03-14 20:30:00,98.2,26.9,125.1,8.0,90.2,125.1,1.3869179600886916
2026-03-14 21:00:00,97.89999999999999,26.8,124.69999999999999,7.0,90.89999999999999,124.69999999999999,1.3718371837183718
2026-03-14 21:30:00,98.1,26.6,124.69999999999999,9.0,89.1,124.69999999999999,1.3995510662177328
2026-03-14 22:00:00,98.30000000000001,25.6,123.9,6.0,92.30000000000001,123.9,1.3423618634886239
2026-03-14 22:30:00,98.4,26.3,124.7,9.0,89.4,124.7,1.3948545861297539
2026-03-14 23:00:00,98.5,26.7,125.2,8.0,90.5,125.2,1.383425414364641
2026-03-14 23:30:00,98.19999999999999,26.9,125.1,8.0,90.19999999999999,125.1,1.3869179600886918
2026-03-15 00:00:00,99.7,27.6,127.30000000000001,9.0,90.7,127.30000000000001,1.4035281146637266
2026-03-15 01:00:00,98.1,25.3,123.39999999999999,7.0,91.1,123.39999999999999,1.354555433589462
2026-03-15 01:30:00,97.39999999999999,25.1,122.5,9.0,88.39999999999999,122.5,1.3857466063348418
2026-03-15 02:00:00,97.89999999999999,25.5,123.39999999999999,6.0,91.89999999999999,123.39999999999999,1.3427638737758434
2026-03-15 02:30:00,97.7,26.3,124.0,8.0,89.7,124.0,1.3823857302118172
2026-03-15 03:00:00,98.2,26.2,124.4,8.0,90.2,124.4,1.3791574279379157
2026-03-15 03:30:00,98.1,26.4,124.5,9.0,89.1,124.5,1.3973063973063975
2026-03-15 04:00:00,98.0,26.5,124.5,10.0,88.0,124.5,1.4147727272727273
2026-03-15 04:30:00,98.0,26.3,124.3,8.0,90.0,124.3,1.3811111111111112
2026-03-15 05:00:00,98.69999999999999,25.7,124.39999999999999,7.0,91.69999999999999,124.39999999999999,1.35659760087241
2026-03-15 05:30:00,98.3,25.8,124.1,9.0,89.3,124.1,1.3896976483762598
2026-03-15 06:00:00,98.1,25.6,123.69999999999999,6.0,92.1,123.69999999999999,1.3431053203040173
2026-03-15 06:30:00,97.5,25.5,123.0,9.0,88.5,123.0,1.3898305084745763
2026-03-15 07:00:00,97.7,25.2,122.9,8.0,89.7,122.9,1.3701226309921963
2026-03-15 07:30:00,97.7,25.1,122.80000000000001,8.0,89.7,122.80000000000001,1.3690078037904125
2026-03-15 08:00:00,98.1,25.6,123.69999999999999,9.0,89.1,123.69999999999999,1.388327721661055
2026-03-15 08:30:00,98.0,26.4,124.4,8.0,90.0,124.4,1.3822222222222222
2026-03-15 09:00:00,99.0,26.6,125.6,8.0,91.0,125.6,1.3802197802197802
2026-03-15 09:30:00,99.0,26.6,125.6,8.0,91.0,125.6,1.3802197802197802
2026-03-15 10:00:00,99.1,26.6,125.69999999999999,6.0,93.1,125.69999999999999,1.3501611170784102
2026-03-15 10:30:00,99.0,26.8,125.8,9.0,90.0,125.8,1.3977777777777778
2026-03-15 11:00:00,98.9,26.8,125.7,8.0,90.9,125.7,1.3828382838283828
2026-03-15 11:30:00,98.2,27.2,125.4,8.0,90.2,125.4,1.3902439024390245
2026-03-15 12:00:00,98.2,27.6,125.80000000000001,8.0,90.2,125.80000000000001,1.394678492239468
2026-03-15 12:30:00,97.6,28.6,126.19999999999999,9.0,88.6,126.19999999999999,1.4243792325056432
2026-03-15 13:00:00,98.5,29.9,128.4,8.0,90.5,128.4,1.4187845303867404
2026-03-15 13:30:00,97.9,32.6,130.5,8.0,89.9,130.5,1.4516129032258063
2026-03-15 14:00:00,98.5,33.6,132.1,6.0,92.5,132.1,1.428108108108108
2026-03-15 14:30:00,98.4,33.6,132.0,8.0,90.4,132.0,1.4601769911504423
2026-03-15 15:00:00,98.4,34.0,132.4,8.0,90.4,132.4,1.4646017699115044
2026-03-15 15:30:00,98.0,33.1,131.1,9.0,89.0,131.1,1.4730337078651685
2026-03-15 16:00:00,98.30000000000001,29.8,128.10000000000002,8.0,90.30000000000001,128.10000000000002,1.4186046511627908
2026-03-15 16:30:00,98.2,27.8,126.0,9.0,89.2,126.0,1.412556053811659
2026-03-15 17:00:00,98.6,27.2,125.8,10.0,88.6,125.8,1.419864559819413
2026-03-15 17:30:00,98.1,27.4,125.5,7.0,91.1,125.5,1.3776070252469814
2026-03-15 18:00:00,97.7,27.4,125.1,8.0,89.7,125.1,1.394648829431438
2026-03-15 18:30:00,97.39999999999999,27.3,124.69999999999999,8.0,89.39999999999999,124.69999999999999,1.3948545861297539
2026-03-15 19:00:00,98.4,27.0,125.4,7.0,91.4,125.4,1.3719912472647702
2026-03-15 19:30:00,98.5,26.6,125.1,9.0,89.5,125.1,1.3977653631284916
2026-03-15 20:00:00,98.9,26.9,125.80000000000001,8.0,90.9,125.80000000000001,1.3839383938393839
2026-03-15 20:30:00,98.80000000000001,26.6,125.4,8.0,90.80000000000001,125.4,1.381057268722467
2026-03-15 21:00:00,98.80000000000001,26.6,125.4,9.0,89.80000000000001,125.4,1.396436525612472
2026-03-15 21:30:00,98.5,26.3,124.8,6.0,92.5,124.8,1.3491891891891892
2026-03-15 22:00:00,98.9,25.9,124.80000000000001,9.0,89.9,124.80000000000001,1.3882091212458287
2026-03-15 22:30:00,98.5,25.8,124.3,9.0,89.5,124.3,1.3888268156424581
2026-03-15 23:00:00,98.0,25.6,123.6,6.0,92.0,123.6,1.3434782608695652
2026-03-15 23:30:00,97.1,25.3,122.39999999999999,8.0,89.1,122.39999999999999,1.3737373737373737
2026-03-16 00:00:00,99.30000000000001,32.1,131.4,8.0,91.30000000000001,131.4,1.4392113910186197
2026-03-16 00:30:00,97.4,25.3,122.7,8.0,89.4,122.7,1.37248322147651
2026-03-16 01:00:00,97.4,25.0,122.4,9.0,88.4,122.4,1.3846153846153846
2026-03-16 01:30:00,97.4,24.9,122.30000000000001,7.0,90.4,122.30000000000001,1.3528761061946903
2026-03-16 02:00:00,98.0,25.1,123.1,9.0,89.0,123.1,1.3831460674157303
2026-03-16 02:30:00,98.1,26.0,124.1,9.0,89.1,124.1,1.3928170594837261
2026-03-16 03:00:00,98.0,26.0,124.0,7.0,91.0,124.0,1.3626373626373627
2026-03-16 03:30:00,97.5,26.0,123.5,8.0,89.5,123.5,1.3798882681564246
2026-03-16 04:00:00,98.6,26.0,124.6,8.0,90.6,124.6,1.3752759381898454
2026-03-16 04:30:00,98.2,26.1,124.30000000000001,8.0,90.2,124.30000000000001,1.378048780487805
2026-03-16 05:00:00,98.4,25.8,124.2,8.0,90.4,124.2,1.3738938053097345
2026-03-16 05:30:00,97.69999999999999,25.6,123.29999999999998,8.0,89.69999999999999,123.29999999999998,1.374581939799331
2026-03-16 06:00:00,98.19999999999999,25.4,123.6,9.0,89.19999999999999,123.6,1.3856502242152466
2026-03-16 06:30:00,97.8,25.3,123.1,8.0,89.8,123.1,1.3708240534521159
2026-03-16 07:00:00,97.69999999999999,25.1,122.79999999999998,8.0,89.69999999999999,122.79999999999998,1.3690078037904125
2026-03-16 07:30:00,97.80000000000001,24.6,122.4,8.0,89.80000000000001,122.4,1.3630289532293987
2026-03-16 08:00:00,98.6,24.6,123.19999999999999,7.0,91.6,123.19999999999999,1.3449781659388647
2026-03-16 08:30:00,98.0,25.4,123.4,9.0,89.0,123.4,1.3865168539325843
2026-03-16 09:00:00,134.8,35.8,170.60000000000002,8.0,126.80000000000001,170.60000000000002,1.3454258675078865
2026-03-16 09:30:00,98.30000000000001,26.4,124.70000000000002,8.0,90.30000000000001,124.70000000000002,1.380952380952381
2026-03-16 10:00:00,98.30000000000001,26.8,125.10000000000001,9.0,89.30000000000001,125.10000000000001,1.400895856662934
2026-03-16 10:30:00,98.8,27.2,126.0,7.0,91.8,126.0,1.3725490196078431
2026-03-16 11:00:00,99.2,27.9,127.1,8.0,91.2,127.1,1.3936403508771928
2026-03-16 11:30:00,98.80000000000001,28.2,127.00000000000001,8.0,90.80000000000001,127.00000000000001,1.3986784140969162
2026-03-16 12:00:00,98.4,28.7,127.10000000000001,7.0,91.4,127.10000000000001,1.3905908096280089
2026-03-16 12:30:00,98.7,28.6,127.30000000000001,9.0,89.7,127.30000000000001,1.41917502787068
2026-03-16 13:00:00,98.5,37.4,135.9,6.0,92.5,135.9,1.4691891891891893
2026-03-16 13:30:00,100.1,38.6,138.7,9.0,91.1,138.7,1.522502744237102
2026-03-16 14:00:00,98.2,38.1,136.3,10.0,88.2,136.3,1.5453514739229026
2026-03-16 14:30:00,98.2,38.2,136.4,8.0,90.2,136.4,1.5121951219512195
2026-03-16 15:00:00,97.79999999999998,54.8,152.59999999999997,5.0,92.79999999999998,152.59999999999997,1.644396551724138
2026-03-16 15:30:00,96.4,45.1,141.5,9.0,87.4,141.5,1.6189931350114415
2026-03-16 16:00:00,98.7,46.9,145.6,6.0,92.7,145.6,1.570658036677454
2026-03-16 17:00:00,98.89999999999999,46.4,145.29999999999998,9.0,89.89999999999999,145.29999999999998,1.6162402669632925
2026-03-16 17:30:00,99.2,42.6,141.8,7.0,92.2,141.8,1.5379609544468547
2026-03-16 18:00:00,99.1,42.7,141.8,7.0,92.1,141.8,1.5396308360477744
2026-03-16 18:30:00,99.19999999999999,42.2,141.39999999999998,9.0,90.19999999999999,141.39999999999998,1.5676274944567627
2026-03-16 19:00:00,98.7,46.8,145.5,8.0,90.7,145.5,1.6041896361631753
2026-03-16 19:30:00,98.7,45.0,143.7,7.0,91.7,143.7,1.5670665212649943
2026-03-16 20:00:00,98.80000000000001,38.9,137.70000000000002,9.0,89.80000000000001,137.70000000000002,1.5334075723830736
2026-03-16 20:30:00,99.1,33.7,132.8,8.0,91.1,132.8,1.4577387486278817
2026-03-16 21:00:00,99.2,29.5,128.7,8.0,91.2,128.7,1.4111842105263157
2026-03-16 21:30:00,99.5,31.7,131.2,6.0,93.5,131.2,1.4032085561497325
2026-03-16 22:30:00,100.1,32.2,132.3,7.0,93.1,132.3,1.4210526315789476
2026-03-16 23:00:00,99.8,29.4,129.2,8.0,91.8,129.2,1.4074074074074072
2026-03-16 23:30:00,100.0,29.7,129.7,9.0,91.0,129.7,1.425274725274725
2026-03-17 00:00:00,99.6,39.7,139.3,8.0,91.6,139.3,1.5207423580786028
2026-03-17 01:00:00,100.6,27.7,128.29999999999998,7.0,93.6,128.3,1.370726495726496
2026-03-17 01:30:00,100.6,24.6,125.19999999999999,9.0,91.6,125.19999999999999,1.3668122270742358
2026-03-17 02:00:00,100.80000000000001,26.8,127.60000000000001,6.0,94.80000000000001,127.60000000000001,1.3459915611814346
2026-03-17 02:30:00,98.80000000000001,38.0,136.8,8.0,90.80000000000001,136.8,1.5066079295154184
2026-03-17 03:00:00,99.80000000000001,22.4,122.20000000000002,8.0,91.80000000000001,122.20000000000002,1.3311546840958606
2026-03-17 03:30:00,99.80000000000001,29.3,129.10000000000002,10.0,89.80000000000001,129.10000000000002,1.4376391982182628
2026-03-17 04:00:00,99.7,29.5,129.2,7.0,92.7,129.2,1.3937432578209275
2026-03-17 04:30:00,100.20000000000002,24.1,124.30000000000001,7.0,93.20000000000002,124.30000000000001,1.3336909871244633
2026-03-17 05:00:00,100.80000000000001,28.6,129.4,9.0,91.80000000000001,129.4,1.4095860566448801
2026-03-17 05:30:00,99.7,29.1,128.8,6.0,93.7,128.8,1.3745997865528283
2026-03-17 06:00:00,100.5,27.1,127.6,9.0,91.5,127.6,1.394535519125683
2026-03-17 06:30:00,100.1,28.0,128.1,9.0,91.1,128.1,1.4061470911086718
2026-03-17 07:00:00,100.70000000000002,24.3,125.00000000000001,8.0,92.70000000000002,125.00000000000001,1.3484358144552318
2026-03-17 07:30:00,99.80000000000001,24.4,124.20000000000002,8.0,91.80000000000001,124.20000000000002,1.3529411764705883
2026-03-17 08:00:00,100.80000000000001,26.2,127.00000000000001,6.0,94.80000000000001,127.00000000000001,1.339662447257384
2026-03-17 08:30:00,98.89999999999999,37.1,136.0,6.0,92.89999999999999,136.0,1.4639397201291713
2026-03-17 09:00:00,97.69999999999999,33.8,131.5,8.0,89.69999999999999,131.5,1.4659977703455966
2026-03-17 09:30:00,97.7,34.3,132.0,6.0,91.7,132.0,1.4394765539803707
2026-03-17 10:00:00,98.0,34.9,132.9,5.0,93.0,132.9,1.4290322580645163
2026-03-17 10:30:00,98.5,35.3,133.8,7.0,91.5,133.8,1.4622950819672131
2026-03-17 11:00:00,98.2,35.2,133.4,9.0,89.2,133.4,1.4955156950672646
2026-03-17 11:30:00,97.8,35.4,133.2,4.0,93.8,133.2,1.4200426439232408
2026-03-17 12:00:00,98.3,38.8,137.1,8.0,90.3,137.1,1.5182724252491695
2026-03-17 12:30:00,98.1,42.3,140.39999999999998,6.0,92.1,140.39999999999998,1.5244299674267099
2026-03-17 13:00:00,97.6,54.7,152.3,4.0,93.6,152.3,1.6271367521367524
2026-03-17 13:30:00,96.7,58.7,155.4,7.0,89.7,155.4,1.7324414715719063
2026-03-17 14:00:00,97.1,58.8,155.89999999999998,5.0,92.1,155.89999999999998,1.6927252985884906
2026-03-17 14:30:00,97.1,58.6,155.7,5.0,92.1,155.7,1.6905537459283388
2026-03-17 15:00:00,97.5,59.0,156.5,6.0,91.5,156.5,1.710382513661202
2026-03-17 15:30:00,96.80000000000001,59.0,155.8,4.0,92.80000000000001,155.8,1.6788793103448274
2026-03-17 16:00:00,97.1,59.2,156.3,7.0,90.1,156.3,1.7347391786903443
2026-03-17 16:30:00,96.30000000000001,58.9,155.20000000000002,5.0,91.30000000000001,155.20000000000002,1.6998904709748084
2026-03-17 17:00:00,96.99999999999999,59.0,156.0,4.0,92.99999999999999,156.0,1.67741935483871
2026-03-17 17:30:00,96.2,59.1,155.3,7.0,89.2,155.3,1.7410313901345291
2026-03-17 18:00:00,97.2,58.1,155.3,5.0,92.2,155.3,1.6843817787418656
2026-03-17 18:30:00,96.8,58.1,154.9,7.0,89.8,154.9,1.724944320712695
2026-03-17 19:00:00,97.5,57.0,154.5,7.0,90.5,154.5,1.707182320441989
2026-03-17 19:30:00,99.49999999999999,35.8,135.29999999999998,4.0,95.49999999999999,135.29999999999998,1.4167539267015707
2026-03-17 20:00:00,98.1,43.0,141.1,8.0,90.1,141.1,1.5660377358490567
2026-03-17 20:30:00,97.10000000000001,39.2,136.3,6.0,91.10000000000001,136.3,1.49615806805708
2026-03-17 21:00:00,97.8,36.9,134.7,5.0,92.8,134.7,1.451508620689655
2026-03-17 21:30:00,96.8,35.8,132.6,7.0,89.8,132.6,1.4766146993318485
2026-03-17 22:00:00,96.80000000000001,35.7,132.5,7.0,89.80000000000001,132.5,1.4755011135857459
2026-03-17 22:30:00,96.5,35.2,131.7,6.0,90.5,131.7,1.4552486187845302
2026-03-17 23:00:00,96.5,34.1,130.6,7.0,89.5,130.6,1.459217877094972
2026-03-17 23:30:00,95.6,33.4,129.0,7.0,88.6,129.0,1.4559819413092552
2026-03-18 00:00:00,90.80000000000001,34.7,125.50000000000001,4.0,86.80000000000001,125.50000000000001,1.445852534562212
2026-03-18 00:30:00,96.30000000000001,33.2,129.5,8.0,88.30000000000001,129.5,1.466591166477916
2026-03-18 01:00:00,97.0,35.5,132.5,6.0,91.0,132.5,1.456043956043956
2026-03-18 01:30:00,97.0,35.6,132.6,4.0,93.0,132.6,1.4258064516129032
2026-03-18 02:00:00,97.5,36.0,133.5,8.0,89.5,133.5,1.4916201117318435
2026-03-18 02:30:00,97.4,35.3,132.7,6.0,91.4,132.7,1.4518599562363237
2026-03-18 03:00:00,97.6,32.6,130.2,4.0,93.6,130.2,1.391025641025641
2026-03-18 03:30:00,97.19999999999999,32.3,129.5,8.0,89.19999999999999,129.5,1.4517937219730943
2026-03-18 04:00:00,98.0,32.9,130.9,6.0,92.0,130.9,1.422826086956522
2026-03-18 04:30:00,98.0,32.9,130.9,4.0,94.0,130.9,1.3925531914893619
2026-03-18 05:00:00,97.69999999999999,32.8,130.5,8.0,89.69999999999999,130.5,1.4548494983277593
2026-03-18 05:30:00,97.0,32.8,129.8,6.0,91.0,129.8,1.4263736263736264
2026-03-18 06:00:00,97.0,33.2,130.2,4.0,93.0,130.2,1.4
2026-03-18 06:30:00,96.3,32.2,128.5,8.0,88.3,128.5,1.4552661381653456
2026-03-18 07:00:00,97.0,32.7,129.7,5.0,92.0,129.7,1.409782608695652
2026-03-18 07:30:00,96.4,32.0,128.4,6.0,90.4,128.4,1.4203539823008848
2026-03-18 08:00:00,97.6,32.1,129.7,8.0,89.6,129.7,1.4475446428571428
2026-03-18 08:30:00,98.0,33.5,131.5,5.0,93.0,131.5,1.413978494623656
2026-03-18 09:00:00,98.4,34.0,132.4,7.0,91.4,132.4,1.448577680525164
2026-03-18 09:30:00,98.6,32.7,131.3,9.0,89.6,131.3,1.465401785714286
2026-03-18 10:00:00,100.80000000000001,35.5,136.3,9.0,91.80000000000001,136.3,1.4847494553376905
2026-03-18 10:30:00,100.50000000000001,41.7,142.20000000000002,8.0,92.50000000000001,142.20000000000002,1.5372972972972971
2026-03-18 11:00:00,101.2,45.2,146.4,9.0,92.2,146.4,1.5878524945770065
2026-03-18 11:30:00,100.5,53.7,154.2,8.0,92.5,154.2,1.6670270270270269
2026-03-18 12:00:00,101.00000000000001,45.8,146.8,6.0,95.00000000000001,146.8,1.5452631578947367
2026-03-18 12:30:00,101.2,41.7,142.9,9.0,92.2,142.9,1.5498915401301518
2026-03-18 13:00:00,101.5,42.1,143.6,7.0,94.5,143.6,1.5195767195767196
2026-03-18 13:30:00,101.4,42.3,143.7,9.0,92.4,143.7,1.555194805194805
2026-03-18 14:00:00,101.39999999999999,49.3,150.7,8.0,93.39999999999999,150.7,1.613490364025696
2026-03-18 14:30:00,101.2,44.8,146.0,9.0,92.2,146.0,1.58351409978308
2026-03-18 15:00:00,102.0,43.8,145.8,8.0,94.0,145.8,1.5510638297872341
2026-03-18 15:30:00,102.1,42.5,144.6,7.0,95.1,144.6,1.5205047318611988
2026-03-18 16:00:00,97.9,42.4,140.3,7.0,90.9,140.3,1.5434543454345435
2026-03-18 16:30:00,78.8,42.2,121.0,5.0,73.8,121.0,1.6395663956639568
2026-03-18 17:00:00,76.1,41.7,117.8,2.0,74.1,117.8,1.5897435897435899
2026-03-18 17:30:00,73.10000000000001,40.9,114.0,5.0,68.10000000000001,114.0,1.674008810572687
2026-03-18 18:00:00,72.9,33.7,106.60000000000001,4.0,68.9,106.60000000000001,1.5471698113207548
2026-03-18 18:30:00,73.7,21.7,95.4,7.0,66.7,95.4,1.4302848575712144
2026-03-18 19:00:00,75.6,33.7,109.3,3.0,72.6,109.3,1.5055096418732783
2026-03-18 19:30:00,72.8,27.1,99.9,5.0,67.8,99.9,1.4734513274336285
2026-03-18 20:00:00,72.5,24.7,97.2,4.0,68.5,97.2,1.4189781021897812
2026-03-18 20:30:00,72.0,23.6,95.6,1.0,71.0,95.6,1.3464788732394366
2026-03-18 21:00:00,72.30000000000001,23.3,95.60000000000001,5.0,67.30000000000001,95.60000000000001,1.4205052005943535
2026-03-18 21:30:00,72.3,23.1,95.4,3.0,69.3,95.4,1.3766233766233769
2026-03-18 22:00:00,72.9,23.5,96.4,2.0,70.9,96.4,1.3596614950634696
2026-03-18 22:30:00,72.1,23.3,95.39999999999999,4.0,68.1,95.39999999999999,1.4008810572687225
2026-03-18 23:00:00,72.6,23.2,95.8,3.0,69.6,95.8,1.3764367816091956
2026-03-18 23:30:00,72.0,23.0,95.0,2.0,70.0,95.0,1.3571428571428572
2026-03-19 00:00:00,72.9,27.5,100.4,6.0,66.9,100.4,1.500747384155456
2026-03-19 00:30:00,71.30000000000001,22.4,93.70000000000002,4.0,67.30000000000001,93.70000000000002,1.3922734026745913
2026-03-19 01:00:00,71.6,22.8,94.39999999999999,2.0,69.6,94.39999999999999,1.3563218390804597
2026-03-19 01:30:00,71.5,23.0,94.5,6.0,65.5,94.5,1.4427480916030535
2026-03-19 02:00:00,71.1,23.1,94.19999999999999,2.0,69.1,94.19999999999999,1.3632416787264834
2026-03-19 02:30:00,70.5,23.1,93.6,6.0,64.5,93.6,1.4511627906976743
2026-03-19 03:00:00,71.7,14.5,86.2,3.0,68.7,86.2,1.254730713245997
2026-03-19 03:30:00,74.2,26.6,100.80000000000001,3.0,71.2,100.80000000000001,1.4157303370786518
2026-03-19 04:00:00,71.7,24.6,96.30000000000001,4.0,67.7,96.30000000000001,1.4224519940915805
2026-03-19 04:30:00,70.9,23.3,94.2,2.0,68.9,94.2,1.367198838896952
2026-03-19 05:00:00,71.3,23.1,94.4,7.0,64.3,94.4,1.4681181959564542
2026-03-19 05:30:00,100.39999999999999,24.3,124.69999999999999,2.0,98.39999999999999,124.69999999999999,1.2672764227642277
2026-03-19 06:00:00,72.7,25.1,97.80000000000001,7.0,65.7,97.80000000000001,1.4885844748858448
2026-03-19 06:30:00,72.4,14.9,87.30000000000001,4.0,68.4,87.30000000000001,1.2763157894736843
2026-03-19 07:00:00,74.0,26.5,100.5,5.0,69.0,100.5,1.4565217391304348
2026-03-19 07:30:00,71.5,22.3,93.8,4.0,67.5,93.8,1.3896296296296295
2026-03-19 08:00:00,74.2,18.5,92.7,6.0,68.2,92.7,1.3592375366568914
2026-03-19 08:30:00,71.7,26.0,97.7,2.0,69.7,97.7,1.4017216642754662
2026-03-19 09:00:00,71.19999999999999,24.0,95.19999999999999,4.0,67.19999999999999,95.19999999999999,1.4166666666666667
2026-03-19 09:30:00,70.6,18.3,88.89999999999999,7.0,63.599999999999994,88.89999999999999,1.3977987421383649
2026-03-19 10:00:00,77.10000000000001,21.0,98.10000000000001,7.0,70.10000000000001,98.10000000000001,1.399429386590585
2026-03-19 10:30:00,72.5,39.8,112.3,1.0,71.5,112.3,1.5706293706293706
2026-03-19 11:00:00,71.6,23.7,95.3,4.0,67.6,95.3,1.4097633136094676
2026-03-19 11:30:00,70.4,28.1,98.5,5.0,65.4,98.5,1.5061162079510702
2026-03-19 12:00:00,72.30000000000001,23.4,95.70000000000002,10.0,62.30000000000001,95.70000000000002,1.536115569823435
2026-03-19 12:30:00,77.5,22.4,99.9,4.0,73.5,99.9,1.3591836734693878
2026-03-19 13:00:00,75.0,53.9,128.9,7.0,68.0,128.9,1.8955882352941178
2026-03-19 13:30:00,71.8,38.3,110.1,1.0,70.8,110.1,1.555084745762712
2026-03-19 14:00:00,71.6,37.3,108.89999999999999,5.0,66.6,108.89999999999999,1.635135135135135
2026-03-19 14:30:00,71.8,37.0,108.8,4.0,67.8,108.8,1.6047197640117994
2026-03-19 15:00:00,71.8,37.0,108.8,1.0,70.8,108.8,1.536723163841808
2026-03-19 15:30:00,71.7,36.8,108.5,7.0,64.7,108.5,1.676970633693972
2026-03-19 16:00:00,72.39999999999999,37.1,109.5,1.0,71.39999999999999,109.5,1.5336134453781514
2026-03-19 16:30:00,72.2,36.9,109.1,1.0,71.2,109.1,1.5323033707865168
2026-03-19 17:00:00,72.0,0.0,0.0,7.0,65.0,72.0,1.1076923076923078
2026-03-19 17:30:00,71.5,37.3,108.8,1.0,70.5,108.8,1.5432624113475177
2026-03-19 18:00:00,72.3,37.3,109.6,2.0,70.3,109.6,1.5590327169274538
2026-03-19 18:30:00,72.2,35.2,107.4,6.0,66.2,107.4,1.6223564954682779
2026-03-19 19:00:00,72.1,34.7,106.8,1.0,71.1,106.8,1.5021097046413503
2026-03-19 19:30:00,71.5,29.9,101.4,3.0,68.5,101.4,1.4802919708029199
2026-03-19 20:00:00,71.9,26.7,98.60000000000001,7.0,64.9,98.60000000000001,1.5192604006163328
2026-03-19 20:30:00,72.2,25.0,97.2,0.0,72.2,97.2,1.3462603878116344
2026-03-19 21:00:00,72.4,24.5,96.9,3.0,69.4,96.9,1.3962536023054755
2026-03-19 21:30:00,72.2,23.9,96.1,6.0,66.2,96.1,1.4516616314199395
2026-03-19 22:00:00,72.4,23.6,96.0,1.0,71.4,96.0,1.3445378151260503
2026-03-19 22:30:00,71.9,23.5,95.4,5.0,66.9,95.4,1.4260089686098654
2026-03-19 23:00:00,71.7,23.3,95.0,4.0,67.7,95.0,1.4032496307237814
2026-03-19 23:30:00,72.3,23.4,95.69999999999999,1.0,71.3,95.69999999999999,1.3422159887798035
2026-03-20 00:00:00,72.1,25.6,97.69999999999999,7.0,65.1,97.69999999999999,1.5007680491551458
2026-03-20 00:30:00,118.1,38.6,156.7,2.0,116.1,156.7,1.3496985357450473
2026-03-20 01:00:00,72.19999999999999,25.0,97.19999999999999,3.0,69.19999999999999,97.19999999999999,1.4046242774566475
2026-03-20 01:30:00,71.5,24.3,95.8,6.0,65.5,95.8,1.462595419847328
2026-03-20 02:00:00,71.69999999999999,23.9,95.6,2.0,69.69999999999999,95.6,1.3715925394548065
2026-03-20 02:30:00,71.0,23.3,94.3,8.0,63.0,94.3,1.4968253968253968
2026-03-20 03:00:00,75.30000000000001,19.3,94.60000000000001,1.0,74.30000000000001,94.60000000000001,1.2732166890982504
2026-03-20 03:30:00,72.69999999999999,24.8,97.49999999999999,9.0,63.69999999999999,97.49999999999999,1.5306122448979593
2026-03-20 04:00:00,75.1,19.0,94.1,0.0,75.1,94.1,1.2529960053262317
2026-03-20 04:30:00,72.0,25.8,97.8,9.0,63.0,97.8,1.5523809523809524
2026-03-20 05:00:00,73.4,18.0,91.4,0.0,73.4,91.4,1.2452316076294279
2026-03-20 05:30:00,72.69999999999999,26.8,99.49999999999999,9.0,63.69999999999999,99.49999999999999,1.5620094191522764
2026-03-20 06:00:00,72.69999999999999,19.7,92.39999999999999,1.0,71.69999999999999,92.39999999999999,1.288702928870293
2026-03-20 06:30:00,74.3,24.9,99.19999999999999,5.0,69.3,99.19999999999999,1.4314574314574313
2026-03-20 07:00:00,72.6,24.6,97.19999999999999,3.0,69.6,97.19999999999999,1.396551724137931
2026-03-20 07:30:00,73.5,19.5,93.0,3.0,70.5,93.0,1.3191489361702127
2026-03-20 08:00:00,72.7,24.6,97.30000000000001,9.0,63.7,97.30000000000001,1.5274725274725276
2026-03-20 08:30:00,76.1,7.1,83.19999999999999,12.0,64.1,83.19999999999999,1.2979719188767551
2026-03-20 09:00:00,74.5,4.6,79.1,13.0,61.5,79.1,1.2861788617886178
2026-03-20 09:30:00,48.5,4.6,53.1,14.0,34.5,53.1,1.5391304347826087
2026-03-20 10:00:00,46.9,0.8,47.699999999999996,11.0,35.9,47.699999999999996,1.3286908077994428
2026-03-20 10:30:00,43.4,36.2,79.6,1.0,42.4,79.6,1.8773584905660377
2026-03-20 11:30:00,26.6,16.9,43.5,0.0,26.6,43.5,1.6353383458646615
2026-03-20 12:00:00,27.1,14.4,41.5,0.0,27.1,41.5,1.5313653136531364
2026-03-20 12:30:00,27.0,14.1,41.1,0.0,27.0,41.1,1.5222222222222224
2026-03-20 13:00:00,27.1,15.5,42.6,0.0,27.1,42.6,1.5719557195571956
2026-03-20 13:30:00,26.9,15.4,42.3,1.0,25.9,42.3,1.6332046332046333
2026-03-20 14:00:00,33.5,12.6,46.1,1.0,32.5,46.1,1.4184615384615384
2026-03-20 14:30:00,40.900000000000006,13.2,54.10000000000001,1.0,39.900000000000006,54.10000000000001,1.355889724310777
2026-03-20 15:00:00,54.900000000000006,16.8,71.7,7.0,47.900000000000006,71.7,1.496868475991649
2026-03-20 15:30:00,69.0,15.0,84.0,7.0,62.0,84.0,1.3548387096774193
2026-03-20 16:00:00,78.6,19.7,98.3,4.0,74.6,98.3,1.3176943699731904
2026-03-20 16:30:00,84.69999999999999,23.2,107.89999999999999,8.0,76.69999999999999,107.89999999999999,1.4067796610169492
2026-03-20 17:00:00,93.4,44.0,137.4,8.0,85.4,137.4,1.6088992974238876
2026-03-20 17:30:00,93.80000000000001,41.8,135.60000000000002,9.0,84.80000000000001,135.60000000000002,1.599056603773585
2026-03-20 18:00:00,97.0,37.1,134.1,5.0,92.0,134.1,1.4576086956521739
2026-03-20 18:30:00,96.9,35.9,132.8,8.0,88.9,132.8,1.4938132733408325
2026-03-20 19:00:00,97.4,40.6,138.0,7.0,90.4,138.0,1.5265486725663715
2026-03-20 19:30:00,97.4,36.2,133.60000000000002,9.0,88.4,133.60000000000002,1.5113122171945703
2026-03-20 20:00:00,98.0,40.9,138.9,9.0,89.0,138.9,1.560674157303371
2026-03-20 20:30:00,98.1,40.7,138.8,9.0,89.1,138.8,1.5578002244668914
2026-03-20 21:00:00,99.1,40.7,139.8,9.0,90.1,139.8,1.551609322974473
2026-03-20 21:30:00,99.1,40.7,139.8,6.0,93.1,139.8,1.5016111707841033
2026-03-20 22:00:00,99.9,40.6,140.5,8.0,91.9,140.5,1.528835690968444
2026-03-20 22:30:00,99.3,40.6,139.9,7.0,92.3,139.9,1.515709642470206
2026-03-20 23:00:00,100.6,40.5,141.1,9.0,91.6,141.1,1.5403930131004366
2026-03-20 23:30:00,100.6,40.6,141.2,8.0,92.6,141.2,1.5248380129589632
2026-03-21 00:00:00,99.5,42.6,142.1,10.0,89.5,142.1,1.5877094972067038
2026-03-21 00:30:00,100.3,40.9,141.2,8.0,92.3,141.2,1.5297941495124594
2026-03-21 01:00:00,100.8,40.0,140.8,6.0,94.8,140.8,1.4852320675105486
2026-03-21 01:30:00,100.7,40.1,140.8,9.0,91.7,140.8,1.5354416575790621
2026-03-21 02:00:00,100.5,40.2,140.7,8.0,92.5,140.7,1.5210810810810809
2026-03-21 02:30:00,100.2,40.4,140.6,7.0,93.2,140.6,1.5085836909871244
2026-03-21 03:00:00,101.0,40.9,141.9,8.0,93.0,141.9,1.5258064516129033
2026-03-21 03:30:00,100.4,40.3,140.7,8.0,92.4,140.7,1.5227272727272725
2026-03-21 04:00:00,101.1,40.9,142.0,7.0,94.1,142.0,1.5090329436769394
2026-03-21 04:30:00,100.89999999999999,40.5,141.39999999999998,8.0,92.89999999999999,141.39999999999998,1.5220667384284174
2026-03-21 05:00:00,101.1,41.0,142.1,9.0,92.1,142.1,1.5428881650380022
2026-03-21 05:30:00,100.49999999999999,40.3,140.79999999999998,8.0,92.49999999999999,140.79999999999998,1.5221621621621622
2026-03-21 06:00:00,100.7,40.8,141.5,8.0,92.7,141.5,1.5264293419633226
2026-03-21 06:30:00,100.2,40.3,140.5,7.0,93.2,140.5,1.5075107296137338
2026-03-21 07:00:00,100.7,40.7,141.4,9.0,91.7,141.4,1.5419847328244274
2026-03-21 07:30:00,100.5,40.5,141.0,8.0,92.5,141.0,1.5243243243243243
2026-03-21 08:00:00,100.89999999999999,40.6,141.5,7.0,93.89999999999999,141.5,1.50692225772098
2026-03-21 08:30:00,100.9,40.0,140.9,9.0,91.9,140.9,1.5331882480957562
2026-03-21 09:00:00,101.19999999999999,40.1,141.29999999999998,9.0,92.19999999999999,141.29999999999998,1.532537960954447
2026-03-21 09:30:00,100.7,40.2,140.9,8.0,92.7,140.9,1.5199568500539375
2026-03-21 10:00:00,101.0,40.1,141.1,8.0,93.0,141.1,1.5172043010752687
2026-03-21 10:30:00,101.0,37.3,138.3,6.0,95.0,138.3,1.4557894736842107
2026-03-21 11:00:00,101.6,40.3,141.89999999999998,7.0,94.6,141.89999999999998,1.4999999999999998
2026-03-21 11:30:00,101.4,40.1,141.5,9.0,92.4,141.5,1.5313852813852813
2026-03-21 12:00:00,101.4,46.6,148.0,8.0,93.4,148.0,1.5845824411134903
2026-03-21 12:30:00,100.0,54.8,154.8,9.0,91.0,154.8,1.7010989010989013
2026-03-21 13:00:00,100.99999999999999,39.2,140.2,10.0,90.99999999999999,140.2,1.5406593406593407
2026-03-21 13:30:00,100.6,40.6,141.2,6.0,94.6,141.2,1.492600422832981
2026-03-21 14:00:00,100.10000000000001,26.4,126.5,4.0,96.10000000000001,126.5,1.3163371488033297
2026-03-21 14:30:00,98.89999999999999,25.4,124.29999999999998,8.0,90.89999999999999,124.29999999999998,1.3674367436743673
2026-03-21 15:00:00,98.10000000000001,25.9,124.0,7.0,91.10000000000001,124.0,1.3611416026344676
2026-03-21 15:30:00,97.3,28.1,125.4,4.0,93.3,125.4,1.3440514469453377
2026-03-21 16:00:00,98.00000000000001,31.1,129.10000000000002,7.0,91.00000000000001,129.10000000000002,1.4186813186813187
2026-03-21 16:30:00,97.7,36.1,133.8,8.0,89.7,133.8,1.4916387959866222
2026-03-21 17:00:00,98.3,41.0,139.3,2.0,96.3,139.3,1.446521287642783
2026-03-21 17:30:00,97.8,54.9,152.7,8.0,89.8,152.7,1.700445434298441
2026-03-21 18:00:00,97.8,59.1,156.9,6.0,91.8,156.9,1.7091503267973858
2026-03-21 18:30:00,97.10000000000001,59.2,156.3,4.0,93.10000000000001,156.3,1.6788399570354458
2026-03-21 19:00:00,97.5,59.1,156.6,8.0,89.5,156.6,1.7497206703910615
2026-03-21 19:30:00,97.10000000000001,59.0,156.10000000000002,3.0,94.10000000000001,156.10000000000002,1.658873538788523
2026-03-21 20:00:00,97.1,58.9,156.0,7.0,90.1,156.0,1.7314095449500555
2026-03-21 20:30:00,96.80000000000001,59.0,155.8,7.0,89.80000000000001,155.8,1.7349665924276167
2026-03-21 21:00:00,96.4,59.0,155.4,3.0,93.4,155.4,1.6638115631691648
2026-03-21 21:30:00,95.9,58.8,154.7,8.0,87.9,154.7,1.7599544937428895
2026-03-21 22:00:00,97.3,58.7,156.0,7.0,90.3,156.0,1.7275747508305648
2026-03-21 22:30:00,97.7,42.8,140.5,5.0,92.7,140.5,1.5156418554476807
2026-03-21 23:00:00,100.4,28.5,128.9,8.0,92.4,128.9,1.395021645021645
2026-03-21 23:30:00,98.1,25.6,123.69999999999999,8.0,90.1,123.69999999999999,1.3729189789123195
2026-03-22 00:00:00,97.7,26.7,124.4,8.0,89.7,124.4,1.3868450390189522
2026-03-22 00:30:00,99.8,29.2,129.0,4.0,95.8,129.0,1.3465553235908143
2026-03-22 01:00:00,98.4,25.1,123.5,7.0,91.4,123.5,1.351203501094092
2026-03-22 01:30:00,98.00000000000001,24.7,122.70000000000002,8.0,90.00000000000001,122.70000000000002,1.3633333333333333
2026-03-22 02:00:00,97.7,24.3,122.0,3.0,94.7,122.0,1.2882787750791975
2026-03-22 02:30:00,97.2,24.4,121.6,8.0,89.2,121.6,1.3632286995515694
2026-03-22 03:00:00,97.60000000000001,24.5,122.10000000000001,6.0,91.60000000000001,122.10000000000001,1.3329694323144103
2026-03-22 03:30:00,96.7,24.4,121.1,5.0,91.7,121.1,1.3206106870229006
2026-03-22 04:00:00,97.5,24.4,121.9,7.0,90.5,121.9,1.346961325966851
2026-03-22 04:30:00,97.2,24.4,121.6,7.0,90.2,121.6,1.3481152993348113
2026-03-22 05:00:00,97.8,24.4,122.19999999999999,4.0,93.8,122.19999999999999,1.3027718550106608
2026-03-22 05:30:00,97.0,24.4,121.4,8.0,89.0,121.4,1.3640449438202247
2026-03-22 06:00:00,97.50000000000001,24.5,122.00000000000001,3.0,94.50000000000001,122.00000000000001,1.291005291005291
2026-03-22 06:30:00,96.80000000000001,24.5,121.30000000000001,6.0,90.80000000000001,121.30000000000001,1.3359030837004404
2026-03-22 07:00:00,97.30000000000001,24.7,122.00000000000001,9.0,88.30000000000001,122.00000000000001,1.3816534541336354
2026-03-22 07:30:00,97.0,24.3,121.3,2.0,95.0,121.3,1.2768421052631578
2026-03-22 08:00:00,97.19999999999999,24.3,121.49999999999999,7.0,90.19999999999999,121.49999999999999,1.3470066518847006
2026-03-22 08:30:00,96.4,21.7,118.10000000000001,9.0,87.4,118.10000000000001,1.3512585812356979
2026-03-22 09:00:00,100.3,23.8,124.1,8.0,92.3,124.1,1.3445287107258939
2026-03-22 09:30:00,97.3,25.8,123.1,6.0,91.3,123.1,1.348302300109529
2026-03-22 10:00:00,99.80000000000001,21.8,121.60000000000001,6.0,93.80000000000001,121.60000000000001,1.2963752665245203
2026-03-22 10:30:00,97.7,25.4,123.1,7.0,90.7,123.1,1.3572216097023153
2026-03-22 11:00:00,99.39999999999999,19.6,119.0,11.0,88.39999999999999,119.0,1.3461538461538463
2026-03-22 11:30:00,99.2,28.0,127.2,3.0,96.2,127.2,1.3222453222453223
2026-03-22 12:00:00,98.10000000000001,25.4,123.5,6.0,92.10000000000001,123.5,1.3409337676438653
2026-03-22 12:30:00,97.80000000000001,24.8,122.60000000000001,9.0,88.80000000000001,122.60000000000001,1.3806306306306306
2026-03-22 13:00:00,97.89999999999999,24.8,122.69999999999999,4.0,93.89999999999999,122.69999999999999,1.3067092651757188
2026-03-22 13:30:00,98.0,24.9,122.9,6.0,92.0,122.9,1.3358695652173913
2026-03-22 14:00:00,97.3,25.1,122.4,9.0,88.3,122.4,1.3861834654586638
2026-03-22 14:30:00,97.2,26.5,123.7,3.0,94.2,123.7,1.313163481953291
2026-03-22 15:00:00,97.2,28.7,125.9,7.0,90.2,125.9,1.3957871396895787
2026-03-22 15:30:00,97.3,31.1,128.4,8.0,89.3,128.4,1.4378499440089587
2026-03-22 16:00:00,96.9,33.8,130.7,4.0,92.9,130.7,1.4068891280947253
2026-03-22 16:30:00,97.1,36.1,133.2,7.0,90.1,133.2,1.4783573806881243
2026-03-22 17:00:00,96.9,38.0,134.9,7.0,89.9,134.9,1.5005561735261401
2026-03-22 17:30:00,96.29999999999998,39.0,135.29999999999998,3.0,93.29999999999998,135.29999999999998,1.4501607717041802
2026-03-22 18:00:00,96.5,39.1,135.6,8.0,88.5,135.6,1.5322033898305083
2026-03-22 18:30:00,96.4,38.4,134.8,3.0,93.4,134.8,1.443254817987152
2026-03-22 19:00:00,97.3,36.1,133.4,6.0,91.3,133.4,1.4611171960569551
2026-03-22 19:30:00,96.4,32.9,129.3,8.0,88.4,129.3,1.4626696832579187
2026-03-22 20:00:00,96.3,29.2,125.5,8.0,88.3,125.5,1.421291053227633
2026-03-22 20:30:00,96.6,13.5,110.1,7.0,89.6,110.1,1.2287946428571428
2026-03-22 21:00:00,102.39999999999999,33.3,135.7,4.0,98.39999999999999,135.7,1.3790650406504066
2026-03-22 21:30:00,97.69999999999999,27.1,124.79999999999998,9.0,88.69999999999999,124.79999999999998,1.406989853438557
2026-03-22 22:00:00,97.6,18.5,116.1,8.0,89.6,116.1,1.2957589285714286
2026-03-22 22:30:00,99.0,29.2,128.2,6.0,93.0,128.2,1.378494623655914
2026-03-22 23:00:00,97.2,21.8,119.0,6.0,91.2,119.0,1.3048245614035088
2026-03-22 23:30:00,99.1,25.5,124.6,7.0,92.1,124.6,1.3528773072747013
2026-03-23 00:00:00,97.9,29.9,127.80000000000001,9.0,88.9,127.80000000000001,1.437570303712036
2026-03-23 00:30:00,97.50000000000001,18.4,115.9,8.0,89.50000000000001,115.9,1.294972067039106
2026-03-23 01:00:00,98.1,28.2,126.3,5.0,93.1,126.3,1.356605800214823
2026-03-23 01:30:00,97.1,18.3,115.39999999999999,7.0,90.1,115.39999999999999,1.2807991120976692
2026-03-23 02:00:00,97.6,28.5,126.1,11.0,86.6,126.1,1.456120092378753
2026-03-23 02:30:00,96.80000000000001,18.8,115.60000000000001,7.0,89.80000000000001,115.60000000000001,1.287305122494432
2026-03-23 03:00:00,97.9,28.3,126.2,8.0,89.9,126.2,1.403781979977753
2026-03-23 03:30:00,97.1,19.8,116.89999999999999,4.0,93.1,116.89999999999999,1.2556390977443608
2026-03-23 04:00:00,97.4,26.9,124.30000000000001,8.0,89.4,124.30000000000001,1.3903803131991053
2026-03-23 04:30:00,97.5,20.3,117.8,9.0,88.5,117.8,1.3310734463276837
2026-03-23 05:00:00,97.6,26.5,124.1,8.0,89.6,124.1,1.3850446428571428
2026-03-23 05:30:00,97.0,20.6,117.6,4.0,93.0,117.6,1.264516129032258
2026-03-23 06:00:00,97.3,26.2,123.5,8.0,89.3,123.5,1.3829787234042554
2026-03-23 06:30:00,97.69999999999999,20.7,118.39999999999999,7.0,90.69999999999999,118.39999999999999,1.3054024255788315
2026-03-23 07:00:00,97.4,25.9,123.30000000000001,8.0,89.4,123.30000000000001,1.3791946308724832
2026-03-23 07:30:00,98.5,21.7,120.2,4.0,94.5,120.2,1.271957671957672
2026-03-23 08:00:00,96.6,25.2,121.8,8.0,88.6,121.8,1.3747178329571106
2026-03-23 08:30:00,98.3,20.1,118.4,8.0,90.3,118.4,1.311184939091916
2026-03-23 09:00:00,97.69999999999999,26.6,124.29999999999998,7.0,90.69999999999999,124.29999999999998,1.37045203969129
2026-03-23 09:30:00,98.99999999999999,19.5,118.49999999999999,8.0,90.99999999999999,118.49999999999999,1.3021978021978022
2026-03-23 10:00:00,99.60000000000001,27.6,127.20000000000002,5.0,94.60000000000001,127.20000000000002,1.3446088794926006
2026-03-23 10:30:00,97.6,22.9,120.5,8.0,89.6,120.5,1.3448660714285716
2026-03-23 11:00:00,100.0,29.0,129.0,6.0,94.0,129.0,1.372340425531915
2026-03-23 11:30:00,97.6,30.1,127.69999999999999,6.0,91.6,127.69999999999999,1.3941048034934498
2026-03-23 12:00:00,97.0,30.9,127.9,6.0,91.0,127.9,1.4054945054945056
2026-03-23 12:30:00,95.80000000000001,32.2,128.0,7.0,88.80000000000001,128.0,1.4414414414414412
2026-03-23 13:00:00,96.1,35.4,131.5,5.0,91.1,131.5,1.4434687156970363
2026-03-23 13:30:00,95.6,37.8,133.39999999999998,6.0,89.6,133.39999999999998,1.4888392857142856
2026-03-23 14:00:00,95.5,40.5,136.0,5.0,90.5,136.0,1.5027624309392265
2026-03-23 14:30:00,95.69999999999999,42.5,138.2,8.0,87.69999999999999,138.2,1.5758266818700115
2026-03-23 15:00:00,95.7,47.7,143.4,7.0,88.7,143.4,1.6166854565952649
2026-03-23 15:30:00,97.4,31.3,128.70000000000002,8.0,89.4,128.7,1.4395973154362414
2026-03-23 16:00:00,99.19999999999999,39.3,138.5,9.0,90.19999999999999,138.5,1.5354767184035478
2026-03-23 16:30:00,99.0,40.2,139.2,4.0,95.0,139.2,1.4652631578947368
2026-03-23 17:00:00,97.4,61.3,158.7,8.0,89.4,158.7,1.775167785234899
2026-03-23 17:30:00,97.2,30.2,127.4,10.0,87.2,127.4,1.4610091743119267
2026-03-23 18:00:00,99.7,40.1,139.8,8.0,91.7,139.8,1.52453653217012
2026-03-23 18:30:00,99.30000000000001,40.1,139.4,8.0,91.30000000000001,139.4,1.5268346111719604
2026-03-23 19:00:00,99.3,39.6,138.9,8.0,91.3,138.9,1.5213581599123769
2026-03-23 19:30:00,98.7,38.8,137.5,8.0,90.7,137.5,1.5159867695700109
2026-03-23 20:00:00,99.2,37.7,136.9,7.0,92.2,136.9,1.4848156182212582
2026-03-23 20:30:00,99.1,33.9,133.0,7.0,92.1,133.0,1.444082519001086
2026-03-23 21:00:00,99.19999999999999,30.2,129.39999999999998,8.0,91.19999999999999,129.39999999999998,1.418859649122807
2026-03-23 21:30:00,99.10000000000001,28.3,127.4,9.0,90.10000000000001,127.4,1.4139844617092119
2026-03-23 22:00:00,99.39999999999999,26.4,125.79999999999998,8.0,91.39999999999999,125.79999999999998,1.3763676148796498
2026-03-23 22:30:00,98.4,25.9,124.30000000000001,8.0,90.4,124.30000000000001,1.375
2026-03-23 23:00:00,99.10000000000001,25.8,124.9,10.0,89.10000000000001,124.9,1.4017957351290684
2026-03-23 23:30:00,98.7,25.4,124.1,6.0,92.7,124.1,1.338727076591154
2026-03-24 00:00:00,96.5,32.7,129.2,8.0,88.5,129.2,1.4598870056497173
2026-03-24 00:30:00,99.30000000000001,25.3,124.60000000000001,7.0,92.30000000000001,124.60000000000001,1.3499458288190682
2026-03-24 01:00:00,99.9,25.2,125.10000000000001,8.0,91.9,125.10000000000001,1.3612622415669207
2026-03-24 01:30:00,99.8,25.1,124.9,9.0,90.8,124.9,1.3755506607929517
2026-03-24 02:00:00,99.6,24.9,124.5,9.0,90.6,124.5,1.3741721854304636
2026-03-24 02:30:00,99.7,25.2,124.9,8.0,91.7,124.9,1.3620501635768811
2026-03-24 03:00:00,101.10000000000001,24.5,125.60000000000001,10.0,91.10000000000001,125.60000000000001,1.3787047200878155
2026-03-24 03:30:00,102.19999999999999,24.7,126.89999999999999,7.0,95.19999999999999,126.89999999999999,1.332983193277311
2026-03-24 04:00:00,101.69999999999999,24.6,126.29999999999998,5.0,96.69999999999999,126.29999999999998,1.3061013443640124
2026-03-24 04:30:00,101.10000000000001,24.3,125.4,9.0,92.10000000000001,125.4,1.3615635179153094
2026-03-24 05:00:00,101.5,24.2,125.7,8.0,93.5,125.7,1.344385026737968
2026-03-24 05:30:00,101.0,24.2,125.2,9.0,92.0,125.2,1.3608695652173914
2026-03-24 06:00:00,101.0,24.2,125.2,9.0,92.0,125.2,1.3608695652173914
2026-03-24 06:30:00,98.9,23.7,122.60000000000001,9.0,89.9,122.60000000000001,1.363737486095662
2026-03-24 07:00:00,99.1,23.4,122.5,9.0,90.1,122.5,1.3596004439511655
2026-03-24 07:30:00,98.5,23.4,121.9,6.0,92.5,121.9,1.317837837837838
2026-03-24 08:00:00,99.3,23.8,123.1,7.0,92.3,123.1,1.333694474539545
2026-03-24 08:30:00,99.2,24.7,123.9,7.0,92.2,123.9,1.3438177874186552
2026-03-24 09:00:00,99.69999999999999,26.0,125.69999999999999,9.0,90.69999999999999,125.69999999999999,1.3858875413450937
2026-03-24 09:30:00,98.79999999999998,34.6,133.39999999999998,7.0,91.79999999999998,133.39999999999998,1.4531590413943356
2026-03-24 10:00:00,96.20000000000002,29.9,126.10000000000002,5.0,91.20000000000002,126.10000000000002,1.3826754385964912
2026-03-24 10:30:00,95.0,29.2,124.2,7.0,88.0,124.2,1.4113636363636364
2026-03-24 11:00:00,94.8,30.2,125.0,7.0,87.8,125.0,1.4236902050113895
2026-03-24 11:30:00,96.19999999999999,30.4,126.6,6.0,90.19999999999999,126.6,1.4035476718403548
2026-03-24 12:00:00,95.6,34.9,130.5,5.0,90.6,130.5,1.4403973509933776
2026-03-24 12:30:00,94.8,36.7,131.5,7.0,87.8,131.5,1.497722095671982
2026-03-24 13:00:00,94.60000000000001,38.5,133.10000000000002,5.0,89.60000000000001,133.10000000000002,1.4854910714285716
2026-03-24 13:30:00,94.5,40.2,134.7,6.0,88.5,134.7,1.5220338983050845
2026-03-24 14:30:00,93.9,15.0,108.9,5.0,88.9,108.9,1.2249718785151855
2026-03-24 15:00:00,94.30000000000001,41.7,136.0,7.0,87.30000000000001,136.0,1.5578465063001143
2026-03-24 15:30:00,97.2,40.2,137.4,9.0,88.2,137.4,1.5578231292517006
2026-03-24 16:00:00,96.1,47.5,143.6,9.0,87.1,143.6,1.6486796785304247
2026-03-24 16:30:00,96.9,53.1,150.0,8.0,88.9,150.0,1.6872890888638918
2026-03-24 17:00:00,97.3,43.8,141.1,8.0,89.3,141.1,1.58006718924972
2026-03-24 17:30:00,96.9,39.3,136.2,8.0,88.9,136.2,1.5320584926884138
2026-03-24 18:00:00,97.19999999999999,40.0,137.2,7.0,90.19999999999999,137.2,1.5210643015521066
2026-03-24 18:30:00,97.19999999999999,40.5,137.7,8.0,89.19999999999999,137.7,1.5437219730941705
2026-03-24 19:00:00,96.6,40.5,137.1,8.0,88.6,137.1,1.5474040632054176
2026-03-24 19:30:00,95.9,40.6,136.5,9.0,86.9,136.5,1.5707710011507479
2026-03-24 20:00:00,96.7,40.3,137.0,8.0,88.7,137.0,1.544532130777903
2026-03-24 20:30:00,96.9,40.4,137.3,10.0,86.9,137.3,1.5799769850402763
2026-03-24 21:00:00,96.9,40.5,137.4,8.0,88.9,137.4,1.545556805399325
2026-03-24 21:30:00,96.9,40.5,137.4,8.0,88.9,137.4,1.545556805399325
2026-03-24 22:00:00,96.9,40.6,137.5,7.0,89.9,137.5,1.5294771968854282
2026-03-24 22:30:00,97.3,40.2,137.5,7.0,90.3,137.5,1.5227021040974529
2026-03-24 23:00:00,96.7,38.0,134.7,8.0,88.7,134.7,1.5186020293122884
2026-03-25 00:00:00,95.4,22.7,118.10000000000001,8.0,87.4,118.10000000000001,1.3512585812356979
2026-03-25 01:00:00,96.5,23.4,119.9,8.0,88.5,119.9,1.3548022598870058
2026-03-25 01:30:00,96.3,22.9,119.19999999999999,7.0,89.3,119.19999999999999,1.3348264277715565
2026-03-25 02:00:00,97.0,23.0,120.0,8.0,89.0,120.0,1.348314606741573
2026-03-25 02:30:00,96.8,22.9,119.69999999999999,7.0,89.8,119.69999999999999,1.3329621380846324
2026-03-25 03:00:00,97.1,22.9,120.0,8.0,89.1,120.0,1.3468013468013469
2026-03-25 03:30:00,96.5,22.7,119.2,8.0,88.5,119.2,1.3468926553672316
2026-03-25 04:00:00,97.0,22.9,119.9,10.0,87.0,119.9,1.37816091954023
2026-03-25 04:30:00,97.69999999999999,22.9,120.6,8.0,89.69999999999999,120.6,1.3444816053511708
2026-03-25 05:00:00,96.70000000000002,22.7,119.40000000000002,7.0,89.70000000000002,119.40000000000002,1.3311036789297659
2026-03-25 05:30:00,96.39999999999999,22.7,119.1,8.0,88.39999999999999,119.1,1.3472850678733033
2026-03-25 06:00:00,96.3,22.7,119.0,9.0,87.3,119.0,1.3631156930126003
2026-03-25 06:30:00,96.0,22.7,118.7,7.0,89.0,118.7,1.3337078651685395
2026-03-25 07:00:00,96.80000000000001,22.4,119.20000000000002,9.0,87.80000000000001,119.20000000000002,1.357630979498861
2026-03-25 07:30:00,97.5,22.7,120.2,8.0,89.5,120.2,1.3430167597765363
2026-03-25 08:00:00,97.80000000000001,22.7,120.50000000000001,9.0,88.80000000000001,120.50000000000001,1.356981981981982
2026-03-25 08:30:00,97.6,22.7,120.3,7.0,90.6,120.3,1.3278145695364238
2026-03-25 09:00:00,97.6,22.4,120.0,9.0,88.6,120.0,1.3544018058690745
2026-03-25 09:30:00,97.1,22.4,119.5,7.0,90.1,119.5,1.3263041065482797
2026-03-25 10:00:00,97.10000000000001,22.4,119.5,8.0,89.10000000000001,119.5,1.3411896745230076
2026-03-25 10:30:00,96.9,22.7,119.60000000000001,7.0,89.9,119.60000000000001,1.3303670745272524
2026-03-25 11:00:00,96.80000000000001,22.4,119.20000000000002,9.0,87.80000000000001,119.20000000000002,1.357630979498861
2026-03-25 11:30:00,96.39999999999999,22.3,118.69999999999999,9.0,87.39999999999999,118.69999999999999,1.3581235697940504
2026-03-25 12:00:00,97.19999999999999,22.8,119.99999999999999,9.0,88.19999999999999,119.99999999999999,1.3605442176870748
2026-03-25 12:30:00,97.6,23.3,120.89999999999999,7.0,90.6,120.89999999999999,1.3344370860927153
2026-03-25 13:00:00,97.5,23.2,120.7,7.0,90.5,120.7,1.3337016574585636
2026-03-25 13:30:00,97.39999999999999,23.7,121.1,8.0,89.39999999999999,121.1,1.354586129753915
2026-03-25 14:00:00,97.9,24.3,122.2,7.0,90.9,122.2,1.3443344334433442
2026-03-25 14:30:00,97.5,23.6,121.1,8.0,89.5,121.1,1.3530726256983239
2026-03-25 15:00:00,97.6,22.7,120.3,9.0,88.6,120.3,1.3577878103837473
2026-03-25 15:30:00,97.3,22.9,120.19999999999999,8.0,89.3,120.19999999999999,1.3460246360582306
2026-03-25 16:00:00,97.30000000000001,22.6,119.9,9.0,88.30000000000001,119.9,1.3578708946772367
2026-03-25 16:30:00,96.19999999999999,22.3,118.49999999999999,8.0,88.19999999999999,118.49999999999999,1.3435374149659864
2026-03-25 17:00:00,96.3,22.2,118.5,7.0,89.3,118.5,1.3269876819708848
2026-03-25 17:30:00,94.19999999999999,21.8,115.99999999999999,8.0,86.19999999999999,115.99999999999999,1.345707656612529
2026-03-25 18:00:00,91.9,21.5,113.4,8.0,83.9,113.4,1.3516090584028606
2026-03-25 18:30:00,90.4,21.2,111.60000000000001,9.0,81.4,111.60000000000001,1.371007371007371
2026-03-25 19:00:00,89.7,21.1,110.80000000000001,8.0,81.7,110.80000000000001,1.3561811505507957
2026-03-25 19:30:00,87.6,21.0,108.6,9.0,78.6,108.6,1.381679389312977
2026-03-25 20:00:00,85.9,20.7,106.60000000000001,6.0,79.9,106.60000000000001,1.3341677096370463
2026-03-25 20:30:00,83.6,20.7,104.3,6.0,77.6,104.3,1.3440721649484537
2026-03-25 21:00:00,83.2,20.4,103.6,6.0,77.2,103.6,1.3419689119170983
2026-03-25 21:30:00,82.6,20.2,102.8,7.0,75.6,102.8,1.3597883597883598
2026-03-25 22:00:00,82.80000000000001,20.1,102.9,7.0,75.80000000000001,102.9,1.3575197889182056
2026-03-25 22:30:00,82.69999999999999,20.3,102.99999999999999,6.0,76.69999999999999,102.99999999999999,1.3428943937418514
2026-03-25 23:00:00,82.69999999999999,20.3,102.99999999999999,8.0,74.69999999999999,102.99999999999999,1.3788487282463187
2026-03-25 23:30:00,82.1,20.0,102.1,5.0,77.1,102.1,1.324254215304799
2026-03-26 00:00:00,80.30000000000001,20.0,100.30000000000001,5.0,75.30000000000001,100.30000000000001,1.3320053120849933
2026-03-26 00:30:00,81.1,20.1,101.19999999999999,6.0,75.1,101.19999999999999,1.347536617842876
2026-03-26 01:00:00,81.69999999999999,20.3,101.99999999999999,6.0,75.69999999999999,101.99999999999999,1.3474240422721269
2026-03-26 01:30:00,81.6,20.4,102.0,5.0,76.6,102.0,1.3315926892950392
2026-03-26 02:00:00,82.0,20.9,102.9,6.0,76.0,102.9,1.3539473684210528
2026-03-26 02:30:00,81.4,20.7,102.10000000000001,4.0,77.4,102.10000000000001,1.3191214470284238
2026-03-26 03:00:00,81.2,20.6,101.80000000000001,7.0,74.2,101.80000000000001,1.371967654986523
2026-03-26 03:30:00,82.0,20.7,102.7,6.0,76.0,102.7,1.3513157894736842
2026-03-26 04:00:00,82.30000000000001,20.6,102.9,5.0,77.30000000000001,102.9,1.3311772315653299
2026-03-26 04:30:00,81.7,20.8,102.5,7.0,74.7,102.5,1.3721552878179384
2026-03-26 05:00:00,81.69999999999999,20.7,102.39999999999999,5.0,76.69999999999999,102.39999999999999,1.335071707953064
2026-03-26 05:30:00,81.1,20.6,101.69999999999999,6.0,75.1,101.69999999999999,1.3541944074567243
2026-03-26 06:00:00,82.3,20.8,103.1,6.0,76.3,103.1,1.3512450851900393
2026-03-26 06:30:00,82.0,20.6,102.6,5.0,77.0,102.6,1.3324675324675324
2026-03-26 07:00:00,82.5,20.9,103.4,7.0,75.5,103.4,1.3695364238410597
2026-03-26 07:30:00,82.70000000000002,21.0,103.70000000000002,4.0,78.70000000000002,103.70000000000002,1.317662007623888
2026-03-26 08:00:00,82.30000000000001,20.1,102.4,6.0,76.30000000000001,102.4,1.3420707732634336
2026-03-26 08:30:00,80.9,19.7,100.60000000000001,7.0,73.9,100.60000000000001,1.361299052774019
2026-03-26 09:00:00,81.39999999999999,19.3,100.69999999999999,4.0,77.39999999999999,100.69999999999999,1.301033591731266
2026-03-26 09:30:00,80.8,19.1,99.9,7.0,73.8,99.9,1.353658536585366
2026-03-26 10:00:00,81.19999999999999,19.1,100.29999999999998,4.0,77.19999999999999,100.29999999999998,1.299222797927461
2026-03-26 10:30:00,81.0,18.9,99.9,5.0,76.0,99.9,1.3144736842105265
2026-03-26 11:00:00,80.9,18.8,99.7,8.0,72.9,99.7,1.3676268861454046
2026-03-26 11:30:00,81.19999999999999,19.0,100.19999999999999,5.0,76.19999999999999,100.19999999999999,1.31496062992126
2026-03-26 12:00:00,81.69999999999999,19.2,100.89999999999999,6.0,75.69999999999999,100.89999999999999,1.3328929986789961
2026-03-26 12:30:00,80.9,18.9,99.80000000000001,7.0,73.9,99.80000000000001,1.3504736129905277
2026-03-26 13:00:00,82.0,19.4,101.4,5.0,77.0,101.4,1.316883116883117
2026-03-26 13:30:00,82.10000000000001,20.3,102.4,6.0,76.10000000000001,102.4,1.3455978975032852
2026-03-26 14:00:00,82.1,20.9,103.0,6.0,76.1,103.0,1.3534822601839687
2026-03-26 14:30:00,81.39999999999999,20.7,102.1,5.0,76.39999999999999,102.1,1.336387434554974
2026-03-26 15:00:00,81.6,20.7,102.3,8.0,73.6,102.3,1.389945652173913
2026-03-26 15:30:00,82.30000000000001,21.3,103.60000000000001,5.0,77.30000000000001,103.60000000000001,1.3402328589909442
2026-03-26 16:00:00,81.4,21.0,102.4,4.0,77.4,102.4,1.322997416020672
2026-03-26 16:30:00,80.69999999999999,21.1,101.79999999999998,9.0,71.69999999999999,101.79999999999998,1.4198047419804742
2026-03-26 17:00:00,79.5,20.8,100.3,4.0,75.5,100.3,1.328476821192053
2026-03-26 17:30:00,78.3,19.6,97.9,6.0,72.3,97.9,1.3540802213001384
2026-03-26 18:00:00,77.6,20.1,97.69999999999999,5.0,72.6,97.69999999999999,1.3457300275482094
2026-03-26 18:30:00,77.4,19.9,97.30000000000001,5.0,72.4,97.30000000000001,1.3439226519337018
2026-03-26 19:00:00,77.6,19.8,97.39999999999999,4.0,73.6,97.39999999999999,1.3233695652173914
2026-03-26 19:30:00,74.2,19.3,93.5,5.0,69.2,93.5,1.3511560693641618
2026-03-26 20:00:00,71.7,18.6,90.30000000000001,3.0,68.7,90.30000000000001,1.314410480349345
2026-03-26 20:30:00,72.0,17.8,89.8,6.0,66.0,89.8,1.3606060606060606
2026-03-26 21:00:00,72.8,18.1,90.9,4.0,68.8,90.9,1.3212209302325584
2026-03-26 21:30:00,74.7,18.6,93.30000000000001,6.0,68.7,93.30000000000001,1.3580786026200875
2026-03-26 22:00:00,77.8,19.3,97.1,6.0,71.8,97.1,1.3523676880222841
2026-03-26 22:30:00,80.0,19.8,99.8,5.0,75.0,99.8,1.3306666666666667
2026-03-26 23:00:00,82.6,20.0,102.6,7.0,75.6,102.6,1.3571428571428572
2026-03-26 23:30:00,83.80000000000001,20.4,104.20000000000002,8.0,75.80000000000001,104.20000000000002,1.3746701846965699
2026-03-27 00:00:00,41.0,10.8,51.8,7.0,34.0,51.8,1.5235294117647058
2026-03-27 00:30:00,84.5,20.7,105.2,5.0,79.5,105.2,1.3232704402515723
2026-03-27 01:00:00,83.2,20.5,103.7,8.0,75.2,103.7,1.3789893617021276
2026-03-27 01:30:00,82.8,20.4,103.19999999999999,6.0,76.8,103.19999999999999,1.34375
2026-03-27 02:00:00,82.9,20.5,103.4,6.0,76.9,103.4,1.3446033810143043
2026-03-27 02:30:00,83.9,20.4,104.30000000000001,7.0,76.9,104.30000000000001,1.3563068920676202
2026-03-27 03:00:00,83.30000000000001,20.3,103.60000000000001,9.0,74.30000000000001,103.60000000000001,1.3943472409152085
2026-03-27 03:30:00,84.6,20.6,105.19999999999999,6.0,78.6,105.19999999999999,1.3384223918575062
2026-03-27 04:00:00,84.19999999999999,20.6,104.79999999999998,5.0,79.19999999999999,104.79999999999998,1.3232323232323233
2026-03-27 04:30:00,83.9,20.3,104.2,8.0,75.9,104.2,1.372859025032938
2026-03-27 05:00:00,84.2,20.4,104.6,8.0,76.2,104.6,1.3727034120734907
2026-03-27 05:30:00,84.3,20.5,104.8,6.0,78.3,104.8,1.3384418901660282
2026-03-27 06:00:00,84.6,20.6,105.19999999999999,5.0,79.6,105.19999999999999,1.321608040201005
2026-03-27 06:30:00,84.69999999999999,20.4,105.1,9.0,75.69999999999999,105.1,1.3883751651254954
2026-03-27 07:00:00,84.8,20.3,105.1,10.0,74.8,105.1,1.4050802139037433
2026-03-27 07:30:00,84.9,20.0,104.9,8.0,76.9,104.9,1.364109232769831
2026-03-27 08:00:00,84.9,20.0,104.9,6.0,78.9,104.9,1.329531051964512
2026-03-27 08:30:00,84.6,20.5,105.1,0.0,84.6,105.1,1.2423167848699763
2026-03-27 09:00:00,42.9,18.4,61.3,0.0,42.9,61.3,1.4289044289044288
2026-03-27 09:30:00,15.0,3.7,18.7,0.0,15.0,18.7,1.2466666666666666
2026-03-27 10:00:00,14.8,3.0,17.8,2.0,12.8,17.8,1.390625
2026-03-27 10:30:00,15.2,3.4,18.599999999999998,2.0,13.2,18.599999999999998,1.409090909090909
2026-03-27 11:00:00,15.2,15.0,30.2,0.0,15.2,30.2,1.986842105263158
2026-03-27 11:30:00,15.0,3.7,18.7,0.0,15.0,18.7,1.2466666666666666
2026-03-27 12:00:00,15.0,4.8,19.8,0.0,15.0,19.8,1.32
2026-03-27 12:30:00,14.9,6.0,20.9,1.0,13.9,20.9,1.503597122302158
2026-03-27 13:00:00,14.4,1.3,15.700000000000001,2.0,12.4,15.700000000000001,1.2661290322580645
2026-03-27 13:30:00,14.2,8.8,23.0,0.0,14.2,23.0,1.619718309859155
2026-03-27 14:00:00,14.2,1.3,15.5,0.0,14.2,15.5,1.091549295774648
2026-03-27 14:30:00,14.4,6.9,21.3,0.0,14.4,21.3,1.4791666666666667
2026-03-27 15:00:00,14.0,3.3,17.3,0.0,14.0,17.3,1.2357142857142858
2026-03-27 15:30:00,13.8,2.8,16.6,0.0,13.8,16.6,1.2028985507246377
2026-03-27 16:00:00,13.7,7.5,21.2,0.0,13.7,21.2,1.5474452554744527
2026-03-27 16:30:00,13.8,1.3,15.100000000000001,0.0,13.8,15.100000000000001,1.0942028985507246
2026-03-27 17:00:00,13.600000000000001,7.5,21.1,0.0,13.600000000000001,21.1,1.5514705882352942
2026-03-27 17:30:00,13.600000000000001,2.4,16.0,0.0,13.600000000000001,16.0,1.176470588235294
2026-03-27 18:00:00,13.600000000000001,3.1,16.700000000000003,0.0,13.600000000000001,16.700000000000003,1.2279411764705883
2026-03-27 18:30:00,13.600000000000001,6.8,20.400000000000002,0.0,13.600000000000001,20.400000000000002,1.5
2026-03-27 19:00:00,13.600000000000001,1.3,14.900000000000002,1.0,12.600000000000001,14.900000000000002,1.1825396825396826
2026-03-27 19:30:00,13.600000000000001,7.8,21.400000000000002,0.0,13.600000000000001,21.400000000000002,1.5735294117647058
2026-03-27 20:00:00,13.600000000000001,2.1,15.700000000000001,0.0,13.600000000000001,15.700000000000001,1.1544117647058822
2026-03-27 20:30:00,13.7,3.0,16.7,1.0,12.7,16.7,1.31496062992126
2026-03-27 21:00:00,13.600000000000001,6.6,20.200000000000003,2.0,11.600000000000001,20.200000000000003,1.7413793103448276
2026-03-27 21:30:00,13.600000000000001,1.3,14.900000000000002,0.0,13.600000000000001,14.900000000000002,1.0955882352941178
2026-03-27 22:00:00,13.5,8.3,21.8,1.0,12.5,21.8,1.744
2026-03-27 22:30:00,13.4,1.3,14.700000000000001,0.0,13.4,14.700000000000001,1.0970149253731343
2026-03-27 23:00:00,13.3,3.5,16.8,2.0,11.3,16.8,1.486725663716814
2026-03-27 23:30:00,13.6,6.4,20.0,1.0,12.6,20.0,1.5873015873015874
2026-03-28 00:00:00,13.3,4.0,17.3,0.0,13.3,17.3,1.300751879699248
2026-03-28 00:30:00,14.0,7.8,21.8,0.0,14.0,21.8,1.5571428571428572
2026-03-28 01:00:00,13.899999999999999,1.8,15.7,0.0,13.899999999999999,15.7,1.129496402877698
2026-03-28 01:30:00,13.899999999999999,4.0,17.9,0.0,13.899999999999999,17.9,1.2877697841726619
2026-03-28 02:00:00,13.5,5.9,19.4,0.0,13.5,19.4,1.437037037037037
2026-03-28 02:30:00,13.7,1.4,15.1,0.0,13.7,15.1,1.102189781021898
2026-03-28 03:00:00,13.5,8.2,21.7,0.0,13.5,21.7,1.6074074074074074
2026-03-28 03:30:00,13.6,1.9,15.5,1.0,12.6,15.5,1.2301587301587302
2026-03-28 04:00:00,13.7,2.3,16.0,0.0,13.7,16.0,1.1678832116788322
2026-03-28 04:30:00,13.7,7.5,21.2,1.0,12.7,21.2,1.6692913385826773
2026-03-28 05:00:00,13.5,1.4,14.9,0.0,13.5,14.9,1.1037037037037036
2026-03-28 05:30:00,13.5,6.2,19.7,0.0,13.5,19.7,1.4592592592592593
2026-03-28 06:00:00,13.3,3.6,16.900000000000002,0.0,13.3,16.900000000000002,1.2706766917293233
2026-03-28 06:30:00,13.1,1.4,14.5,0.0,13.1,14.5,1.1068702290076335
2026-03-28 07:00:00,13.1,8.1,21.2,1.0,12.1,21.2,1.7520661157024793
2026-03-28 07:30:00,13.1,1.4,14.5,0.0,13.1,14.5,1.1068702290076335
2026-03-28 08:00:00,13.1,4.0,17.1,2.0,11.1,17.1,1.5405405405405408
2026-03-28 08:30:00,13.1,5.5,18.6,0.0,13.1,18.6,1.419847328244275
2026-03-28 09:00:00,13.1,1.4,14.5,0.0,13.1,14.5,1.1068702290076335
2026-03-28 09:30:00,13.0,7.4,20.4,0.0,13.0,20.4,1.5692307692307692
2026-03-28 10:00:00,12.899999999999999,2.0,14.899999999999999,1.0,11.899999999999999,14.899999999999999,1.2521008403361344
2026-03-28 10:30:00,13.0,1.8,14.8,1.0,12.0,14.8,1.2333333333333334
2026-03-28 11:00:00,13.2,7.7,20.9,1.0,12.2,20.9,1.7131147540983607
2026-03-28 11:30:00,13.4,1.3,14.700000000000001,1.0,12.4,14.700000000000001,1.185483870967742
2026-03-28 12:00:00,13.3,5.4,18.700000000000003,0.0,13.3,18.700000000000003,1.406015037593985
2026-03-28 12:30:00,13.3,4.2,17.5,0.0,13.3,17.5,1.3157894736842104
2026-03-28 13:00:00,13.3,1.3,14.600000000000001,0.0,13.3,14.600000000000001,1.0977443609022557
2026-03-28 13:30:00,13.1,8.3,21.4,0.0,13.1,21.4,1.6335877862595418
2026-03-28 14:00:00,13.0,1.3,14.3,0.0,13.0,14.3,1.1
2026-03-28 14:30:00,13.1,3.9,17.0,0.0,13.1,17.0,1.297709923664122
2026-03-28 15:00:00,13.1,5.8,18.9,1.0,12.1,18.9,1.56198347107438
2026-03-28 15:30:00,13.2,1.4,14.6,0.0,13.2,14.6,1.1060606060606062
2026-03-28 16:00:00,13.1,7.7,20.8,0.0,13.1,20.8,1.587786259541985
2026-03-28 16:30:00,13.1,1.9,15.0,1.0,12.1,15.0,1.2396694214876034
2026-03-28 17:00:00,13.1,1.7,14.799999999999999,0.0,13.1,14.799999999999999,1.129770992366412
2026-03-28 17:30:00,13.1,7.9,21.0,1.0,12.1,21.0,1.7355371900826446
2026-03-28 18:00:00,13.1,1.4,14.5,0.0,13.1,14.5,1.1068702290076335
2026-03-28 18:30:00,13.1,4.8,17.9,1.0,12.1,17.9,1.4793388429752066
2026-03-28 19:00:00,13.1,4.8,17.9,0.0,13.1,17.9,1.366412213740458
2026-03-28 19:30:00,13.3,1.3,14.600000000000001,0.0,13.3,14.600000000000001,1.0977443609022557
2026-03-28 20:00:00,13.2,8.1,21.299999999999997,0.0,13.2,21.299999999999997,1.6136363636363635
2026-03-28 20:30:00,13.2,1.4,14.6,2.0,11.2,14.6,1.3035714285714286
2026-03-28 21:00:00,13.3,2.4,15.700000000000001,1.0,12.3,15.700000000000001,1.2764227642276422
2026-03-28 21:30:00,13.2,7.5,20.7,0.0,13.2,20.7,1.5681818181818181
2026-03-28 22:00:00,13.7,1.3,15.0,0.0,13.7,15.0,1.094890510948905
2026-03-28 22:30:00,13.7,5.7,19.4,0.0,13.7,19.4,1.416058394160584
2026-03-28 23:00:00,13.8,3.8,17.6,1.0,12.8,17.6,1.375
2026-03-28 23:30:00,14.0,1.4,15.4,0.0,14.0,15.4,1.1
2026-03-29 00:00:00,13.7,4.1,17.799999999999997,1.0,12.7,17.799999999999997,1.4015748031496063
2026-03-29 00:30:00,14.1,1.4,15.5,0.0,14.1,15.5,1.099290780141844
2026-03-29 03:00:00,14.2,1.4,15.6,1.0,13.2,15.6,1.1818181818181819
2026-03-29 03:30:00,14.100000000000001,8.4,22.5,0.0,14.100000000000001,22.5,1.5957446808510636
2026-03-29 04:00:00,14.100000000000001,1.4,15.500000000000002,0.0,14.100000000000001,15.500000000000002,1.099290780141844
2026-03-29 04:30:00,13.8,2.5,16.3,0.0,13.8,16.3,1.181159420289855
2026-03-29 05:00:00,13.6,7.4,21.0,0.0,13.6,21.0,1.5441176470588236
2026-03-29 05:30:00,13.7,1.4,15.1,1.0,12.7,15.1,1.188976377952756
2026-03-29 06:00:00,13.7,5.9,19.6,2.0,11.7,19.6,1.6752136752136755
2026-03-29 06:30:00,13.7,3.6,17.3,0.0,13.7,17.3,1.2627737226277373
2026-03-29 07:00:00,13.6,1.4,15.0,0.0,13.6,15.0,1.1029411764705883
2026-03-29 07:30:00,13.6,8.5,22.1,0.0,13.6,22.1,1.6250000000000002
2026-03-29 08:00:00,13.6,1.4,15.0,0.0,13.6,15.0,1.1029411764705883
2026-03-29 08:30:00,13.5,3.4,16.9,3.0,10.5,16.9,1.6095238095238094
2026-03-29 09:00:00,13.5,6.0,19.5,0.0,13.5,19.5,1.4444444444444444
2026-03-29 09:30:00,13.5,1.4,14.9,0.0,13.5,14.9,1.1037037037037036
2026-03-29 10:00:00,13.5,7.7,21.2,0.0,13.5,21.2,1.5703703703703704
2026-03-29 10:30:00,13.5,1.8,15.3,1.0,12.5,15.3,1.224
2026-03-29 11:00:00,13.5,1.3,14.8,0.0,13.5,14.8,1.0962962962962963
2026-03-29 11:30:00,13.5,8.4,21.9,0.0,13.5,21.9,1.622222222222222
2026-03-29 12:00:00,13.5,1.3,14.8,0.0,13.5,14.8,1.0962962962962963
2026-03-29 12:30:00,13.5,4.6,18.1,0.0,13.5,18.1,1.3407407407407408
2026-03-29 13:00:00,13.5,5.0,18.5,0.0,13.5,18.5,1.3703703703703705
2026-03-29 13:30:00,13.6,1.4,15.0,0.0,13.6,15.0,1.1029411764705883
2026-03-29 14:00:00,13.5,7.8,21.3,1.0,12.5,21.3,1.704
2026-03-29 14:30:00,13.5,1.8,15.3,0.0,13.5,15.3,1.1333333333333333
2026-03-29 15:00:00,13.600000000000001,1.3,14.900000000000002,0.0,13.600000000000001,14.900000000000002,1.0955882352941178
2026-03-29 15:30:00,13.8,8.0,21.8,0.0,13.8,21.8,1.5797101449275361
2026-03-29 16:00:00,13.899999999999999,1.4,15.299999999999999,1.0,12.899999999999999,15.299999999999999,1.186046511627907
2026-03-29 16:30:00,14.0,5.9,19.9,1.0,13.0,19.9,1.5307692307692307
2026-03-29 17:00:00,13.8,3.8,17.6,1.0,12.8,17.6,1.375
2026-03-29 17:30:00,13.8,1.3,15.100000000000001,0.0,13.8,15.100000000000001,1.0942028985507246
2026-03-29 18:00:00,13.8,8.2,22.0,1.0,12.8,22.0,1.71875
2026-03-29 18:30:00,13.8,1.4,15.200000000000001,0.0,13.8,15.200000000000001,1.1014492753623188
2026-03-29 19:00:00,13.8,3.7,17.5,2.0,11.8,17.5,1.483050847457627
2026-03-29 19:30:00,13.7,6.0,19.7,1.0,12.7,19.7,1.5511811023622049
2026-03-29 20:00:00,13.6,1.4,15.0,0.0,13.6,15.0,1.1029411764705883
2026-03-29 20:30:00,13.6,6.7,20.3,0.0,13.6,20.3,1.4926470588235294
2026-03-29 21:00:00,13.5,3.0,16.5,0.0,13.5,16.5,1.2222222222222223
2026-03-29 21:30:00,13.7,1.4,15.1,0.0,13.7,15.1,1.102189781021898
2026-03-29 22:00:00,13.600000000000001,8.4,22.0,0.0,13.600000000000001,22.0,1.6176470588235292
2026-03-29 22:30:00,13.600000000000001,1.4,15.000000000000002,0.0,13.600000000000001,15.000000000000002,1.1029411764705883
2026-03-29 23:00:00,13.5,3.4,16.9,1.0,12.5,16.9,1.3519999999999999
2026-03-29 23:30:00,13.5,6.3,19.8,0.0,13.5,19.8,1.4666666666666668
2026-03-30 00:00:00,12.6,4.7,17.3,0.0,12.6,17.3,1.373015873015873
2026-03-30 00:30:00,13.1,6.2,19.3,0.0,13.1,19.3,1.4732824427480917
2026-03-30 01:00:00,13.1,3.4,16.5,0.0,13.1,16.5,1.2595419847328244
2026-03-30 01:30:00,13.1,1.4,14.5,1.0,12.1,14.5,1.1983471074380165
2026-03-30 02:00:00,13.0,7.9,20.9,0.0,13.0,20.9,1.6076923076923075
2026-03-30 02:30:00,13.1,1.4,14.5,1.0,12.1,14.5,1.1983471074380165
2026-03-30 03:00:00,13.1,2.5,15.6,0.0,13.1,15.6,1.1908396946564885
2026-03-30 03:30:00,13.2,6.8,20.0,2.0,11.2,20.0,1.7857142857142858
2026-03-30 04:00:00,13.2,1.4,14.6,0.0,13.2,14.6,1.1060606060606062
2026-03-30 04:30:00,13.0,5.9,18.9,0.0,13.0,18.9,1.4538461538461538
2026-03-30 05:00:00,12.9,3.2,16.1,1.0,11.9,16.1,1.3529411764705883
2026-03-30 05:30:00,12.9,1.4,14.3,1.0,11.9,14.3,1.2016806722689075
2026-03-30 06:00:00,12.9,8.3,21.200000000000003,1.0,11.9,21.200000000000003,1.781512605042017
2026-03-30 06:30:00,13.0,1.4,14.4,0.0,13.0,14.4,1.1076923076923078
2026-03-30 07:00:00,12.9,1.7,14.6,0.0,12.9,14.6,1.1317829457364341
2026-03-30 07:30:00,12.9,7.8,20.7,0.0,12.9,20.7,1.6046511627906976
2026-03-30 08:00:00,12.9,1.4,14.3,1.0,11.9,14.3,1.2016806722689075
2026-03-30 08:30:00,12.9,3.7,16.6,0.0,12.9,16.6,1.2868217054263567
2026-03-30 09:00:00,12.9,5.4,18.3,0.0,12.9,18.3,1.4186046511627908
2026-03-30 09:30:00,13.0,1.4,14.4,0.0,13.0,14.4,1.1076923076923078
2026-03-30 10:00:00,12.9,7.3,20.2,0.0,12.9,20.2,1.565891472868217
2026-03-30 10:30:00,13.1,2.2,15.3,0.0,13.1,15.3,1.16793893129771
2026-03-30 11:00:00,10.7,1.4,12.1,0.0,10.7,12.1,1.1308411214953271
2026-03-30 11:30:00,11.7,6.6,18.299999999999997,0.0,11.7,18.299999999999997,1.5641025641025639
2026-03-30 12:00:00,11.9,2.3,14.2,1.0,10.9,14.2,1.3027522935779816
2026-03-30 12:30:00,12.2,1.3,13.5,0.0,12.2,13.5,1.1065573770491803
2026-03-30 13:00:00,12.3,3.0,15.3,0.0,12.3,15.3,1.2439024390243902
2026-03-30 13:30:00,12.2,3.7,15.899999999999999,0.0,12.2,15.899999999999999,1.3032786885245902
2026-03-30 14:00:00,12.2,3.8,16.0,0.0,12.2,16.0,1.3114754098360657
2026-03-30 14:30:00,12.2,4.1,16.299999999999997,0.0,12.2,16.299999999999997,1.3360655737704916
2026-03-30 15:00:00,12.2,6.3,18.5,0.0,12.2,18.5,1.5163934426229508
2026-03-30 16:00:00,12.1,4.0,16.1,1.0,11.1,16.1,1.4504504504504507
2026-03-30 16:30:00,12.2,3.6,15.799999999999999,0.0,12.2,15.799999999999999,1.2950819672131146
2026-03-30 17:00:00,12.6,11.9,24.5,0.0,12.6,24.5,1.9444444444444444
2026-03-30 17:30:00,12.5,3.6,16.1,0.0,12.5,16.1,1.288
2026-03-30 18:00:00,12.5,4.3,16.8,0.0,12.5,16.8,1.344
2026-03-30 19:00:00,12.6,3.5,16.1,0.0,12.6,16.1,1.277777777777778
2026-03-30 19:30:00,12.5,9.7,22.2,0.0,12.5,22.2,1.776
2026-03-30 20:00:00,12.5,3.5,16.0,0.0,12.5,16.0,1.28
2026-03-30 20:30:00,12.4,9.7,22.1,0.0,12.4,22.1,1.782258064516129
2026-03-30 21:00:00,12.5,3.5,16.0,1.0,11.5,16.0,1.391304347826087
2026-03-30 21:30:00,12.7,4.9,17.6,0.0,12.7,17.6,1.3858267716535435
2026-03-30 22:00:00,12.8,8.3,21.1,0.0,12.8,21.1,1.6484375
2026-03-30 22:30:00,12.7,3.5,16.2,0.0,12.7,16.2,1.2755905511811023
2026-03-30 23:00:00,12.8,9.7,22.5,0.0,12.8,22.5,1.7578125
2026-03-30 23:30:00,12.7,3.6,16.3,0.0,12.7,16.3,1.283464566929134
2026-03-31 00:30:00,12.6,3.6,16.2,1.0,11.6,16.2,1.396551724137931
2026-03-31 01:00:00,12.5,6.3,18.8,0.0,12.5,18.8,1.504
2026-03-31 01:30:00,12.6,6.8,19.4,0.0,12.6,19.4,1.5396825396825395
2026-03-31 02:00:00,12.4,3.6,16.0,0.0,12.4,16.0,1.2903225806451613
2026-03-31 02:30:00,12.3,9.5,21.8,0.0,12.3,21.8,1.7723577235772356
2026-03-31 03:00:00,12.5,3.6,16.1,1.0,11.5,16.1,1.4000000000000001
2026-03-31 03:30:00,12.5,9.4,21.9,0.0,12.5,21.9,1.7519999999999998
2026-03-31 04:00:00,12.3,3.5,15.8,0.0,12.3,15.8,1.2845528455284552
2026-03-31 04:30:00,12.3,7.6,19.9,0.0,12.3,19.9,1.6178861788617884
2026-03-31 05:00:00,12.3,5.4,17.700000000000003,0.0,12.3,17.700000000000003,1.4390243902439026
2026-03-31 05:30:00,12.2,3.6,15.799999999999999,0.0,12.2,15.799999999999999,1.2950819672131146
2026-03-31 06:00:00,12.2,9.4,21.6,0.0,12.2,21.6,1.7704918032786887
2026-03-31 06:30:00,12.1,3.5,15.6,0.0,12.1,15.6,1.2892561983471074
2026-03-31 07:00:00,12.1,9.4,21.5,0.0,12.1,21.5,1.7768595041322315
2026-03-31 07:30:00,12.1,3.5,15.6,0.0,12.1,15.6,1.2892561983471074
2026-03-31 08:00:00,12.1,7.6,19.7,0.0,12.1,19.7,1.628099173553719
2026-03-31 08:30:00,12.0,5.2,17.2,1.0,11.0,17.2,1.5636363636363635
2026-03-31 09:00:00,12.1,3.5,15.6,0.0,12.1,15.6,1.2892561983471074
2026-03-31 09:30:00,12.1,9.3,21.4,0.0,12.1,21.4,1.768595041322314
2026-03-31 10:00:00,12.3,3.5,15.8,0.0,12.3,15.8,1.2845528455284552
2026-03-31 10:30:00,12.4,9.3,21.700000000000003,1.0,11.4,21.700000000000003,1.9035087719298247
2026-03-31 11:00:00,12.3,3.5,15.8,0.0,12.3,15.8,1.2845528455284552
2026-03-31 11:30:00,12.1,6.1,18.2,0.0,12.1,18.2,1.5041322314049586
2026-03-31 12:00:00,12.3,6.1,18.4,0.0,12.3,18.4,1.4959349593495932
2026-03-31 12:30:00,12.6,6.0,18.6,1.0,11.6,18.6,1.6034482758620692
2026-03-31 13:00:00,13.8,4.6,18.4,1.0,12.8,18.4,1.4374999999999998
2026-03-31 13:30:00,15.2,4.7,19.9,1.0,14.2,19.9,1.4014084507042253
2026-03-31 14:00:00,16.1,0.0,0.0,1.0,15.100000000000001,16.1,1.0662251655629138
2026-03-31 14:30:00,16.6,4.7,21.3,1.0,15.600000000000001,21.3,1.3653846153846152
2026-03-31 15:00:00,16.6,4.7,21.3,4.0,12.600000000000001,21.3,1.6904761904761902
2026-03-31 17:30:00,14.6,6.3,20.9,0.0,14.6,20.9,1.4315068493150684
2026-03-31 18:30:00,14.4,4.6,19.0,2.0,12.4,19.0,1.532258064516129
2026-03-31 19:00:00,14.2,11.2,25.4,0.0,14.2,25.4,1.7887323943661972
2026-03-31 19:30:00,14.2,8.1,22.299999999999997,2.0,12.2,22.299999999999997,1.8278688524590163
2026-03-31 20:00:00,14.1,9.0,23.1,0.0,14.1,23.1,1.6382978723404256
2026-03-31 20:30:00,14.4,10.4,24.8,2.0,12.4,24.8,2.0
2026-03-31 21:00:00,14.9,0.9,15.8,2.0,12.9,15.8,1.2248062015503876
2026-03-31 21:30:00,15.1,12.1,27.2,0.0,15.1,27.2,1.8013245033112584
2026-03-31 22:00:00,15.1,9.9,25.0,0.0,15.1,25.0,1.6556291390728477
2026-03-31 22:30:00,15.2,1.0,16.2,3.0,12.2,16.2,1.3278688524590163
2026-03-31 23:00:00,15.399999999999999,9.9,25.299999999999997,0.0,15.399999999999999,25.299999999999997,1.6428571428571428
2026-04-01 00:00:00,33.1,15.4,48.5,0.0,33.1,48.5,1.4652567975830815
2026-04-01 00:30:00,25.299999999999997,14.2,39.5,1.0,24.299999999999997,39.5,1.6255144032921813
2026-04-01 01:00:00,15.9,3.7,19.6,0.0,15.9,19.6,1.2327044025157234
2026-04-01 01:30:00,15.7,8.6,24.299999999999997,0.0,15.7,24.299999999999997,1.5477707006369426
2026-04-01 02:00:00,16.0,8.2,24.2,0.0,16.0,24.2,1.5125
2026-04-01 02:30:00,16.1,1.3,17.400000000000002,1.0,15.100000000000001,17.400000000000002,1.152317880794702
2026-04-01 03:00:00,15.600000000000001,7.4,23.0,1.0,14.600000000000001,23.0,1.5753424657534245
2026-04-01 03:30:00,15.8,7.5,23.3,0.0,15.8,23.3,1.4746835443037976
2026-04-01 04:00:00,15.600000000000001,4.9,20.5,2.0,13.600000000000001,20.5,1.5073529411764703
2026-04-01 04:30:00,15.2,3.5,18.7,0.0,15.2,18.7,1.230263157894737
2026-04-01 05:00:00,15.399999999999999,7.3,22.7,2.0,13.399999999999999,22.7,1.6940298507462688
2026-04-01 05:30:00,15.399999999999999,5.0,20.4,1.0,14.399999999999999,20.4,1.4166666666666667
2026-04-01 06:00:00,15.299999999999999,2.8,18.099999999999998,2.0,13.299999999999999,18.099999999999998,1.3609022556390977
2026-04-01 06:30:00,15.299999999999999,7.3,22.599999999999998,0.0,15.299999999999999,22.599999999999998,1.4771241830065358
2026-04-01 07:00:00,15.399999999999999,7.3,22.7,0.0,15.399999999999999,22.7,1.474025974025974
2026-04-01 07:30:00,15.5,0.9,16.4,2.0,13.5,16.4,1.2148148148148148
2026-04-01 08:00:00,15.2,6.7,21.9,2.0,13.2,21.9,1.6590909090909092
2026-04-01 08:30:00,11.4,7.4,18.8,0.0,11.4,18.8,1.6491228070175439
2026-04-01 09:00:00,14.8,0.2,15.0,0.0,14.8,15.0,1.0135135135135134
2026-04-01 09:30:00,15.0,6.9,21.9,0.0,15.0,21.9,1.46
2026-04-01 10:00:00,19.4,7.1,26.5,0.0,19.4,26.5,1.365979381443299
2026-04-01 10:30:00,19.8,3.0,22.8,1.0,18.8,22.8,1.2127659574468086
2026-04-01 11:00:00,23.299999999999997,12.5,35.8,0.0,23.299999999999997,35.8,1.536480686695279
2026-04-01 11:30:00,26.1,2.9,29.0,1.0,25.1,29.0,1.1553784860557768
2026-04-01 12:00:00,32.8,17.0,49.8,0.0,32.8,49.8,1.5182926829268293
2026-04-01 12:30:00,32.7,5.5,38.2,1.0,31.700000000000003,38.2,1.2050473186119874
2026-04-01 13:00:00,33.0,19.6,52.6,3.0,30.0,52.6,1.7533333333333334
2026-04-01 13:30:00,35.300000000000004,15.1,50.400000000000006,5.0,30.300000000000004,50.400000000000006,1.6633663366336633
2026-04-01 14:00:00,36.3,23.8,60.099999999999994,3.0,33.3,60.099999999999994,1.8048048048048049
2026-04-01 14:30:00,37.7,15.9,53.6,5.0,32.7,53.6,1.63914373088685
2026-04-01 15:00:00,38.4,17.7,56.099999999999994,4.0,34.4,56.099999999999994,1.630813953488372
2026-04-01 15:30:00,42.9,20.7,63.599999999999994,5.0,37.9,63.599999999999994,1.6781002638522426
2026-04-01 16:00:00,53.599999999999994,20.7,74.3,6.0,47.599999999999994,74.3,1.5609243697478994
2026-04-01 16:30:00,56.3,27.1,83.4,4.0,52.3,83.4,1.5946462715105165
2026-04-01 17:00:00,57.2,37.7,94.9,5.0,52.2,94.9,1.818007662835249
2026-04-01 17:30:00,57.6,29.7,87.3,4.0,53.6,87.3,1.628731343283582
2026-04-01 18:00:00,57.9,30.3,88.2,4.0,53.9,88.2,1.6363636363636365
2026-04-01 18:30:00,58.3,30.1,88.4,6.0,52.3,88.4,1.6902485659655835
2026-04-01 19:00:00,58.2,29.9,88.1,4.0,54.2,88.1,1.625461254612546
2026-04-01 19:30:00,58.199999999999996,29.8,88.0,7.0,51.199999999999996,88.0,1.7187500000000002
2026-04-01 20:00:00,58.5,30.4,88.9,4.0,54.5,88.9,1.6311926605504588
2026-04-01 20:30:00,58.5,30.5,89.0,4.0,54.5,89.0,1.6330275229357798
2026-04-01 21:00:00,59.0,30.2,89.2,5.0,54.0,89.2,1.651851851851852
2026-04-01 21:30:00,58.3,29.9,88.19999999999999,4.0,54.3,88.19999999999999,1.6243093922651932
2026-04-01 22:00:00,54.400000000000006,29.6,84.0,4.0,50.400000000000006,84.0,1.6666666666666665
2026-04-01 22:30:00,51.400000000000006,28.7,80.10000000000001,5.0,46.400000000000006,80.10000000000001,1.7262931034482758
2026-04-01 23:00:00,51.0,27.8,78.8,4.0,47.0,78.8,1.676595744680851
2026-04-02 00:00:00,72.60000000000001,33.9,106.5,4.0,68.60000000000001,106.5,1.552478134110787
2026-04-02 00:30:00,89.1,36.5,125.6,4.0,85.1,125.6,1.4759106933019976
2026-04-02 01:00:00,55.8,22.8,78.6,5.0,50.8,78.6,1.547244094488189
2026-04-02 01:30:00,54.2,22.2,76.4,5.0,49.2,76.4,1.5528455284552847
2026-04-02 02:00:00,54.7,21.8,76.5,3.0,51.7,76.5,1.4796905222437136
2026-04-02 02:30:00,54.900000000000006,21.9,76.80000000000001,5.0,49.900000000000006,76.80000000000001,1.5390781563126252
2026-04-02 03:00:00,54.0,21.5,75.5,4.0,50.0,75.5,1.51
2026-04-02 03:30:00,53.7,21.0,74.7,7.0,46.7,74.7,1.5995717344753746
2026-04-02 04:00:00,53.3,20.5,73.8,4.0,49.3,73.8,1.4969574036511157
2026-04-02 04:30:00,53.0,20.4,73.4,4.0,49.0,73.4,1.4979591836734696
2026-04-02 05:00:00,52.8,19.2,72.0,5.0,47.8,72.0,1.5062761506276152
2026-04-02 05:30:00,53.400000000000006,18.8,72.2,5.0,48.400000000000006,72.2,1.4917355371900825
2026-04-02 06:00:00,52.900000000000006,18.4,71.30000000000001,4.0,48.900000000000006,71.30000000000001,1.458077709611452
2026-04-02 06:30:00,52.3,17.7,70.0,5.0,47.3,70.0,1.4799154334038056
2026-04-02 07:00:00,51.900000000000006,17.1,69.0,3.0,48.900000000000006,69.0,1.411042944785276
2026-04-02 07:30:00,52.400000000000006,16.7,69.10000000000001,7.0,45.400000000000006,69.10000000000001,1.5220264317180616
2026-04-02 08:00:00,54.2,16.6,70.80000000000001,5.0,49.2,70.80000000000001,1.4390243902439026
2026-04-02 08:30:00,55.699999999999996,18.6,74.3,3.0,52.699999999999996,74.3,1.4098671726755219
2026-04-02 09:00:00,56.0,21.3,77.3,5.0,51.0,77.3,1.5156862745098039
2026-04-02 09:30:00,55.5,22.9,78.4,5.0,50.5,78.4,1.5524752475247525
2026-04-02 10:00:00,54.800000000000004,27.1,81.9,4.0,50.800000000000004,81.9,1.6122047244094488
2026-04-02 10:30:00,54.6,28.6,83.2,4.0,50.6,83.2,1.6442687747035574
2026-04-02 11:00:00,55.4,28.4,83.8,4.0,51.4,83.8,1.6303501945525292
2026-04-02 11:30:00,55.099999999999994,27.4,82.5,3.0,52.099999999999994,82.5,1.5834932821497123
2026-04-02 12:00:00,68.2,31.3,99.5,4.0,64.2,99.5,1.5498442367601246
2026-04-02 12:30:00,74.3,44.4,118.69999999999999,7.0,67.3,118.69999999999999,1.763744427934621
2026-04-02 13:00:00,79.4,46.7,126.10000000000001,4.0,75.4,126.10000000000001,1.6724137931034482
2026-04-02 13:30:00,81.8,36.9,118.69999999999999,5.0,76.8,118.69999999999999,1.5455729166666665
2026-04-02 14:00:00,84.8,41.6,126.4,6.0,78.8,126.4,1.604060913705584
2026-04-02 14:30:00,89.50000000000001,47.2,136.70000000000002,8.0,81.50000000000001,136.70000000000002,1.6773006134969324
2026-04-02 15:00:00,91.19999999999999,51.2,142.39999999999998,4.0,87.19999999999999,142.39999999999998,1.6330275229357798
2026-04-02 15:30:00,89.6,45.5,135.1,9.0,80.6,135.1,1.6761786600496278
2026-04-02 16:00:00,91.5,43.6,135.1,7.0,84.5,135.1,1.5988165680473372
2026-04-02 16:30:00,91.5,43.0,134.5,5.0,86.5,134.5,1.5549132947976878
2026-04-02 17:00:00,92.1,48.5,140.6,9.0,83.1,140.6,1.6919374247894103
2026-04-02 17:30:00,92.9,49.7,142.60000000000002,4.0,88.9,142.60000000000002,1.6040494938132734
2026-04-02 18:00:00,93.3,50.8,144.1,9.0,84.3,144.1,1.7093712930011862
2026-04-02 18:30:00,93.3,45.3,138.6,6.0,87.3,138.6,1.5876288659793814
2026-04-02 19:00:00,93.10000000000001,42.6,135.70000000000002,7.0,86.10000000000001,135.70000000000002,1.5760743321718933
2026-04-02 19:30:00,92.19999999999999,45.0,137.2,6.0,86.19999999999999,137.2,1.591647331786543
2026-04-02 20:00:00,92.5,48.7,141.2,7.0,85.5,141.2,1.6514619883040935
2026-04-02 20:30:00,93.2,50.0,143.2,8.0,85.2,143.2,1.68075117370892
2026-04-02 21:00:00,94.39999999999999,50.8,145.2,6.0,88.39999999999999,145.2,1.6425339366515836
2026-04-02 21:30:00,94.7,45.8,140.5,7.0,87.7,140.5,1.6020524515393386
2026-04-02 22:00:00,94.7,45.3,140.0,8.0,86.7,140.0,1.6147635524798154
2026-04-02 22:30:00,94.5,44.1,138.6,5.0,89.5,138.6,1.5486033519553073
2026-04-02 23:00:00,94.5,48.0,142.5,7.0,87.5,142.5,1.6285714285714286
2026-04-02 23:30:00,94.39999999999999,50.4,144.79999999999998,8.0,86.39999999999999,144.79999999999998,1.6759259259259258
2026-04-03 00:00:00,95.49999999999999,48.9,144.39999999999998,6.0,89.49999999999999,144.39999999999998,1.6134078212290504
2026-04-03 00:30:00,96.19999999999999,47.8,144.0,9.0,87.19999999999999,144.0,1.6513761467889911
2026-04-03 01:00:00,94.80000000000001,45.3,140.10000000000002,7.0,87.80000000000001,140.10000000000002,1.5956719817767655
2026-04-03 01:30:00,93.89999999999999,46.1,140.0,6.0,87.89999999999999,140.0,1.5927189988623438
2026-04-03 02:00:00,94.2,50.6,144.8,9.0,85.2,144.8,1.699530516431925
2026-04-03 02:30:00,94.60000000000001,53.3,147.9,6.0,88.60000000000001,147.9,1.6693002257336342
2026-04-03 03:00:00,95.2,47.0,142.2,6.0,89.2,142.2,1.5941704035874438
2026-04-03 03:30:00,95.1,45.2,140.3,10.0,85.1,140.3,1.648648648648649
2026-04-03 04:00:00,94.7,47.4,142.1,6.0,88.7,142.1,1.6020293122886131
2026-04-03 04:30:00,94.80000000000001,52.1,146.9,7.0,87.80000000000001,146.9,1.6731207289293848
2026-04-03 05:00:00,95.5,52.3,147.8,8.0,87.5,147.8,1.6891428571428573
2026-04-03 05:30:00,95.69999999999999,47.9,143.6,7.0,88.69999999999999,143.6,1.6189402480270576
2026-04-03 06:00:00,95.6,45.4,141.0,7.0,88.6,141.0,1.5914221218961626
2026-04-03 06:30:00,95.19999999999999,46.4,141.6,10.0,85.19999999999999,141.6,1.6619718309859157
2026-04-03 07:00:00,95.5,51.4,146.9,4.0,91.5,146.9,1.605464480874317
2026-04-03 07:30:00,95.4,53.9,149.3,9.0,86.4,149.3,1.7280092592592593
2026-04-03 08:00:00,95.69999999999999,46.9,142.6,7.0,88.69999999999999,142.6,1.6076662908680948
2026-04-03 08:30:00,95.30000000000001,45.8,141.10000000000002,6.0,89.30000000000001,141.10000000000002,1.58006718924972
2026-04-03 09:00:00,95.20000000000002,46.2,141.40000000000003,8.0,87.20000000000002,141.40000000000003,1.621559633027523
2026-04-03 09:30:00,94.80000000000001,51.0,145.8,8.0,86.80000000000001,145.8,1.6797235023041475
2026-04-03 10:00:00,95.19999999999999,51.7,146.89999999999998,5.0,90.19999999999999,146.89999999999998,1.6286031042128604
2026-04-03 10:30:00,95.69999999999999,51.8,147.5,9.0,86.69999999999999,147.5,1.7012687427912343
2026-04-03 11:00:00,96.0,46.0,142.0,9.0,87.0,142.0,1.632183908045977
2026-04-03 11:30:00,95.4,45.5,140.9,5.0,90.4,140.9,1.5586283185840708
2026-04-03 12:00:00,95.3,48.8,144.1,9.0,86.3,144.1,1.6697566628041716
2026-04-03 12:30:00,95.30000000000001,51.7,147.0,8.0,87.30000000000001,147.0,1.683848797250859
2026-04-03 13:00:00,95.6,51.8,147.39999999999998,6.0,89.6,147.39999999999998,1.6450892857142856
2026-04-03 13:30:00,96.2,48.2,144.4,8.0,88.2,144.4,1.6371882086167802
2026-04-03 14:00:00,95.9,45.4,141.3,10.0,85.9,141.3,1.6449359720605354
2026-04-03 14:30:00,95.30000000000001,47.9,143.20000000000002,6.0,89.30000000000001,143.20000000000002,1.6035834266517357
2026-04-03 15:00:00,95.4,52.0,147.4,7.0,88.4,147.4,1.6674208144796379
2026-04-03 15:30:00,95.4,53.3,148.7,9.0,86.4,148.7,1.7210648148148147
2026-04-03 16:00:00,96.9,47.9,144.8,7.0,89.9,144.8,1.610678531701891
2026-04-03 16:30:00,96.6,46.6,143.2,5.0,91.6,143.2,1.5633187772925763
2026-04-03 17:00:00,96.0,45.9,141.9,10.0,86.0,141.9,1.6500000000000001
2026-04-03 17:30:00,95.70000000000002,51.1,146.8,6.0,89.70000000000002,146.8,1.636566332218506
2026-04-03 18:00:00,95.9,52.0,147.9,7.0,88.9,147.9,1.6636670416197974
2026-04-03 18:30:00,96.69999999999999,52.9,149.6,9.0,87.69999999999999,149.6,1.7058152793614596
2026-04-03 19:00:00,96.5,46.8,143.3,7.0,89.5,143.3,1.6011173184357543
2026-04-03 19:30:00,95.9,46.3,142.2,6.0,89.9,142.2,1.5817575083426028
2026-04-03 20:00:00,95.60000000000001,47.0,142.60000000000002,10.0,85.60000000000001,142.60000000000002,1.6658878504672898
2026-04-03 20:30:00,95.6,51.2,146.8,6.0,89.6,146.8,1.6383928571428574
2026-04-03 21:00:00,95.6,52.9,148.5,7.0,88.6,148.5,1.6760722347629797
2026-04-03 21:30:00,95.89999999999999,49.6,145.5,9.0,86.89999999999999,145.5,1.6743383199079402
2026-04-03 22:00:00,95.8,46.8,142.6,6.0,89.8,142.6,1.5879732739420935
2026-04-03 22:30:00,96.1,45.8,141.89999999999998,8.0,88.1,141.89999999999998,1.6106696935300793
2026-04-03 23:00:00,96.30000000000001,48.5,144.8,8.0,88.30000000000001,144.8,1.6398640996602492
2026-04-03 23:30:00,95.39999999999999,51.5,146.89999999999998,7.0,88.39999999999999,146.89999999999998,1.6617647058823528
2026-04-04 00:00:00,93.89999999999999,48.1,142.0,6.0,87.89999999999999,142.0,1.61547212741752
2026-04-04 00:30:00,96.3,48.9,145.2,10.0,86.3,145.2,1.6825028968713789
2026-04-04 01:00:00,95.4,46.1,141.5,6.0,89.4,141.5,1.5827740492170022
2026-04-04 01:30:00,95.00000000000001,44.6,139.60000000000002,7.0,88.00000000000001,139.60000000000002,1.5863636363636364
2026-04-04 02:00:00,95.0,51.3,146.3,8.0,87.0,146.3,1.681609195402299
2026-04-04 02:30:00,95.69999999999999,53.8,149.5,4.0,91.69999999999999,149.5,1.6303162486368594
2026-04-04 03:00:00,94.8,48.2,143.0,8.0,86.8,143.0,1.6474654377880185
2026-04-04 03:30:00,94.6,45.9,140.5,8.0,86.6,140.5,1.622401847575058
2026-04-04 04:00:00,93.39999999999999,45.2,138.6,6.0,87.39999999999999,138.6,1.5858123569794051
2026-04-04 04:30:00,92.1,50.0,142.1,9.0,83.1,142.1,1.7099879663056559
2026-04-04 05:00:00,92.8,50.8,143.6,5.0,87.8,143.6,1.6355353075170842
2026-04-04 05:30:00,92.0,46.1,138.1,7.0,85.0,138.1,1.624705882352941
2026-04-04 06:00:00,94.69999999999999,46.9,141.6,7.0,87.69999999999999,141.6,1.6145952109464083
2026-04-04 06:30:00,93.0,43.9,136.9,7.0,86.0,136.9,1.591860465116279
2026-04-04 07:00:00,92.9,49.3,142.2,8.0,84.9,142.2,1.6749116607773848
2026-04-04 07:30:00,93.30000000000001,51.0,144.3,6.0,87.30000000000001,144.3,1.6529209621993126
2026-04-04 08:00:00,93.6,50.4,144.0,6.0,87.6,144.0,1.6438356164383563
2026-04-04 08:30:00,93.1,45.3,138.39999999999998,8.0,85.1,138.39999999999998,1.626321974148061
2026-04-04 09:00:00,93.00000000000001,43.2,136.20000000000002,6.0,87.00000000000001,136.20000000000002,1.5655172413793104
2026-04-04 09:30:00,93.5,48.0,141.5,9.0,84.5,141.5,1.6745562130177514
2026-04-04 10:00:00,93.4,50.0,143.4,5.0,88.4,143.4,1.6221719457013575
2026-04-04 10:30:00,93.5,51.8,145.3,6.0,87.5,145.3,1.6605714285714288
2026-04-04 11:00:00,93.7,47.6,141.3,8.0,85.7,141.3,1.6487747957993
2026-04-04 11:30:00,93.0,44.5,137.5,5.0,88.0,137.5,1.5625
2026-04-04 12:00:00,93.0,46.9,139.9,9.0,84.0,139.9,1.6654761904761906
2026-04-04 12:30:00,92.89999999999999,49.8,142.7,5.0,87.89999999999999,142.7,1.6234357224118316
2026-04-04 13:00:00,93.10000000000001,50.3,143.4,8.0,85.10000000000001,143.4,1.6850763807285545
2026-04-04 13:30:00,93.5,51.7,145.2,7.0,86.5,145.2,1.6786127167630056
2026-04-04 14:00:00,93.7,45.4,139.1,6.0,87.7,139.1,1.5860889395667046
2026-04-04 14:30:00,93.4,45.4,138.8,9.0,84.4,138.8,1.6445497630331753
2026-04-04 15:00:00,93.19999999999999,45.3,138.5,6.0,87.19999999999999,138.5,1.5883027522935782
2026-04-04 15:30:00,93.69999999999999,49.4,143.1,6.0,87.69999999999999,143.1,1.6316989737742305
2026-04-04 16:00:00,93.8,50.3,144.1,8.0,85.8,144.1,1.6794871794871795
2026-04-04 16:30:00,94.2,52.0,146.2,7.0,87.2,146.2,1.6766055045871557
2026-04-04 17:00:00,94.5,46.4,140.9,8.0,86.5,140.9,1.6289017341040464
2026-04-04 17:30:00,95.1,45.2,140.3,7.0,88.1,140.3,1.5925085130533487
2026-04-04 18:00:00,94.3,46.9,141.2,7.0,87.3,141.2,1.6174112256586484
2026-04-04 18:30:00,94.0,50.3,144.3,7.0,87.0,144.3,1.6586206896551725
2026-04-04 19:00:00,93.9,50.8,144.7,7.0,86.9,144.7,1.6651323360184118
2026-04-04 19:30:00,94.5,51.1,145.6,6.0,88.5,145.6,1.6451977401129942
2026-04-04 20:00:00,94.4,44.9,139.3,9.0,85.4,139.3,1.6311475409836065
2026-04-04 20:30:00,93.5,45.4,138.9,6.0,87.5,138.9,1.5874285714285714
2026-04-04 21:00:00,93.2,47.3,140.5,7.0,86.2,140.5,1.6299303944315544
2026-04-04 21:30:00,93.19999999999999,50.6,143.79999999999998,7.0,86.19999999999999,143.79999999999998,1.668213457076566
2026-04-04 22:00:00,94.3,52.9,147.2,8.0,86.3,147.2,1.705677867902665
2026-04-04 22:30:00,94.3,45.6,139.9,7.0,87.3,139.9,1.602520045819015
2026-04-04 23:00:00,94.5,44.8,139.3,8.0,86.5,139.3,1.6104046242774568
2026-04-04 23:30:00,93.7,47.4,141.1,7.0,86.7,141.1,1.6274509803921569
2026-04-05 00:00:00,94.6,48.6,143.2,6.0,88.6,143.2,1.6162528216704288
2026-04-05 00:30:00,90.6,50.7,141.3,9.0,81.6,141.3,1.7316176470588238
2026-04-05 01:00:00,96.9,47.5,144.4,6.0,90.9,144.4,1.5885588558855885
2026-04-05 01:30:00,94.5,44.4,138.9,8.0,86.5,138.9,1.6057803468208094
2026-04-05 02:00:00,94.4,47.6,142.0,8.0,86.4,142.0,1.6435185185185184
2026-04-05 02:30:00,94.60000000000001,52.1,146.70000000000002,6.0,88.60000000000001,146.70000000000002,1.6557562076749437
2026-04-05 03:00:00,94.8,52.8,147.6,8.0,86.8,147.6,1.7004608294930876
2026-04-05 03:30:00,94.7,46.0,140.7,8.0,86.7,140.7,1.6228373702422143
2026-04-05 04:00:00,94.2,44.9,139.1,6.0,88.2,139.1,1.577097505668934
2026-04-05 04:30:00,94.2,47.7,141.9,9.0,85.2,141.9,1.665492957746479
2026-04-05 05:00:00,94.4,52.0,146.4,5.0,89.4,146.4,1.6375838926174495
2026-04-05 05:30:00,94.7,52.5,147.2,7.0,87.7,147.2,1.678449258836944
2026-04-05 06:00:00,95.0,45.9,140.9,9.0,86.0,140.9,1.638372093023256
2026-04-05 06:30:00,94.60000000000001,44.7,139.3,7.0,87.60000000000001,139.3,1.5901826484018264
2026-04-05 07:00:00,94.10000000000001,48.5,142.60000000000002,5.0,89.10000000000001,142.60000000000002,1.6004489337822672
2026-04-05 07:30:00,94.1,52.0,146.1,10.0,84.1,146.1,1.737217598097503
2026-04-05 08:00:00,94.4,50.9,145.3,7.0,87.4,145.3,1.662471395881007
2026-04-05 08:30:00,94.4,45.9,140.3,6.0,88.4,140.3,1.5871040723981902
2026-04-05 09:00:00,93.6,43.2,136.8,9.0,84.6,136.8,1.617021276595745
2026-04-05 09:30:00,93.60000000000001,48.9,142.5,8.0,85.60000000000001,142.5,1.6647196261682242
2026-04-05 10:00:00,93.5,50.2,143.7,5.0,88.5,143.7,1.623728813559322
2026-04-05 10:30:00,93.89999999999999,50.9,144.79999999999998,9.0,84.89999999999999,144.79999999999998,1.7055359246171966
2026-04-05 11:00:00,94.2,49.8,144.0,5.0,89.2,144.0,1.6143497757847534
2026-04-05 11:30:00,94.5,45.5,140.0,9.0,85.5,140.0,1.6374269005847952
2026-04-05 12:00:00,94.3,45.7,140.0,8.0,86.3,140.0,1.622247972190035
2026-04-05 12:30:00,93.8,47.3,141.1,3.0,90.8,141.1,1.553964757709251
2026-04-05 13:00:00,94.2,50.6,144.8,11.0,83.2,144.8,1.7403846153846154
2026-04-05 13:30:00,95.4,53.2,148.60000000000002,5.0,90.4,148.60000000000002,1.6438053097345133
2026-04-05 14:00:00,95.4,48.5,143.9,7.0,88.4,143.9,1.6278280542986425
2026-04-05 14:30:00,95.1,46.2,141.3,8.0,87.1,141.3,1.6222732491389211
2026-04-05 15:00:00,95.0,45.3,140.3,8.0,87.0,140.3,1.6126436781609197
2026-04-05 15:30:00,95.0,50.4,145.4,5.0,90.0,145.4,1.6155555555555556
2026-04-05 16:00:00,95.19999999999999,50.7,145.89999999999998,10.0,85.19999999999999,145.89999999999998,1.7124413145539905
2026-04-05 16:30:00,95.4,51.0,146.4,7.0,88.4,146.4,1.6561085972850678
2026-04-05 17:00:00,95.2,48.9,144.1,6.0,89.2,144.1,1.615470852017937
2026-04-05 17:30:00,94.9,46.3,141.2,9.0,85.9,141.2,1.6437718277066353
2026-04-05 18:00:00,94.6,44.4,139.0,8.0,86.6,139.0,1.605080831408776
2026-04-05 18:30:00,94.0,50.6,144.6,5.0,89.0,144.6,1.6247191011235955
2026-04-05 19:00:00,94.30000000000001,50.5,144.8,9.0,85.30000000000001,144.8,1.697538100820633
2026-04-05 19:30:00,94.80000000000001,52.1,146.9,5.0,89.80000000000001,146.9,1.6358574610244987
2026-04-05 20:00:00,95.19999999999999,47.0,142.2,9.0,86.19999999999999,142.2,1.6496519721577727
2026-04-05 20:30:00,95.6,46.6,142.2,8.0,87.6,142.2,1.6232876712328768
2026-04-05 21:00:00,95.4,45.5,140.9,6.0,89.4,140.9,1.5760626398210291
2026-04-05 21:30:00,94.6,50.8,145.39999999999998,7.0,87.6,145.39999999999998,1.6598173515981733
2026-04-05 22:00:00,95.4,52.6,148.0,10.0,85.4,148.0,1.7330210772833723
2026-04-05 22:30:00,95.6,51.2,146.8,3.0,92.6,146.8,1.5853131749460045
2026-04-05 23:00:00,95.5,46.6,142.1,9.0,86.5,142.1,1.6427745664739883
2026-04-05 23:30:00,94.69999999999999,44.5,139.2,7.0,87.69999999999999,139.2,1.587229190421893
2026-04-06 00:00:00,94.3,48.5,142.8,6.0,88.3,142.8,1.6172140430351079
2026-04-06 00:30:00,93.5,52.3,145.8,8.0,85.5,145.8,1.705263157894737
2026-04-06 01:00:00,94.1,49.8,143.89999999999998,5.0,89.1,143.89999999999998,1.6150392817059482
2026-04-06 01:30:00,94.1,45.5,139.6,9.0,85.1,139.6,1.6404230317273796
2026-04-06 02:00:00,94.0,44.3,138.3,8.0,86.0,138.3,1.608139534883721
2026-04-06 02:30:00,94.2,48.6,142.8,4.0,90.2,142.8,1.583148558758315
2026-04-06 03:00:00,94.3,52.3,146.6,8.0,86.3,146.6,1.6987253765932793
2026-04-06 03:30:00,94.9,51.1,146.0,9.0,85.9,146.0,1.69965075669383
2026-04-06 04:00:00,94.69999999999999,45.9,140.6,5.0,89.69999999999999,140.6,1.5674470457079155
2026-04-06 04:30:00,94.69999999999999,44.3,139.0,9.0,85.69999999999999,139.0,1.6219369894982498
2026-04-06 05:00:00,94.2,49.3,143.5,7.0,87.2,143.5,1.6456422018348624
2026-04-06 05:30:00,94.69999999999999,51.4,146.1,7.0,87.69999999999999,146.1,1.6659064994298747
2026-04-06 06:00:00,95.19999999999999,51.0,146.2,8.0,87.19999999999999,146.2,1.676605504587156
2026-04-06 06:30:00,95.19999999999999,45.4,140.6,6.0,89.19999999999999,140.6,1.5762331838565025
2026-04-06 07:00:00,94.3,44.0,138.3,7.0,87.3,138.3,1.584192439862543
2026-04-06 07:30:00,94.1,48.8,142.89999999999998,8.0,86.1,142.89999999999998,1.659698025551684
2026-04-06 08:00:00,95.0,51.3,146.3,4.0,91.0,146.3,1.6076923076923078
2026-04-06 08:30:00,95.1,49.2,144.3,9.0,86.1,144.3,1.6759581881533103
2026-04-06 09:00:00,94.80000000000001,45.2,140.0,8.0,86.80000000000001,140.0,1.6129032258064515
2026-04-06 09:30:00,95.0,45.3,140.3,6.0,89.0,140.3,1.5764044943820226
2026-04-06 10:00:00,94.6,48.9,143.5,8.0,86.6,143.5,1.6570438799076213
2026-04-06 10:30:00,94.49999999999999,50.4,144.89999999999998,8.0,86.49999999999999,144.89999999999998,1.6751445086705203
2026-04-06 11:00:00,94.3,51.2,145.5,6.0,88.3,145.5,1.6477916194790487
2026-04-06 11:30:00,94.10000000000001,47.8,141.9,8.0,86.10000000000001,141.9,1.6480836236933798
2026-04-06 12:00:00,94.0,45.5,139.5,7.0,87.0,139.5,1.603448275862069
2026-04-06 12:30:00,92.8,44.7,137.5,7.0,85.8,137.5,1.6025641025641026
2026-04-06 13:00:00,93.0,49.0,142.0,8.0,85.0,142.0,1.6705882352941177
2026-04-06 13:30:00,93.3,50.7,144.0,4.0,89.3,144.0,1.6125419932810752
2026-04-06 14:00:00,94.1,52.0,146.1,9.0,85.1,146.1,1.7168037602820212
2026-04-06 14:30:00,94.6,47.1,141.7,7.0,87.6,141.7,1.6175799086757991
2026-04-06 15:00:00,94.5,46.1,140.6,7.0,87.5,140.6,1.6068571428571428
2026-04-06 15:30:00,94.2,44.8,139.0,7.0,87.2,139.0,1.5940366972477065
2026-04-06 16:00:00,94.19999999999999,49.7,143.89999999999998,11.0,83.19999999999999,143.89999999999998,1.7295673076923077
2026-04-06 16:30:00,96.29999999999998,43.2,139.5,6.0,90.29999999999998,139.5,1.5448504983388707
2026-04-06 17:00:00,94.7,57.3,152.0,5.0,89.7,152.0,1.6945373467112597
2026-04-06 17:30:00,94.80000000000001,50.9,145.70000000000002,8.0,86.80000000000001,145.70000000000002,1.6785714285714286
2026-04-06 18:00:00,95.0,46.6,141.6,7.0,88.0,141.6,1.6090909090909091
2026-04-06 18:30:00,94.6,46.1,140.7,7.0,87.6,140.7,1.6061643835616437
2026-04-06 19:00:00,94.0,46.4,140.4,9.0,85.0,140.4,1.651764705882353
2026-04-06 19:30:00,94.20000000000002,50.8,145.0,6.0,88.20000000000002,145.0,1.643990929705215
2026-04-06 20:00:00,94.5,51.9,146.4,8.0,86.5,146.4,1.692485549132948
2026-04-06 20:30:00,95.1,49.8,144.89999999999998,8.0,87.1,144.89999999999998,1.663605051664753
2026-04-06 21:00:00,94.1,46.9,141.0,5.0,89.1,141.0,1.5824915824915826
2026-04-06 21:30:00,93.6,45.7,139.3,9.0,84.6,139.3,1.6465721040189127
2026-04-06 22:00:00,93.6,46.3,139.89999999999998,8.0,85.6,139.89999999999998,1.6343457943925233
2026-04-06 22:30:00,93.9,51.7,145.60000000000002,4.0,89.9,145.60000000000002,1.6195773081201337
2026-04-06 23:00:00,94.8,53.1,147.9,10.0,84.8,147.9,1.7441037735849059
2026-04-06 23:30:00,94.89999999999999,46.5,141.39999999999998,7.0,87.89999999999999,141.39999999999998,1.6086461888509669
2026-04-07 00:00:00,94.1,48.9,143.0,6.0,88.1,143.0,1.6231555051078321
2026-04-07 00:30:00,94.3,47.0,141.3,8.0,86.3,141.3,1.637311703360371
2026-04-07 01:00:00,94.1,55.8,149.89999999999998,6.0,88.1,149.89999999999998,1.7014755959137342
2026-04-07 01:30:00,94.9,44.8,139.7,8.0,86.9,139.7,1.6075949367088604
2026-04-07 02:00:00,94.6,45.5,140.1,8.0,86.6,140.1,1.617782909930716
2026-04-07 02:30:00,94.3,51.4,145.7,3.0,91.3,145.7,1.5958378970427163
2026-04-07 03:00:00,94.69999999999999,52.7,147.39999999999998,10.0,84.69999999999999,147.39999999999998,1.7402597402597402
2026-04-07 03:30:00,95.3,46.1,141.4,9.0,86.3,141.4,1.6384704519119353
2026-04-07 04:00:00,95.30000000000001,44.6,139.9,4.0,91.30000000000001,139.9,1.5323110624315441
2026-04-07 04:30:00,94.5,47.4,141.9,10.0,84.5,141.9,1.6792899408284023
2026-04-07 05:00:00,94.69999999999999,51.7,146.39999999999998,7.0,87.69999999999999,146.39999999999998,1.669327251995439
2026-04-07 05:30:00,95.80000000000001,52.0,147.8,5.0,90.80000000000001,147.8,1.6277533039647576
2026-04-07 06:00:00,95.5,45.4,140.9,10.0,85.5,140.9,1.6479532163742692
2026-04-07 06:30:00,95.69999999999999,44.0,139.7,9.0,86.69999999999999,139.7,1.6113033448673588
2026-04-07 07:00:00,95.4,51.1,146.5,4.0,91.4,146.5,1.6028446389496718
2026-04-07 07:30:00,91.19999999999999,52.9,144.1,10.0,81.19999999999999,144.1,1.7746305418719213
2026-04-07 08:00:00,99.4,48.1,147.5,8.0,91.4,147.5,1.6137855579868707
2026-04-07 08:30:00,94.89999999999999,42.8,137.7,5.0,89.89999999999999,137.7,1.5317018909899889
2026-04-07 09:00:00,94.0,47.3,141.3,9.0,85.0,141.3,1.6623529411764708
2026-04-07 09:30:00,94.6,50.8,145.39999999999998,8.0,86.6,145.39999999999998,1.6789838337182446
2026-04-07 10:00:00,95.6,52.1,147.7,5.0,90.6,147.7,1.630242825607064
2026-04-07 10:30:00,96.0,46.5,142.5,9.0,87.0,142.5,1.6379310344827587
2026-04-07 11:00:00,95.69999999999999,43.2,138.89999999999998,9.0,86.69999999999999,138.89999999999998,1.602076124567474
2026-04-07 11:30:00,95.30000000000001,52.8,148.10000000000002,5.0,90.30000000000001,148.10000000000002,1.6400885935769658
2026-04-07 12:00:00,94.4,51.9,146.3,8.0,86.4,146.3,1.693287037037037
2026-04-07 12:30:00,94.5,44.4,138.9,9.0,85.5,138.9,1.624561403508772
2026-04-07 13:00:00,60.8,23.5,84.3,5.0,55.8,84.3,1.510752688172043
2026-04-07 13:30:00,93.8,45.4,139.2,9.0,84.8,139.2,1.641509433962264
2026-04-07 14:00:00,93.80000000000001,54.6,148.4,8.0,85.80000000000001,148.4,1.7296037296037294
2026-04-07 14:30:00,94.6,51.8,146.39999999999998,5.0,89.6,146.39999999999998,1.6339285714285712
2026-04-07 15:00:00,95.1,47.4,142.5,8.0,87.1,142.5,1.6360505166475316
2026-04-07 15:30:00,94.1,52.2,146.3,7.0,87.1,146.3,1.6796785304247994
2026-04-07 16:00:00,95.5,54.3,149.8,7.0,88.5,149.8,1.6926553672316385
2026-04-07 16:30:00,95.4,47.8,143.2,8.0,87.4,143.2,1.6384439359267733
2026-04-07 17:00:00,94.5,50.4,144.9,5.0,89.5,144.9,1.6189944134078214
2026-04-07 17:30:00,95.1,56.1,151.2,8.0,87.1,151.2,1.7359357060849598
2026-04-07 18:00:00,95.3,47.7,143.0,9.0,86.3,143.0,1.657010428736964
2026-04-07 18:30:00,94.19999999999999,48.2,142.39999999999998,4.0,90.19999999999999,142.39999999999998,1.5787139689578713
2026-04-07 19:00:00,94.0,59.4,153.4,8.0,86.0,153.4,1.7837209302325583
2026-04-07 19:30:00,94.0,49.0,143.0,8.0,86.0,143.0,1.6627906976744187
2026-04-07 20:00:00,94.10000000000001,46.8,140.9,5.0,89.10000000000001,140.9,1.5813692480359147
2026-04-07 20:30:00,93.8,54.3,148.1,8.0,85.8,148.1,1.7261072261072261
2026-04-07 21:00:00,95.1,51.5,146.6,5.0,90.1,146.6,1.6270810210876805
2026-04-07 21:30:00,94.3,46.9,141.2,8.0,86.3,141.2,1.6361529548088065
2026-04-07 22:00:00,94.0,53.1,147.1,8.0,86.0,147.1,1.7104651162790696
2026-04-07 22:30:00,94.80000000000001,51.5,146.3,6.0,88.80000000000001,146.3,1.6475225225225225
2026-04-07 23:00:00,95.19999999999999,44.9,140.1,9.0,86.19999999999999,140.1,1.6252900232018563
2026-04-07 23:30:00,94.6,56.7,151.3,6.0,88.6,151.3,1.7076749435665917
2026-04-08 00:00:00,95.1,50.9,146.0,8.0,87.1,146.0,1.6762342135476465
2026-04-08 00:30:00,121.6,49.6,171.2,7.0,114.6,171.2,1.493891797556719
2026-04-08 01:00:00,95.1,46.4,141.5,5.0,90.1,141.5,1.5704772475027748
2026-04-08 01:30:00,94.6,55.2,149.8,8.0,86.6,149.8,1.7297921478060048
2026-04-08 02:00:00,94.49999999999999,51.2,145.7,8.0,86.49999999999999,145.7,1.6843930635838151
2026-04-08 02:30:00,94.6,45.8,140.39999999999998,6.0,88.6,140.39999999999998,1.584650112866817
2026-04-08 03:00:00,93.7,54.1,147.8,9.0,84.7,147.8,1.744982290436836
2026-04-08 03:30:00,93.69999999999999,51.9,145.6,4.0,89.69999999999999,145.6,1.6231884057971016
2026-04-08 04:00:00,94.4,46.1,140.5,8.0,86.4,140.5,1.6261574074074072
2026-04-08 04:30:00,94.2,52.0,146.2,8.0,86.2,146.2,1.6960556844547563
2026-04-08 05:00:00,94.3,53.9,148.2,4.0,90.3,148.2,1.6411960132890364
2026-04-08 05:30:00,94.9,44.4,139.3,9.0,85.9,139.3,1.621653084982538
2026-04-08 06:00:00,94.5,51.9,146.4,5.0,89.5,146.4,1.6357541899441341
2026-04-08 06:30:00,94.0,53.6,147.6,8.0,86.0,147.6,1.7162790697674417
2026-04-08 07:00:00,94.89999999999999,46.0,140.89999999999998,7.0,87.89999999999999,140.89999999999998,1.6029579067121729
2026-04-08 07:30:00,94.7,49.8,144.5,7.0,87.7,144.5,1.6476624857468642
2026-04-08 08:00:00,94.3,55.9,150.2,7.0,87.3,150.2,1.7205040091638029
2026-04-08 08:30:00,95.1,47.6,142.7,7.0,88.1,142.7,1.619750283768445
2026-04-08 09:30:00,94.9,36.8,131.7,8.0,86.9,131.7,1.5155350978135786
2026-04-08 10:00:00,94.6,42.5,137.1,5.0,89.6,137.1,1.5301339285714286
2026-04-08 10:30:00,95.1,51.4,146.5,9.0,86.1,146.5,1.7015098722415796
2026-04-08 11:00:00,96.0,46.4,142.4,7.0,89.0,142.4,1.6
2026-04-08 11:30:00,95.1,56.5,151.6,7.0,88.1,151.6,1.7207718501702611
2026-04-08 12:00:00,95.6,47.9,143.5,7.0,88.6,143.5,1.6196388261851016
2026-04-08 12:30:00,94.4,50.3,144.7,7.0,87.4,144.7,1.6556064073226542
2026-04-08 13:00:00,95.5,57.8,153.3,7.0,88.5,153.3,1.7322033898305087
2026-04-08 13:30:00,95.5,49.1,144.6,9.0,86.5,144.6,1.6716763005780346
2026-04-08 14:00:00,95.4,47.5,142.9,5.0,90.4,142.9,1.5807522123893805
2026-04-08 14:30:00,95.30000000000001,59.6,154.9,8.0,87.30000000000001,154.9,1.7743413516609392
2026-04-08 15:00:00,96.4,50.9,147.3,9.0,87.4,147.3,1.6853546910755148
2026-04-08 15:30:00,95.9,48.8,144.7,5.0,90.9,144.7,1.5918591859185915
2026-04-08 16:00:00,95.4,54.9,150.3,8.0,87.4,150.3,1.7196796338672768
2026-04-08 16:30:00,96.6,55.0,151.6,8.0,88.6,151.6,1.7110609480812642
2026-04-08 17:00:00,96.5,49.1,145.6,5.0,91.5,145.6,1.5912568306010928
2026-04-08 17:30:00,95.8,52.9,148.7,8.0,87.8,148.7,1.693621867881549
2026-04-08 18:00:00,96.6,57.1,153.7,10.0,86.6,153.7,1.7748267898383372
2026-04-08 18:30:00,96.4,49.7,146.10000000000002,4.0,92.4,146.10000000000002,1.5811688311688312
2026-04-08 19:00:00,95.6,50.3,145.89999999999998,9.0,86.6,145.89999999999998,1.684757505773672
2026-04-08 19:30:00,96.30000000000001,59.2,155.5,9.0,87.30000000000001,155.5,1.781214203894616
2026-04-08 20:00:00,96.30000000000001,49.6,145.9,5.0,91.30000000000001,145.9,1.5980284775465496
2026-04-08 20:30:00,95.19999999999999,47.6,142.79999999999998,7.0,88.19999999999999,142.79999999999998,1.619047619047619
2026-04-08 21:00:00,95.6,60.5,156.1,9.0,86.6,156.1,1.802540415704388
2026-04-08 21:30:00,95.80000000000001,49.5,145.3,6.0,89.80000000000001,145.3,1.6180400890868596
2026-04-08 22:00:00,95.1,46.9,142.0,8.0,87.1,142.0,1.6303099885189438
2026-04-08 22:30:00,94.39999999999999,57.6,152.0,5.0,89.39999999999999,152.0,1.7002237136465326
2026-04-08 23:00:00,95.1,52.7,147.8,9.0,86.1,147.8,1.7166085946573755
2026-04-09 00:00:00,96.4,51.3,147.7,5.0,91.4,147.7,1.6159737417943105
2026-04-09 01:00:00,94.29999999999998,48.0,142.29999999999998,9.0,85.29999999999998,142.29999999999998,1.6682297772567412
2026-04-09 01:30:00,94.69999999999999,59.7,154.39999999999998,6.0,88.69999999999999,154.39999999999998,1.7406989853438557
2026-04-09 02:00:00,95.5,45.2,140.7,7.0,88.5,140.7,1.589830508474576
2026-04-09 02:30:00,94.5,48.3,142.8,9.0,85.5,142.8,1.6701754385964913
2026-04-09 03:00:00,94.8,60.2,155.0,6.0,88.8,155.0,1.7454954954954955
2026-04-09 03:30:00,95.8,48.7,144.5,7.0,88.8,144.5,1.6272522522522523
2026-04-09 04:00:00,95.10000000000001,46.8,141.9,6.0,89.10000000000001,141.9,1.5925925925925926
2026-04-09 04:30:00,94.2,58.5,152.7,8.0,86.2,152.7,1.7714617169373548
2026-04-09 05:00:00,94.9,50.5,145.4,8.0,86.9,145.4,1.673187571921749
2026-04-09 05:30:00,94.8,47.2,142.0,6.0,88.8,142.0,1.5990990990990992
2026-04-09 06:00:00,91.20000000000002,53.4,144.60000000000002,6.0,85.20000000000002,144.60000000000002,1.6971830985915493
2026-04-09 06:30:00,99.6,52.3,151.89999999999998,11.0,88.6,151.89999999999998,1.7144469525959367
2026-04-09 07:00:00,95.4,46.6,142.0,5.0,90.4,142.0,1.570796460176991
2026-04-09 07:30:00,94.80000000000001,56.5,151.3,6.0,88.80000000000001,151.3,1.7038288288288288
2026-04-09 08:00:00,94.89999999999999,45.8,140.7,11.0,83.89999999999999,140.7,1.6769964243146604
2026-04-09 08:30:00,95.3,59.9,155.2,5.0,90.3,155.2,1.7187153931339978
2026-04-09 09:00:00,95.99999999999999,49.0,145.0,7.0,88.99999999999999,145.0,1.6292134831460676
2026-04-09 09:30:00,96.1,47.5,143.6,10.0,86.1,143.6,1.6678281068524972
2026-04-09 10:00:00,95.5,55.9,151.4,6.0,89.5,151.4,1.6916201117318437
2026-04-09 10:30:00,96.4,53.8,150.2,6.0,90.4,150.2,1.661504424778761
2026-04-09 11:00:00,96.1,49.4,145.5,11.0,85.1,145.5,1.709753231492362
2026-04-09 11:30:00,95.0,50.7,145.7,5.0,90.0,145.7,1.6188888888888888
2026-04-09 12:00:00,95.4,58.2,153.60000000000002,7.0,88.4,153.60000000000002,1.737556561085973
2026-04-09 12:30:00,96.3,49.0,145.3,10.0,86.3,145.3,1.6836616454229434
2026-04-09 13:00:00,95.30000000000001,49.1,144.4,5.0,90.30000000000001,144.4,1.5991140642303432
2026-04-09 13:30:00,95.8,59.7,155.5,7.0,88.8,155.5,1.7511261261261262
2026-04-09 14:00:00,95.9,49.1,145.0,9.0,86.9,145.0,1.668584579976985
2026-04-09 14:30:00,95.19999999999999,47.0,142.2,8.0,87.19999999999999,142.2,1.6307339449541285
2026-04-09 15:00:00,95.19999999999999,60.5,155.7,5.0,90.19999999999999,155.7,1.7261640798226165
2026-04-09 15:30:00,96.4,50.1,146.5,10.0,86.4,146.5,1.6956018518518516
2026-04-09 16:00:00,95.80000000000001,48.3,144.10000000000002,7.0,88.80000000000001,144.10000000000002,1.6227477477477479
2026-04-09 16:30:00,94.7,55.8,150.5,6.0,88.7,150.5,1.6967305524239007
2026-04-09 17:00:00,96.19999999999999,53.0,149.2,8.0,88.19999999999999,149.2,1.6916099773242632
2026-04-09 17:30:00,95.7,48.6,144.3,7.0,88.7,144.3,1.6268320180383316
2026-04-09 18:00:00,95.0,52.2,147.2,6.0,89.0,147.2,1.6539325842696628
2026-04-09 18:30:00,96.2,55.2,151.4,10.0,86.2,151.4,1.7563805104408352
2026-04-09 19:00:00,95.80000000000001,47.9,143.70000000000002,6.0,89.80000000000001,143.70000000000002,1.6002227171492205
2026-04-09 19:30:00,94.69999999999999,51.0,145.7,7.0,87.69999999999999,145.7,1.661345496009122
2026-04-09 20:00:00,95.4,56.2,151.60000000000002,9.0,86.4,151.60000000000002,1.7546296296296298
2026-04-09 20:30:00,95.5,47.1,142.6,6.0,89.5,142.6,1.5932960893854748
2026-04-09 21:00:00,94.4,47.0,141.4,7.0,87.4,141.4,1.6178489702517163
2026-04-09 21:30:00,94.0,56.0,150.0,8.0,86.0,150.0,1.744186046511628
2026-04-09 22:00:00,94.69999999999999,39.8,134.5,5.0,89.69999999999999,134.5,1.4994425863991083
2026-04-09 22:30:00,94.5,37.2,131.7,10.0,84.5,131.7,1.5585798816568046
2026-04-09 23:00:00,93.69999999999999,37.1,130.79999999999998,5.0,88.69999999999999,130.79999999999998,1.4746335963923336
2026-04-09 23:30:00,95.0,33.5,128.5,7.0,88.0,128.5,1.4602272727272727
2026-04-10 00:00:00,96.19999999999999,32.9,129.1,9.0,87.19999999999999,129.1,1.4805045871559634
2026-04-10 00:30:00,94.8,29.9,124.69999999999999,10.0,84.8,124.69999999999999,1.4705188679245282
2026-04-10 01:00:00,96.9,23.3,120.2,8.0,88.9,120.2,1.3520809898762653
2026-04-10 01:30:00,97.3,24.9,122.19999999999999,8.0,89.3,122.19999999999999,1.3684210526315788
2026-04-10 02:00:00,97.19999999999999,24.7,121.89999999999999,10.0,87.19999999999999,121.89999999999999,1.3979357798165137
2026-04-10 02:30:00,97.60000000000001,24.7,122.30000000000001,8.0,89.60000000000001,122.30000000000001,1.3649553571428572
2026-04-10 03:00:00,97.60000000000001,24.5,122.10000000000001,11.0,86.60000000000001,122.10000000000001,1.409930715935335
2026-04-10 03:30:00,97.5,24.2,121.7,9.0,88.5,121.7,1.3751412429378531
2026-04-10 04:00:00,97.7,23.9,121.6,11.0,86.7,121.6,1.4025374855824682
2026-04-10 04:30:00,97.60000000000001,24.0,121.60000000000001,8.0,89.60000000000001,121.60000000000001,1.3571428571428572
2026-04-10 05:00:00,97.3,23.8,121.1,9.0,88.3,121.1,1.3714609286523216
2026-04-10 05:30:00,97.2,23.6,120.80000000000001,9.0,88.2,120.80000000000001,1.3696145124716554
2026-04-10 06:00:00,97.10000000000001,23.5,120.60000000000001,10.0,87.10000000000001,120.60000000000001,1.3846153846153846
2026-04-10 06:30:00,96.8,23.5,120.3,8.0,88.8,120.3,1.3547297297297298
2026-04-10 07:00:00,96.60000000000001,23.2,119.80000000000001,10.0,86.60000000000001,119.80000000000001,1.3833718244803694
2026-04-10 07:30:00,96.9,23.2,120.10000000000001,9.0,87.9,120.10000000000001,1.366325369738339
2026-04-10 08:00:00,97.0,23.4,120.4,10.0,87.0,120.4,1.3839080459770117
2026-04-10 08:30:00,97.2,23.7,120.9,9.0,88.2,120.9,1.370748299319728
2026-04-10 09:00:00,97.2,24.2,121.4,8.0,89.2,121.4,1.3609865470852018
2026-04-10 09:30:00,97.8,24.7,122.5,10.0,87.8,122.5,1.3952164009111618
2026-04-10 10:00:00,97.7,25.4,123.1,8.0,89.7,123.1,1.3723522853957635
2026-04-10 10:30:00,97.19999999999999,28.5,125.69999999999999,7.0,90.19999999999999,125.69999999999999,1.393569844789357
2026-04-10 11:00:00,94.30000000000001,33.7,128.0,7.0,87.30000000000001,128.0,1.4662084765177548
2026-04-10 11:30:00,95.6,24.3,119.89999999999999,9.0,86.6,119.89999999999999,1.384526558891455
2026-04-10 12:00:00,94.9,36.4,131.3,5.0,89.9,131.3,1.460511679644049
2026-04-10 12:30:00,94.6,32.2,126.8,9.0,85.6,126.8,1.4813084112149533
2026-04-10 13:00:00,95.30000000000001,32.9,128.20000000000002,5.0,90.30000000000001,128.20000000000002,1.4197120708748616
2026-04-10 13:30:00,94.5,38.1,132.6,10.0,84.5,132.6,1.5692307692307692
2026-04-10 14:00:00,95.7,48.0,143.7,5.0,90.7,143.7,1.5843439911797133
2026-04-10 14:30:00,95.8,45.5,141.3,9.0,86.8,141.3,1.6278801843317974
2026-04-10 15:00:00,94.4,46.4,140.8,6.0,88.4,140.8,1.5927601809954752
2026-04-10 15:30:00,95.0,59.3,154.3,9.0,86.0,154.3,1.794186046511628
2026-04-10 16:00:00,95.19999999999999,47.5,142.7,6.0,89.19999999999999,142.7,1.5997757847533634
2026-04-10 16:30:00,94.4,45.8,140.2,8.0,86.4,140.2,1.622685185185185
2026-04-10 17:00:00,94.19999999999999,58.5,152.7,7.0,87.19999999999999,152.7,1.7511467889908259
2026-04-10 17:30:00,95.4,48.8,144.2,7.0,88.4,144.2,1.6312217194570133
2026-04-10 18:00:00,95.1,44.9,140.0,7.0,88.1,140.0,1.5891032917139616
2026-04-10 18:30:00,94.8,55.8,150.6,9.0,85.8,150.6,1.7552447552447552
2026-04-10 19:00:00,96.0,49.9,145.9,5.0,91.0,145.9,1.6032967032967034
2026-04-10 19:30:00,95.69999999999999,45.5,141.2,7.0,88.69999999999999,141.2,1.5918827508455469
2026-04-10 20:00:00,94.7,47.0,141.7,10.0,84.7,141.7,1.6729634002361273
2026-04-10 20:30:00,96.1,39.6,135.7,5.0,91.1,135.7,1.4895718990120745
2026-04-10 21:00:00,95.9,32.2,128.10000000000002,9.0,86.9,128.10000000000002,1.4741081703107022
2026-04-10 21:30:00,94.8,30.3,125.1,8.0,86.8,125.1,1.4412442396313363
2026-04-10 22:00:00,97.5,24.1,121.6,11.0,86.5,121.6,1.4057803468208092
2026-04-10 22:30:00,97.0,25.0,122.0,9.0,88.0,122.0,1.3863636363636365
2026-04-10 23:00:00,97.1,24.8,121.89999999999999,11.0,86.1,121.89999999999999,1.4157955865272938
2026-04-10 23:30:00,97.19999999999999,24.6,121.79999999999998,6.0,91.19999999999999,121.79999999999998,1.3355263157894737
2026-04-11 00:00:00,96.3,31.8,128.1,11.0,85.3,128.1,1.5017584994138335
2026-04-11 00:30:00,97.19999999999999,24.3,121.49999999999999,9.0,88.19999999999999,121.49999999999999,1.3775510204081634
2026-04-11 01:00:00,97.19999999999999,24.3,121.49999999999999,9.0,88.19999999999999,121.49999999999999,1.3775510204081634
2026-04-11 01:30:00,96.9,24.2,121.10000000000001,9.0,87.9,121.10000000000001,1.377701934015927
2026-04-11 02:00:00,96.9,24.2,121.10000000000001,11.0,85.9,121.10000000000001,1.409778812572759
2026-04-11 02:30:00,97.20000000000002,24.1,121.30000000000001,8.0,89.20000000000002,121.30000000000001,1.3598654708520177
2026-04-11 03:00:00,97.1,24.1,121.19999999999999,11.0,86.1,121.19999999999999,1.4076655052264808
2026-04-11 03:30:00,97.1,24.1,121.19999999999999,6.0,91.1,121.19999999999999,1.3304061470911086
2026-04-11 04:00:00,96.89999999999999,24.1,121.0,11.0,85.89999999999999,121.0,1.4086146682188594
2026-04-11 04:30:00,96.89999999999999,24.0,120.89999999999999,10.0,86.89999999999999,120.89999999999999,1.3912543153049484
2026-04-11 05:00:00,96.8,24.1,120.9,7.0,89.8,120.9,1.346325167037862
2026-04-11 05:30:00,96.5,24.0,120.5,11.0,85.5,120.5,1.409356725146199
2026-04-11 06:00:00,96.7,24.0,120.7,9.0,87.7,120.7,1.3762827822120867
2026-04-11 06:30:00,97.2,24.1,121.30000000000001,10.0,87.2,121.30000000000001,1.3910550458715598
2026-04-11 07:00:00,97.0,24.2,121.2,8.0,89.0,121.2,1.3617977528089888
2026-04-11 07:30:00,97.2,24.2,121.4,10.0,87.2,121.4,1.3922018348623852
2026-04-11 08:00:00,97.5,24.4,121.9,8.0,89.5,121.9,1.3620111731843576
2026-04-11 08:30:00,97.30000000000001,25.2,122.50000000000001,10.0,87.30000000000001,122.50000000000001,1.4032073310423825
2026-04-11 09:00:00,97.30000000000001,25.6,122.9,8.0,89.30000000000001,122.9,1.3762597984322507
2026-04-11 09:30:00,97.19999999999999,27.5,124.69999999999999,7.0,90.19999999999999,124.69999999999999,1.3824833702882484
2026-04-11 10:00:00,94.3,33.8,128.1,9.0,85.3,128.1,1.5017584994138335
2026-04-11 10:30:00,94.6,23.2,117.8,10.0,84.6,117.8,1.3924349881796692
2026-04-11 11:00:00,96.80000000000001,24.5,121.30000000000001,7.0,89.80000000000001,121.30000000000001,1.3507795100222717
2026-04-11 11:30:00,96.30000000000001,31.4,127.70000000000002,7.0,89.30000000000001,127.70000000000002,1.4300111982082866
2026-04-11 12:00:00,93.9,29.8,123.7,8.0,85.9,123.7,1.440046565774156
2026-04-11 12:30:00,96.3,29.5,125.8,8.0,88.3,125.8,1.4246885617214042
2026-04-11 13:00:00,95.19999999999999,30.3,125.49999999999999,5.0,90.19999999999999,125.49999999999999,1.3913525498891353
2026-04-11 13:30:00,94.9,32.9,127.80000000000001,9.0,85.9,127.80000000000001,1.4877764842840513
2026-04-11 14:00:00,95.89999999999999,38.3,134.2,7.0,88.89999999999999,134.2,1.5095613048368954
2026-04-11 14:30:00,96.2,39.0,135.2,7.0,89.2,135.2,1.515695067264574
2026-04-11 15:00:00,96.1,41.9,138.0,8.0,88.1,138.0,1.5664018161180477
2026-04-11 15:30:00,94.6,54.2,148.8,6.0,88.6,148.8,1.6794582392776527
2026-04-11 16:00:00,95.6,51.4,147.0,8.0,87.6,147.0,1.678082191780822
2026-04-11 16:30:00,95.6,47.1,142.7,8.0,87.6,142.7,1.6289954337899544
2026-04-11 17:00:00,94.8,50.5,145.3,7.0,87.8,145.3,1.6548974943052395
2026-04-11 17:30:00,95.19999999999999,55.6,150.79999999999998,7.0,88.19999999999999,150.79999999999998,1.709750566893424
2026-04-11 18:00:00,96.2,47.2,143.4,8.0,88.2,143.4,1.6258503401360545
2026-04-11 18:30:00,94.9,46.5,141.4,7.0,87.9,141.4,1.6086461888509669
2026-04-11 19:00:00,95.0,57.9,152.9,8.0,87.0,152.9,1.757471264367816
2026-04-11 19:30:00,94.9,46.8,141.7,6.0,88.9,141.7,1.5939257592800897
2026-04-11 20:00:00,94.9,39.2,134.10000000000002,8.0,86.9,134.10000000000002,1.5431530494821635
2026-04-11 20:30:00,94.1,35.2,129.3,8.0,86.1,129.3,1.501742160278746
2026-04-11 21:00:00,95.1,31.8,126.89999999999999,8.0,87.1,126.89999999999999,1.4569460390355913
2026-04-11 21:30:00,95.4,22.8,118.2,8.0,87.4,118.2,1.3524027459954233
2026-04-11 22:00:00,97.5,24.4,121.9,9.0,88.5,121.9,1.377401129943503
2026-04-11 22:30:00,97.9,24.8,122.7,9.0,88.9,122.7,1.3802024746906636
2026-04-11 23:00:00,98.1,24.6,122.69999999999999,10.0,88.1,122.69999999999999,1.3927355278093076
2026-04-11 23:30:00,98.30000000000001,24.7,123.00000000000001,9.0,89.30000000000001,123.00000000000001,1.3773796192609182
2026-04-12 00:00:00,96.1,35.0,131.1,10.0,86.1,131.1,1.5226480836236933
2026-04-12 00:30:00,98.9,24.6,123.5,10.0,88.9,123.5,1.389201349831271
2026-04-12 01:00:00,98.3,24.4,122.69999999999999,9.0,89.3,122.69999999999999,1.374020156774916
2026-04-12 01:30:00,98.7,24.4,123.1,9.0,89.7,123.1,1.3723522853957635
2026-04-12 02:00:00,98.50000000000001,24.2,122.70000000000002,8.0,90.50000000000001,122.70000000000002,1.3558011049723757
2026-04-12 02:30:00,98.3,24.0,122.3,10.0,88.3,122.3,1.3850509626274066
2026-04-12 03:00:00,97.80000000000001,24.0,121.80000000000001,9.0,88.80000000000001,121.80000000000001,1.3716216216216215
2026-04-12 03:30:00,97.6,23.9,121.5,10.0,87.6,121.5,1.3869863013698631
2026-04-12 04:00:00,97.9,23.6,121.5,10.0,87.9,121.5,1.3822525597269624
2026-04-12 04:30:00,98.1,23.6,121.69999999999999,10.0,88.1,121.69999999999999,1.3813847900113507
2026-04-12 05:00:00,98.1,23.5,121.6,8.0,90.1,121.6,1.3496115427302997
2026-04-12 05:30:00,97.7,23.5,121.2,9.0,88.7,121.2,1.3664036076662909
2026-04-12 06:00:00,97.80000000000001,23.4,121.20000000000002,8.0,89.80000000000001,121.20000000000002,1.3496659242761693
2026-04-12 06:30:00,97.4,23.2,120.60000000000001,11.0,86.4,120.60000000000001,1.3958333333333333
2026-04-12 07:00:00,97.6,23.1,120.69999999999999,9.0,88.6,120.69999999999999,1.3623024830699775
2026-04-12 07:30:00,98.1,23.4,121.5,9.0,89.1,121.5,1.3636363636363638
2026-04-12 08:00:00,97.6,23.6,121.19999999999999,10.0,87.6,121.19999999999999,1.3835616438356164
2026-04-12 08:30:00,97.6,24.7,122.3,8.0,89.6,122.3,1.3649553571428572
2026-04-12 09:00:00,97.6,28.6,126.19999999999999,6.0,91.6,126.19999999999999,1.3777292576419213
2026-04-12 09:30:00,94.6,33.5,128.1,7.0,87.6,128.1,1.4623287671232876
2026-04-12 10:00:00,94.5,29.8,124.3,6.0,88.5,124.3,1.4045197740112993
2026-04-12 10:30:00,94.30000000000001,29.8,124.10000000000001,8.0,86.30000000000001,124.10000000000001,1.4380069524913093
2026-04-12 11:00:00,93.9,33.5,127.4,8.0,85.9,127.4,1.4831199068684517
2026-04-12 11:30:00,95.1,39.5,134.6,5.0,90.1,134.6,1.4938956714761376
2026-04-12 12:00:00,95.0,39.7,134.7,9.0,86.0,134.7,1.5662790697674418
2026-04-12 12:30:00,94.80000000000001,45.1,139.9,8.0,86.80000000000001,139.9,1.6117511520737327
2026-04-12 13:00:00,93.8,54.3,148.1,6.0,87.8,148.1,1.6867881548974943
2026-04-12 13:30:00,95.1,51.3,146.39999999999998,8.0,87.1,146.39999999999998,1.6808266360505164
2026-04-12 14:00:00,94.30000000000001,46.8,141.10000000000002,6.0,88.30000000000001,141.10000000000002,1.5979614949037373
2026-04-12 14:30:00,93.4,51.6,145.0,7.0,86.4,145.0,1.6782407407407407
2026-04-12 15:00:00,94.70000000000002,54.6,149.3,9.0,85.70000000000002,149.3,1.7421236872812134
2026-04-12 15:30:00,95.2,47.6,142.8,6.0,89.2,142.8,1.6008968609865473
2026-04-12 16:00:00,94.0,48.5,142.5,8.0,86.0,142.5,1.6569767441860466
2026-04-12 16:30:00,94.9,57.8,152.7,7.0,87.9,152.7,1.7372013651877132
2026-04-12 17:00:00,95.1,47.4,142.5,6.0,89.1,142.5,1.5993265993265995
2026-04-12 17:30:00,94.8,46.8,141.6,9.0,85.8,141.6,1.6503496503496504
2026-04-12 18:00:00,94.5,56.2,150.7,4.0,90.5,150.7,1.6651933701657458
2026-04-12 18:30:00,95.29999999999998,48.9,144.2,9.0,86.29999999999998,144.2,1.670915411355736
2026-04-12 19:00:00,95.0,46.2,141.2,6.0,89.0,141.2,1.5865168539325842
2026-04-12 19:30:00,95.0,52.2,147.2,8.0,87.0,147.2,1.6919540229885057
2026-04-12 20:00:00,95.8,50.5,146.3,6.0,89.8,146.3,1.6291759465478843
2026-04-12 20:30:00,95.60000000000001,37.9,133.5,10.0,85.60000000000001,133.5,1.5595794392523363
2026-04-12 21:00:00,94.8,38.1,132.9,5.0,89.8,132.9,1.479955456570156
2026-04-12 21:30:00,95.2,35.4,130.6,9.0,86.2,130.6,1.5150812064965196
2026-04-12 22:00:00,95.30000000000001,24.0,119.30000000000001,9.0,86.30000000000001,119.30000000000001,1.3823870220162224
2026-04-12 22:30:00,97.4,24.9,122.30000000000001,11.0,86.4,122.30000000000001,1.4155092592592593
2026-04-12 23:00:00,97.30000000000001,24.8,122.10000000000001,8.0,89.30000000000001,122.10000000000001,1.3673012318029114
2026-04-12 23:30:00,97.30000000000001,24.5,121.80000000000001,10.0,87.30000000000001,121.80000000000001,1.395189003436426
2026-04-13 00:00:00,96.30000000000001,34.9,131.20000000000002,7.0,89.30000000000001,131.20000000000002,1.469204927211646
2026-04-13 00:30:00,98.1,24.3,122.39999999999999,11.0,87.1,122.39999999999999,1.4052812858783008
2026-04-13 01:00:00,97.6,24.6,122.19999999999999,9.0,88.6,122.19999999999999,1.3792325056433408
2026-04-13 01:30:00,97.4,24.4,121.80000000000001,9.0,88.4,121.80000000000001,1.3778280542986425
2026-04-13 02:00:00,97.50000000000001,24.1,121.60000000000002,10.0,87.50000000000001,121.60000000000002,1.3897142857142857
2026-04-13 02:30:00,97.9,24.0,121.9,9.0,88.9,121.9,1.3712035995500562
2026-04-13 03:00:00,97.4,23.9,121.30000000000001,10.0,87.4,121.30000000000001,1.3878718535469108
2026-04-13 03:30:00,97.29999999999998,23.9,121.19999999999999,8.0,89.29999999999998,121.19999999999999,1.357222844344905
2026-04-13 04:00:00,97.0,23.4,120.4,9.0,88.0,120.4,1.3681818181818182
2026-04-13 04:30:00,97.19999999999999,23.5,120.69999999999999,9.0,88.19999999999999,120.69999999999999,1.368480725623583
2026-04-13 05:00:00,97.50000000000001,23.8,121.30000000000001,10.0,87.50000000000001,121.30000000000001,1.3862857142857141
2026-04-13 05:30:00,97.19999999999999,24.0,121.19999999999999,8.0,89.19999999999999,121.19999999999999,1.3587443946188342
2026-04-13 06:00:00,97.30000000000001,23.8,121.10000000000001,12.0,85.30000000000001,121.10000000000001,1.4196951934349353
2026-04-13 06:30:00,97.4,24.2,121.60000000000001,7.0,90.4,121.60000000000001,1.345132743362832
2026-04-13 07:00:00,97.4,23.7,121.10000000000001,11.0,86.4,121.10000000000001,1.4016203703703705
2026-04-13 07:30:00,97.7,23.7,121.4,7.0,90.7,121.4,1.338478500551268
2026-04-13 08:00:00,97.39999999999999,23.4,120.79999999999998,11.0,86.39999999999999,120.79999999999998,1.3981481481481481
2026-04-13 08:30:00,97.4,24.5,121.9,8.0,89.4,121.9,1.3635346756152125
2026-04-13 09:00:00,97.39999999999999,24.9,122.29999999999998,10.0,87.39999999999999,122.29999999999998,1.3993135011441646
2026-04-13 09:30:00,96.8,29.9,126.69999999999999,4.0,92.8,126.69999999999999,1.365301724137931
2026-04-13 10:00:00,93.5,33.6,127.1,9.0,84.5,127.1,1.5041420118343194
2026-04-13 10:30:00,94.7,31.1,125.80000000000001,6.0,88.7,125.80000000000001,1.4182638105975198
2026-04-13 11:00:00,95.5,32.0,127.5,7.0,88.5,127.5,1.4406779661016949
2026-04-13 11:30:00,95.1,36.5,131.6,8.0,87.1,131.6,1.5109070034443168
2026-04-13 12:00:00,95.4,50.9,146.3,5.0,90.4,146.3,1.6183628318584071
2026-04-13 12:30:00,95.6,49.3,144.89999999999998,9.0,86.6,144.89999999999998,1.6732101616628174
2026-04-13 13:00:00,95.79999999999998,47.5,143.29999999999998,8.0,87.79999999999998,143.29999999999998,1.632118451025057
2026-04-13 13:30:00,95.4,52.7,148.10000000000002,6.0,89.4,148.10000000000002,1.656599552572707
2026-04-13 14:00:00,96.10000000000001,54.4,150.5,7.0,89.10000000000001,150.5,1.6891133557800222
2026-04-13 14:30:00,95.89999999999999,47.4,143.29999999999998,8.0,87.89999999999999,143.29999999999998,1.6302616609783844
2026-04-13 15:00:00,94.30000000000001,49.7,144.0,6.0,88.30000000000001,144.0,1.6308040770101924
2026-04-13 15:30:00,95.4,55.4,150.8,8.0,87.4,150.8,1.7254004576659039
2026-04-13 16:00:00,95.1,47.2,142.3,6.0,89.1,142.3,1.597081930415264
2026-04-13 16:30:00,94.6,48.5,143.1,8.0,86.6,143.1,1.6524249422632795
2026-04-13 17:00:00,95.19999999999999,54.1,149.29999999999998,7.0,88.19999999999999,149.29999999999998,1.6927437641723355
2026-04-13 17:30:00,95.4,43.7,139.10000000000002,8.0,87.4,139.10000000000002,1.5915331807780322
2026-04-13 18:00:00,95.0,46.2,141.2,6.0,89.0,141.2,1.5865168539325842
2026-04-13 18:30:00,95.7,57.8,153.5,10.0,85.7,153.5,1.7911318553092181
2026-04-13 19:00:00,96.19999999999999,46.5,142.7,4.0,92.19999999999999,142.7,1.5477223427331888
2026-04-13 19:30:00,96.1,43.1,139.2,9.0,87.1,139.2,1.598163030998852
2026-04-13 20:00:00,95.19999999999999,50.9,146.1,8.0,87.19999999999999,146.1,1.6754587155963305
2026-04-13 20:30:00,96.9,37.7,134.60000000000002,6.0,90.9,134.60000000000002,1.4807480748074808
2026-04-13 21:00:00,96.19999999999999,32.2,128.39999999999998,8.0,88.19999999999999,128.39999999999998,1.45578231292517
2026-04-13 21:30:00,94.70000000000002,31.7,126.40000000000002,7.0,87.70000000000002,126.40000000000002,1.4412770809578106
2026-04-13 22:00:00,95.6,32.0,127.6,7.0,88.6,127.6,1.4401805869074493
2026-04-13 22:30:00,95.9,27.7,123.60000000000001,9.0,86.9,123.60000000000001,1.4223245109321059
2026-04-13 23:00:00,94.9,28.0,122.9,9.0,85.9,122.9,1.4307334109429568
2026-04-13 23:30:00,97.9,23.7,121.60000000000001,9.0,88.9,121.60000000000001,1.3678290213723285
2026-04-14 00:30:00,99.10000000000001,25.3,124.4,7.0,92.10000000000001,124.4,1.3507057546145493
2026-04-14 01:00:00,99.3,25.3,124.6,11.0,88.3,124.6,1.4110985277463193
2026-04-14 01:30:00,99.0,25.1,124.1,9.0,90.0,124.1,1.3788888888888888
2026-04-14 02:00:00,98.7,24.9,123.6,9.0,89.7,123.6,1.3779264214046822
2026-04-14 02:30:00,98.39999999999999,24.8,123.19999999999999,9.0,89.39999999999999,123.19999999999999,1.378076062639821
2026-04-14 03:00:00,98.8,24.3,123.1,11.0,87.8,123.1,1.4020501138952164
2026-04-14 03:30:00,99.2,24.5,123.7,7.0,92.2,123.7,1.341648590021692
2026-04-14 04:00:00,99.10000000000001,24.3,123.4,10.0,89.10000000000001,123.4,1.3849607182940515
2026-04-14 04:30:00,98.9,24.4,123.30000000000001,8.0,90.9,123.30000000000001,1.3564356435643565
2026-04-14 05:00:00,98.69999999999999,24.4,123.1,11.0,87.69999999999999,123.1,1.403648802736602
2026-04-14 05:30:00,98.5,24.1,122.6,10.0,88.5,122.6,1.3853107344632767
2026-04-14 06:00:00,98.9,23.8,122.7,8.0,90.9,122.7,1.3498349834983498
2026-04-14 06:30:00,98.3,24.2,122.5,10.0,88.3,122.5,1.3873159682899208
2026-04-14 07:00:00,98.19999999999999,23.8,121.99999999999999,9.0,89.19999999999999,121.99999999999999,1.3677130044843049
2026-04-14 07:30:00,98.5,23.6,122.1,9.0,89.5,122.1,1.3642458100558659
2026-04-14 08:00:00,98.6,23.9,122.5,9.0,89.6,122.5,1.3671875
2026-04-14 08:30:00,99.0,25.3,124.3,9.0,90.0,124.3,1.3811111111111112
2026-04-14 09:00:00,98.0,32.7,130.7,7.0,91.0,130.7,1.436263736263736
2026-04-14 09:30:00,95.69999999999999,31.2,126.89999999999999,7.0,88.69999999999999,126.89999999999999,1.4306651634723788
2026-04-14 10:00:00,96.1,36.2,132.3,7.0,89.1,132.3,1.484848484848485
2026-04-14 10:30:00,96.6,34.8,131.39999999999998,9.0,87.6,131.39999999999998,1.4999999999999998
2026-04-14 11:00:00,96.1,35.0,131.1,7.0,89.1,131.1,1.4713804713804715
2026-04-14 11:30:00,97.4,46.9,144.3,8.0,89.4,144.3,1.6140939597315436
2026-04-14 12:00:00,96.1,58.3,154.39999999999998,7.0,89.1,154.39999999999998,1.732884399551066
2026-04-14 12:30:00,96.69999999999999,48.2,144.89999999999998,8.0,88.69999999999999,144.89999999999998,1.6335963923337091
2026-04-14 13:00:00,95.8,47.0,142.8,6.0,89.8,142.8,1.5902004454342986
2026-04-14 13:30:00,96.4,60.2,156.60000000000002,8.0,88.4,156.60000000000002,1.7714932126696834
2026-04-14 14:00:00,97.2,46.1,143.3,6.0,91.2,143.3,1.5712719298245614
2026-04-14 14:30:00,96.4,52.0,148.4,9.0,87.4,148.4,1.6979405034324941
2026-04-14 15:00:00,97.4,55.2,152.60000000000002,7.0,90.4,152.60000000000002,1.6880530973451329
2026-04-14 15:30:00,97.1,48.2,145.3,7.0,90.1,145.3,1.6126526082130967
2026-04-14 16:30:00,96.7,52.6,149.3,8.0,88.7,149.3,1.6832018038331455
2026-04-14 17:00:00,98.2,56.2,154.4,7.0,91.2,154.4,1.6929824561403508
2026-04-14 17:30:00,97.4,49.0,146.4,8.0,89.4,146.4,1.6375838926174495
2026-04-14 18:00:00,96.39999999999999,48.1,144.5,7.0,89.39999999999999,144.5,1.6163310961968682
2026-04-14 18:30:00,96.8,59.6,156.4,7.0,89.8,156.4,1.7416481069042318
2026-04-14 19:00:00,97.39999999999999,48.3,145.7,9.0,88.39999999999999,145.7,1.648190045248869
2026-04-14 19:30:00,97.20000000000002,47.2,144.40000000000003,5.0,92.20000000000002,144.40000000000003,1.5661605206073754
2026-04-14 20:00:00,96.8,59.1,155.9,9.0,87.8,155.9,1.775626423690205
2026-04-14 20:30:00,98.0,50.6,148.6,9.0,89.0,148.6,1.6696629213483145
2026-04-14 21:00:00,97.6,48.0,145.6,5.0,92.6,145.6,1.5723542116630669
2026-04-14 21:30:00,96.4,54.1,150.5,7.0,89.4,150.5,1.6834451901565994
2026-04-14 22:00:00,97.5,54.1,151.6,11.0,86.5,151.6,1.7526011560693642
2026-04-14 22:30:00,97.10000000000001,46.6,143.70000000000002,4.0,93.10000000000001,143.70000000000002,1.5435016111707842
2026-04-14 23:00:00,95.9,52.1,148.0,7.0,88.9,148.0,1.6647919010123733
2026-04-14 23:30:00,96.5,54.5,151.0,11.0,85.5,151.0,1.7660818713450293
2026-04-15 00:00:00,97.9,50.8,148.7,4.0,93.9,148.7,1.5835995740149094
2026-04-15 01:00:00,96.6,47.8,144.39999999999998,10.0,86.6,144.39999999999998,1.66743648960739
2026-04-15 01:30:00,96.2,46.1,142.3,4.0,92.2,142.3,1.5433839479392626
2026-04-15 02:00:00,96.4,56.2,152.60000000000002,8.0,88.4,152.60000000000002,1.7262443438914028
2026-04-15 02:30:00,96.9,50.4,147.3,10.0,86.9,147.3,1.6950517836593786
2026-04-15 03:00:00,96.30000000000001,45.8,142.10000000000002,4.0,92.30000000000001,142.10000000000002,1.5395449620801733
2026-04-15 03:30:00,95.29999999999998,57.7,153.0,8.0,87.29999999999998,153.0,1.7525773195876293
2026-04-15 04:00:00,96.7,49.7,146.4,10.0,86.7,146.4,1.6885813148788928
2026-04-15 04:30:00,97.0,47.0,144.0,5.0,92.0,144.0,1.565217391304348
2026-04-15 05:00:00,96.30000000000001,53.1,149.4,7.0,89.30000000000001,149.4,1.6730123180291152
2026-04-15 05:30:00,96.69999999999999,53.8,150.5,11.0,85.69999999999999,150.5,1.7561260210035008
2026-04-15 06:00:00,96.1,47.0,143.1,5.0,91.1,143.1,1.5708013172338091
2026-04-15 06:30:00,96.1,49.0,145.1,7.0,89.1,145.1,1.6285072951739619
2026-04-15 07:00:00,96.6,56.9,153.5,10.0,86.6,153.5,1.7725173210161664
2026-04-15 07:30:00,97.0,47.5,144.5,6.0,91.0,144.5,1.5879120879120878
2026-04-15 08:00:00,96.1,46.2,142.3,6.0,90.1,142.3,1.5793562708102111
2026-04-15 08:30:00,96.5,59.3,155.8,11.0,85.5,155.8,1.8222222222222224
2026-04-15 09:00:00,97.7,48.3,146.0,6.0,91.7,146.0,1.5921483097055615
2026-04-15 09:30:00,97.69999999999999,47.0,144.7,5.0,92.69999999999999,144.7,1.5609492988133766
2026-04-15 10:00:00,96.4,57.2,153.60000000000002,11.0,85.4,153.60000000000002,1.7985948477751759
2026-04-15 10:30:00,97.29999999999998,50.0,147.29999999999998,7.0,90.29999999999998,147.29999999999998,1.6312292358803988
2026-04-15 11:00:00,97.4,47.6,145.0,7.0,90.4,145.0,1.6039823008849556
2026-04-15 11:30:00,97.4,48.4,145.8,8.0,89.4,145.8,1.6308724832214765
2026-04-15 12:00:00,96.30000000000001,56.4,152.70000000000002,8.0,88.30000000000001,152.70000000000002,1.7293318233295583
2026-04-15 12:30:00,97.19999999999999,51.1,148.29999999999998,5.0,92.19999999999999,148.29999999999998,1.6084598698481563
2026-04-15 13:00:00,96.7,46.8,143.5,10.0,86.7,143.5,1.6551326412918108
2026-04-15 13:30:00,96.4,54.0,150.4,6.0,90.4,150.4,1.663716814159292
2026-04-15 14:00:00,97.80000000000001,53.0,150.8,7.0,90.80000000000001,150.8,1.66079295154185
2026-04-15 14:30:00,97.4,47.3,144.7,8.0,89.4,144.7,1.6185682326621922
2026-04-15 15:00:00,95.89999999999999,51.9,147.79999999999998,8.0,87.89999999999999,147.79999999999998,1.6814562002275313
2026-04-15 15:30:00,97.6,54.7,152.3,6.0,91.6,152.3,1.6626637554585155
2026-04-15 16:00:00,97.4,48.6,146.0,9.0,88.4,146.0,1.6515837104072397
2026-04-15 16:30:00,96.2,48.3,144.5,7.0,89.2,144.5,1.6199551569506725
2026-04-15 17:00:00,96.69999999999999,57.9,154.6,8.0,88.69999999999999,154.6,1.7429537767756484
2026-04-15 17:30:00,97.3,48.1,145.4,7.0,90.3,145.4,1.610188261351052
2026-04-15 18:00:00,96.3,46.1,142.4,9.0,87.3,142.4,1.6311569301260025
2026-04-15 18:30:00,96.4,59.0,155.4,6.0,90.4,155.4,1.7190265486725664
2026-04-15 19:00:00,96.89999999999999,48.4,145.29999999999998,8.0,88.89999999999999,145.29999999999998,1.6344206974128233
2026-04-15 19:30:00,96.7,47.4,144.1,8.0,88.7,144.1,1.6245772266065388
2026-04-15 20:00:00,96.1,55.2,151.3,6.0,90.1,151.3,1.6792452830188682
2026-04-15 20:30:00,97.1,51.6,148.7,8.0,89.1,148.7,1.6689113355780023
2026-04-15 21:00:00,96.39999999999999,45.2,141.6,8.0,88.39999999999999,141.6,1.6018099547511313
2026-04-15 21:30:00,95.4,51.3,146.7,6.0,89.4,146.7,1.640939597315436
2026-04-15 22:00:00,96.1,51.1,147.2,8.0,88.1,147.2,1.6708286038592508
2026-04-15 22:30:00,96.5,39.6,136.1,9.0,87.5,136.1,1.5554285714285714
2026-04-15 23:00:00,96.39999999999999,38.2,134.6,5.0,91.39999999999999,134.6,1.4726477024070022
2026-04-15 23:30:00,95.80000000000001,42.6,138.4,9.0,86.80000000000001,138.4,1.594470046082949
2026-04-16 00:00:00,96.7,42.1,138.8,7.0,89.7,138.8,1.5473801560758083
2026-04-16 00:30:00,95.9,29.9,125.80000000000001,7.0,88.9,125.80000000000001,1.4150731158605174
2026-04-16 01:00:00,95.4,31.3,126.7,6.0,89.4,126.7,1.4172259507829976
2026-04-16 01:30:00,96.5,31.2,127.7,10.0,86.5,127.7,1.476300578034682
2026-04-16 02:00:00,95.30000000000001,27.8,123.10000000000001,5.0,90.30000000000001,123.10000000000001,1.363233665559247
2026-04-16 02:30:00,94.6,30.7,125.3,9.0,85.6,125.3,1.463785046728972
2026-04-16 03:00:00,96.5,28.2,124.7,8.0,88.5,124.7,1.409039548022599
2026-04-16 03:30:00,94.6,28.8,123.39999999999999,6.0,88.6,123.39999999999999,1.3927765237020315
2026-04-16 04:00:00,97.19999999999999,27.4,124.6,7.0,90.19999999999999,124.6,1.3813747228381377
2026-04-16 04:30:00,94.69999999999999,29.8,124.49999999999999,10.0,84.69999999999999,124.49999999999999,1.4698937426210155
2026-04-16 05:00:00,97.1,24.6,121.69999999999999,6.0,91.1,121.69999999999999,1.3358946212952798
2026-04-16 05:30:00,96.1,33.9,130.0,9.0,87.1,130.0,1.492537313432836
2026-04-16 06:00:00,97.30000000000001,23.0,120.30000000000001,8.0,89.30000000000001,120.30000000000001,1.347144456886898
2026-04-16 06:30:00,96.4,34.2,130.60000000000002,9.0,87.4,130.60000000000002,1.4942791762013732
2026-04-16 07:00:00,97.19999999999999,23.6,120.79999999999998,6.0,91.19999999999999,120.79999999999998,1.3245614035087718
2026-04-16 07:30:00,97.80000000000001,32.5,130.3,6.0,91.80000000000001,130.3,1.4193899782135075
2026-04-16 08:00:00,96.3,25.8,122.1,11.0,85.3,122.1,1.4314185228604923
2026-04-16 08:30:00,95.9,37.0,132.9,4.0,91.9,132.9,1.4461371055495102
2026-04-16 09:00:00,96.19999999999999,33.0,129.2,9.0,87.19999999999999,129.2,1.481651376146789
2026-04-16 09:30:00,96.6,34.5,131.1,8.0,88.6,131.1,1.479683972911964
2026-04-16 10:00:00,96.5,37.6,134.1,7.0,89.5,134.1,1.4983240223463687
2026-04-16 11:00:00,97.7,47.4,145.1,12.0,85.7,145.1,1.6931155192532088
2026-04-16 11:30:00,97.2,50.8,148.0,5.0,92.2,148.0,1.6052060737527114
2026-04-16 12:00:00,98.1,56.2,154.3,9.0,89.1,154.3,1.7317620650953987
2026-04-16 12:30:00,98.00000000000001,47.9,145.9,9.0,89.00000000000001,145.9,1.639325842696629
2026-04-16 13:00:00,96.5,49.7,146.2,7.0,89.5,146.2,1.6335195530726256
2026-04-16 13:30:00,97.5,56.8,154.3,8.0,89.5,154.3,1.7240223463687152
2026-04-16 14:00:00,97.4,48.0,145.4,9.0,88.4,145.4,1.6447963800904977
2026-04-16 14:30:00,96.5,49.2,145.7,6.0,90.5,145.7,1.6099447513812153
2026-04-16 15:00:00,97.0,57.6,154.6,9.0,88.0,154.6,1.7568181818181818
2026-04-16 15:30:00,97.5,48.1,145.6,7.0,90.5,145.6,1.6088397790055249
2026-04-16 16:00:00,96.1,47.5,143.6,8.0,88.1,143.6,1.6299659477866062
2026-04-16 16:30:00,96.89999999999999,58.9,155.79999999999998,10.0,86.89999999999999,155.79999999999998,1.7928653624856157
2026-04-16 17:00:00,96.89999999999999,48.7,145.6,5.0,91.89999999999999,145.6,1.5843307943416758
2026-04-16 17:30:00,97.0,46.6,143.6,11.0,86.0,143.6,1.669767441860465
2026-04-16 18:00:00,96.5,56.0,152.5,8.0,88.5,152.5,1.7231638418079096
2026-04-16 18:30:00,97.80000000000001,51.7,149.5,8.0,89.80000000000001,149.5,1.6648106904231623
2026-04-16 19:00:00,97.2,48.2,145.4,8.0,89.2,145.4,1.6300448430493273
2026-04-16 19:30:00,96.5,51.9,148.4,9.0,87.5,148.4,1.6960000000000002
2026-04-16 20:00:00,97.0,55.6,152.6,5.0,92.0,152.6,1.658695652173913
2026-04-16 20:30:00,97.1,48.5,145.6,11.0,86.1,145.6,1.6910569105691058
2026-04-16 21:00:00,96.5,46.8,143.3,7.0,89.5,143.3,1.6011173184357543
2026-04-16 21:30:00,96.6,59.3,155.89999999999998,9.0,87.6,155.89999999999998,1.7796803652968034
2026-04-16 22:00:00,96.89999999999999,47.0,143.89999999999998,7.0,89.89999999999999,143.89999999999998,1.600667408231368
2026-04-16 22:30:00,96.6,46.4,143.0,8.0,88.6,143.0,1.613995485327314
2026-04-16 23:00:00,96.7,58.3,155.0,8.0,88.7,155.0,1.7474633596392333
2026-04-16 23:30:00,97.49999999999999,48.7,146.2,9.0,88.49999999999999,146.2,1.6519774011299437
2026-04-17 00:00:00,96.3,44.7,141.0,5.0,91.3,141.0,1.5443592552026288
2026-04-17 00:30:00,96.2,54.7,150.9,11.0,85.2,150.9,1.7711267605633803
2026-04-17 01:00:00,97.2,48.6,145.8,9.0,88.2,145.8,1.653061224489796
2026-04-17 01:30:00,96.69999999999999,39.4,136.1,6.0,90.69999999999999,136.1,1.5005512679162074
2026-04-17 02:00:00,96.0,38.6,134.6,10.0,86.0,134.6,1.5651162790697675
2026-04-17 02:30:00,96.3,40.7,137.0,8.0,88.3,137.0,1.551528878822197
2026-04-17 03:00:00,96.80000000000001,33.8,130.60000000000002,7.0,89.80000000000001,130.60000000000002,1.4543429844097997
2026-04-17 03:30:00,95.7,31.3,127.0,6.0,89.7,127.0,1.415830546265329
2026-04-17 04:00:00,96.10000000000001,36.5,132.60000000000002,7.0,89.10000000000001,132.60000000000002,1.4882154882154883
2026-04-17 04:30:00,96.6,30.9,127.5,9.0,87.6,127.5,1.4554794520547947
2026-04-17 05:00:00,96.7,28.9,125.6,10.0,86.7,125.6,1.4486735870818914
2026-04-17 05:30:00,95.9,32.7,128.60000000000002,5.0,90.9,128.60000000000002,1.414741474147415
2026-04-17 06:00:00,97.1,32.0,129.1,11.0,86.1,129.1,1.499419279907085
2026-04-17 06:30:00,97.1,29.4,126.5,6.0,91.1,126.5,1.3885839736553238
2026-04-17 07:00:00,95.9,29.3,125.2,8.0,87.9,125.2,1.4243458475540387
2026-04-17 07:30:00,96.3,33.6,129.9,7.0,89.3,129.9,1.4546472564389699
2026-04-17 08:00:00,96.3,31.1,127.4,8.0,88.3,127.4,1.4428086070215176
2026-04-17 08:30:00,96.5,31.0,127.5,9.0,87.5,127.5,1.457142857142857
2026-04-17 09:00:00,96.2,36.1,132.3,7.0,89.2,132.3,1.4831838565022422
2026-04-17 09:30:00,97.0,41.6,138.6,8.0,89.0,138.6,1.5573033707865167
2026-04-17 10:00:00,97.5,43.5,141.0,10.0,87.5,141.0,1.6114285714285714
2026-04-17 10:30:00,96.19999999999999,51.4,147.6,6.0,90.19999999999999,147.6,1.6363636363636365
2026-04-17 11:00:00,96.39999999999999,54.5,150.89999999999998,8.0,88.39999999999999,150.89999999999998,1.7070135746606334
2026-04-17 11:30:00,96.39999999999999,47.1,143.5,10.0,86.39999999999999,143.5,1.6608796296296298
2026-04-17 12:00:00,95.49999999999999,49.6,145.1,5.0,90.49999999999999,145.1,1.603314917127072
2026-04-17 12:30:00,96.2,56.8,153.0,9.0,87.2,153.0,1.7545871559633026
2026-04-17 13:00:00,96.7,47.4,144.1,7.0,89.7,144.1,1.6064659977703455
2026-04-17 13:30:00,95.9,46.5,142.4,9.0,86.9,142.4,1.6386651323360184
2026-04-17 14:00:00,95.6,58.4,154.0,9.0,86.6,154.0,1.7782909930715936
2026-04-17 14:30:00,96.60000000000001,47.5,144.10000000000002,7.0,89.60000000000001,144.10000000000002,1.6082589285714286
2026-04-17 15:00:00,95.39999999999999,45.7,141.1,6.0,89.39999999999999,141.1,1.5782997762863535
2026-04-17 15:30:00,95.1,57.7,152.8,8.0,87.1,152.8,1.7543053960964412
2026-04-17 16:00:00,95.5,49.8,145.3,7.0,88.5,145.3,1.64180790960452
2026-04-17 16:30:00,95.8,46.7,142.5,11.0,84.8,142.5,1.6804245283018868
2026-04-17 17:00:00,95.3,52.9,148.2,6.0,89.3,148.2,1.6595744680851063
2026-04-17 17:30:00,96.5,53.8,150.3,9.0,87.5,150.3,1.7177142857142857
2026-04-17 18:00:00,97.1,47.6,144.7,9.0,88.1,144.7,1.6424517593643586
2026-04-17 18:30:00,96.0,49.2,145.2,5.0,91.0,145.2,1.5956043956043955
2026-04-17 19:00:00,96.7,57.3,154.0,9.0,87.7,154.0,1.7559863169897376
2026-04-17 19:30:00,96.89999999999999,48.0,144.89999999999998,9.0,87.89999999999999,144.89999999999998,1.6484641638225255
2026-04-17 20:00:00,96.4,46.2,142.60000000000002,6.0,90.4,142.60000000000002,1.5774336283185841
2026-04-17 20:30:00,96.4,58.7,155.10000000000002,10.0,86.4,155.10000000000002,1.795138888888889
2026-04-17 21:00:00,96.7,48.5,145.2,8.0,88.7,145.2,1.6369785794813978
2026-04-17 21:30:00,97.1,44.4,141.5,8.0,89.1,141.5,1.5881032547699216
2026-04-17 22:00:00,96.8,59.8,156.6,9.0,87.8,156.6,1.7835990888382687
2026-04-17 22:30:00,97.8,46.2,144.0,7.0,90.8,144.0,1.5859030837004406
2026-04-17 23:00:00,96.3,47.1,143.4,8.0,88.3,143.4,1.6240090600226502
2026-04-17 23:30:00,96.89999999999999,58.2,155.1,9.0,87.89999999999999,155.1,1.764505119453925
2026-04-18 00:00:00,96.5,43.9,140.4,9.0,87.5,140.4,1.6045714285714285
2026-04-18 00:30:00,96.49999999999999,45.2,141.7,7.0,89.49999999999999,141.7,1.5832402234636873
2026-04-18 01:00:00,96.2,56.9,153.1,9.0,87.2,153.1,1.7557339449541283
2026-04-18 01:30:00,96.99999999999999,48.7,145.7,9.0,87.99999999999999,145.7,1.6556818181818183
2026-04-18 02:00:00,96.89999999999999,39.4,136.29999999999998,8.0,88.89999999999999,136.29999999999998,1.5331833520809899
2026-04-18 02:30:00,96.10000000000001,37.8,133.9,6.0,90.10000000000001,133.9,1.4861265260821308
2026-04-18 03:00:00,96.8,38.0,134.8,8.0,88.8,134.8,1.5180180180180183
2026-04-18 03:30:00,96.4,32.1,128.5,9.0,87.4,128.5,1.4702517162471396
2026-04-18 04:00:00,95.29999999999998,30.7,125.99999999999999,7.0,88.29999999999998,125.99999999999999,1.4269535673839187
2026-04-18 04:30:00,95.19999999999999,35.5,130.7,7.0,88.19999999999999,130.7,1.4818594104308391
2026-04-18 05:00:00,95.60000000000001,29.4,125.0,10.0,85.60000000000001,125.0,1.4602803738317756
2026-04-18 05:30:00,95.60000000000001,26.6,122.20000000000002,8.0,87.60000000000001,122.20000000000002,1.3949771689497716
2026-04-18 06:00:00,96.60000000000001,32.7,129.3,9.0,87.60000000000001,129.3,1.476027397260274
2026-04-18 06:30:00,96.10000000000001,24.8,120.9,6.0,90.10000000000001,120.9,1.341842397336293
2026-04-18 07:00:00,96.8,31.0,127.8,10.0,86.8,127.8,1.4723502304147467
2026-04-18 07:30:00,95.9,25.2,121.10000000000001,7.0,88.9,121.10000000000001,1.3622047244094488
2026-04-18 08:00:00,96.50000000000001,32.9,129.4,9.0,87.50000000000001,129.4,1.4788571428571426
2026-04-18 08:30:00,95.9,30.0,125.9,9.0,86.9,125.9,1.4487917146144993
2026-04-18 09:00:00,95.60000000000001,33.2,128.8,7.0,88.60000000000001,128.8,1.4537246049661399
2026-04-18 09:30:00,97.0,38.0,135.0,7.0,90.0,135.0,1.5
2026-04-18 10:00:00,96.8,37.7,134.5,11.0,85.8,134.5,1.5675990675990676
2026-04-18 10:30:00,96.3,43.3,139.6,7.0,89.3,139.6,1.5632698768197089
2026-04-18 11:00:00,96.2,58.0,154.2,6.0,90.2,154.2,1.7095343680709532
2026-04-18 11:30:00,97.1,49.3,146.39999999999998,10.0,87.1,146.39999999999998,1.6808266360505164
2026-04-18 12:00:00,96.3,45.2,141.5,7.0,89.3,141.5,1.5845464725643899
2026-04-18 12:30:00,96.5,56.8,153.3,8.0,88.5,153.3,1.7322033898305087
2026-04-18 13:00:00,97.2,51.3,148.5,11.0,86.2,148.5,1.722737819025522
2026-04-18 13:30:00,96.8,45.8,142.6,5.0,91.8,142.6,1.5533769063180827
2026-04-18 14:00:00,96.10000000000001,54.2,150.3,8.0,88.10000000000001,150.3,1.706015891032917
2026-04-18 14:30:00,97.0,53.0,150.0,9.0,88.0,150.0,1.7045454545454546
2026-04-18 15:00:00,96.5,47.5,144.0,7.0,89.5,144.0,1.6089385474860336
2026-04-18 15:30:00,95.69999999999999,50.8,146.5,10.0,85.69999999999999,146.5,1.7094515752625439
2026-04-18 16:00:00,96.8,55.0,151.8,7.0,89.8,151.8,1.690423162583519
2026-04-18 16:30:00,97.7,47.6,145.3,9.0,88.7,145.3,1.6381059751972944
2026-04-18 17:00:00,96.4,48.4,144.8,9.0,87.4,144.8,1.6567505720823799
2026-04-18 17:30:00,96.7,58.0,154.7,6.0,90.7,154.7,1.705622932745314
2026-04-18 18:00:00,97.30000000000001,48.4,145.70000000000002,7.0,90.30000000000001,145.70000000000002,1.6135105204872646
2026-04-18 18:30:00,96.1,45.3,141.39999999999998,11.0,85.1,141.39999999999998,1.661574618096357
2026-04-18 19:00:00,95.3,57.9,153.2,6.0,89.3,153.2,1.715565509518477
2026-04-18 19:30:00,97.3,49.6,146.9,8.0,89.3,146.9,1.6450167973124301
2026-04-18 20:00:00,96.60000000000001,47.5,144.10000000000002,11.0,85.60000000000001,144.10000000000002,1.6834112149532712
2026-04-18 20:30:00,96.0,52.7,148.7,5.0,91.0,148.7,1.634065934065934
2026-04-18 21:00:00,96.8,54.2,151.0,10.0,86.8,151.0,1.73963133640553
2026-04-18 21:30:00,97.0,46.6,143.6,10.0,87.0,143.6,1.650574712643678
2026-04-18 22:00:00,95.9,49.7,145.60000000000002,4.0,91.9,145.60000000000002,1.5843307943416758
2026-04-18 22:30:00,96.6,54.2,150.8,10.0,86.6,150.8,1.7413394919168594
2026-04-18 23:00:00,96.9,41.9,138.8,10.0,86.9,138.8,1.5972382048331415
2026-04-18 23:30:00,96.6,39.8,136.39999999999998,6.0,90.6,136.39999999999998,1.5055187637969094
2026-04-19 00:00:00,96.5,37.5,134.0,9.0,87.5,134.0,1.5314285714285714
2026-04-19 00:30:00,97.1,36.5,133.6,8.0,89.1,133.6,1.4994388327721662
2026-04-19 01:00:00,96.8,30.7,127.5,8.0,88.8,127.5,1.435810810810811
2026-04-19 01:30:00,95.8,30.2,126.0,9.0,86.8,126.0,1.4516129032258065
2026-04-19 02:00:00,97.7,31.6,129.3,9.0,88.7,129.3,1.4577226606538896
2026-04-19 02:30:00,96.6,26.1,122.69999999999999,10.0,86.6,122.69999999999999,1.4168591224018476
2026-04-19 03:00:00,99.3,25.3,124.6,8.0,91.3,124.6,1.3647316538882803
2026-04-19 03:30:00,99.19999999999999,25.9,125.1,9.0,90.19999999999999,125.1,1.3869179600886918
2026-04-19 04:00:00,98.99999999999999,25.4,124.39999999999998,11.0,87.99999999999999,124.39999999999998,1.4136363636363636
2026-04-19 04:30:00,99.1,25.1,124.19999999999999,12.0,87.1,124.19999999999999,1.425947187141217
2026-04-19 05:00:00,99.5,25.1,124.6,11.0,88.5,124.6,1.4079096045197739
2026-04-19 05:30:00,99.5,24.9,124.4,10.0,89.5,124.4,1.3899441340782124
2026-04-19 06:00:00,99.49999999999999,24.9,124.39999999999998,10.0,89.49999999999999,124.39999999999998,1.3899441340782122
2026-04-19 06:30:00,99.49999999999999,24.7,124.19999999999999,10.0,89.49999999999999,124.19999999999999,1.3877094972067041
2026-04-19 07:00:00,99.2,24.6,123.80000000000001,8.0,91.2,123.80000000000001,1.3574561403508774
2026-04-19 07:30:00,98.89999999999999,24.7,123.6,9.0,89.89999999999999,123.6,1.374860956618465
2026-04-19 08:00:00,98.7,24.6,123.30000000000001,12.0,86.7,123.30000000000001,1.4221453287197232
2026-04-19 08:30:00,99.0,25.3,124.3,10.0,89.0,124.3,1.396629213483146
2026-04-19 09:00:00,97.8,31.6,129.4,5.0,92.8,129.4,1.3943965517241381
2026-04-19 09:30:00,94.8,31.8,126.6,9.0,85.8,126.6,1.4755244755244754
2026-04-19 10:00:00,95.39999999999999,32.8,128.2,8.0,87.39999999999999,128.2,1.4668192219679634
2026-04-19 10:30:00,95.7,31.0,126.7,6.0,89.7,126.7,1.4124860646599777
2026-04-19 11:00:00,95.19999999999999,31.9,127.1,11.0,84.19999999999999,127.1,1.509501187648456
2026-04-19 11:30:00,95.6,40.0,135.6,8.0,87.6,135.6,1.547945205479452
2026-04-19 12:00:00,95.9,36.8,132.7,6.0,89.9,132.7,1.476084538375973
2026-04-19 12:30:00,95.79999999999998,36.2,132.0,10.0,85.79999999999998,132.0,1.5384615384615388
2026-04-19 13:00:00,95.6,56.5,152.1,8.0,87.6,152.1,1.7363013698630136
2026-04-19 13:30:00,96.10000000000001,46.2,142.3,6.0,90.10000000000001,142.3,1.579356270810211
2026-04-19 14:00:00,95.10000000000001,46.7,141.8,10.0,85.10000000000001,141.8,1.6662749706227966
2026-04-19 14:30:00,95.3,58.9,154.2,5.0,90.3,154.2,1.707641196013289
2026-04-19 15:00:00,95.8,46.0,141.8,11.0,84.8,141.8,1.6721698113207548
2026-04-19 15:30:00,94.69999999999999,47.2,141.89999999999998,7.0,87.69999999999999,141.89999999999998,1.6180159635119726
2026-04-19 16:00:00,94.9,58.1,153.0,7.0,87.9,153.0,1.7406143344709897
2026-04-19 16:30:00,96.0,46.8,142.8,10.0,86.0,142.8,1.66046511627907
2026-04-19 17:00:00,95.5,45.6,141.1,7.0,88.5,141.1,1.5943502824858757
2026-04-19 17:30:00,95.4,58.5,153.9,7.0,88.4,153.9,1.740950226244344
2026-04-19 18:00:00,96.0,48.8,144.8,9.0,87.0,144.8,1.6643678160919542
2026-04-19 18:30:00,94.7,45.6,140.3,7.0,87.7,140.3,1.5997719498289624
2026-04-19 19:00:00,94.4,55.2,149.60000000000002,8.0,86.4,149.60000000000002,1.7314814814814816
2026-04-19 19:30:00,95.8,51.5,147.3,8.0,87.8,147.3,1.6776765375854217
2026-04-19 20:00:00,95.8,46.0,141.8,7.0,88.8,141.8,1.596846846846847
2026-04-19 20:30:00,94.0,50.4,144.4,9.0,85.0,144.4,1.6988235294117648
2026-04-19 21:00:00,95.0,53.0,148.0,6.0,89.0,148.0,1.6629213483146068
2026-04-19 21:30:00,95.50000000000001,41.6,137.10000000000002,8.0,87.50000000000001,137.10000000000002,1.566857142857143
2026-04-19 22:00:00,95.10000000000001,36.0,131.10000000000002,8.0,87.10000000000001,131.10000000000002,1.5051664753157292
2026-04-19 22:30:00,95.0,37.5,132.5,7.0,88.0,132.5,1.5056818181818181
2026-04-19 23:00:00,95.4,29.7,125.10000000000001,10.0,85.4,125.10000000000001,1.464871194379391
2026-04-19 23:30:00,94.80000000000001,25.9,120.70000000000002,8.0,86.80000000000001,120.70000000000002,1.390552995391705
2026-04-20 00:00:00,94.4,31.6,126.0,8.0,86.4,126.0,1.4583333333333333
2026-04-20 00:30:00,95.3,24.6,119.9,11.0,84.3,119.9,1.4223013048635826
2026-04-20 01:00:00,97.80000000000001,23.5,121.30000000000001,9.0,88.80000000000001,121.30000000000001,1.3659909909909909
2026-04-20 01:30:00,98.1,24.5,122.6,12.0,86.1,122.6,1.423925667828107
2026-04-20 02:00:00,98.0,24.3,122.3,11.0,87.0,122.3,1.4057471264367816
2026-04-20 02:30:00,98.0,24.1,122.1,9.0,89.0,122.1,1.3719101123595505
2026-04-20 03:00:00,98.3,23.8,122.1,9.0,89.3,122.1,1.3673012318029114
2026-04-20 03:30:00,98.1,23.6,121.69999999999999,10.0,88.1,121.69999999999999,1.3813847900113507
2026-04-20 04:00:00,95.7,23.1,118.80000000000001,9.0,86.7,118.80000000000001,1.370242214532872
2026-04-20 04:30:00,95.39999999999999,22.6,118.0,11.0,84.39999999999999,118.0,1.3981042654028437
2026-04-20 05:00:00,95.1,22.5,117.6,10.0,85.1,117.6,1.381903642773208
2026-04-20 05:30:00,95.0,22.4,117.4,7.0,88.0,117.4,1.3340909090909092
2026-04-20 06:00:00,94.6,22.2,116.8,11.0,83.6,116.8,1.3971291866028708
2026-04-20 06:30:00,95.0,22.1,117.1,9.0,86.0,117.1,1.361627906976744
2026-04-20 07:00:00,94.9,22.1,117.0,10.0,84.9,117.0,1.3780918727915192
2026-04-20 07:30:00,95.29999999999998,21.8,117.09999999999998,11.0,84.29999999999998,117.09999999999998,1.3890865954922895
2026-04-20 08:00:00,95.5,22.1,117.6,10.0,85.5,117.6,1.375438596491228
2026-04-20 08:30:00,95.9,23.1,119.0,8.0,87.9,119.0,1.353811149032992
2026-04-20 09:00:00,95.5,24.0,119.5,9.0,86.5,119.5,1.3815028901734103
2026-04-20 09:30:00,95.5,25.1,120.6,9.0,86.5,120.6,1.3942196531791906
2026-04-20 10:00:00,93.9,30.8,124.7,9.0,84.9,124.7,1.4687868080094229
2026-04-20 10:30:00,94.7,23.6,118.30000000000001,6.0,88.7,118.30000000000001,1.333709131905299
2026-04-20 11:00:00,93.2,33.6,126.80000000000001,9.0,84.2,126.80000000000001,1.5059382422802852
2026-04-20 11:30:00,93.1,30.5,123.6,7.0,86.1,123.6,1.4355400696864111
2026-04-20 12:00:00,93.30000000000001,28.3,121.60000000000001,9.0,84.30000000000001,121.60000000000001,1.4424673784104387
2026-04-20 12:30:00,92.2,36.1,128.3,5.0,87.2,128.3,1.4713302752293578
2026-04-20 13:00:00,92.6,33.5,126.1,8.0,84.6,126.1,1.4905437352245863
2026-04-20 13:30:00,92.60000000000001,33.1,125.70000000000002,8.0,84.60000000000001,125.70000000000002,1.4858156028368794
2026-04-20 14:00:00,92.60000000000001,36.6,129.20000000000002,7.0,85.60000000000001,129.20000000000002,1.5093457943925235
2026-04-20 14:30:00,93.2,43.6,136.8,10.0,83.2,136.8,1.6442307692307694
2026-04-20 15:00:00,93.6,40.2,133.8,6.0,87.6,133.8,1.527397260273973
2026-04-20 15:30:00,93.0,41.2,134.2,9.0,84.0,134.2,1.5976190476190475
2026-04-20 16:00:00,92.30000000000001,53.1,145.4,5.0,87.30000000000001,145.4,1.665521191294387
2026-04-20 16:30:00,93.1,50.1,143.2,7.0,86.1,143.2,1.6631823461091753
2026-04-20 17:00:00,92.8,43.8,136.6,9.0,83.8,136.6,1.630071599045346
2026-04-20 17:30:00,92.3,50.3,142.6,7.0,85.3,142.6,1.671746776084408
2026-04-20 18:00:00,92.8,52.0,144.8,8.0,84.8,144.8,1.707547169811321
2026-04-20 18:30:00,92.5,45.2,137.7,7.0,85.5,137.7,1.6105263157894736
2026-04-20 19:00:00,91.9,48.4,140.3,8.0,83.9,140.3,1.67222884386174
2026-04-20 19:30:00,92.4,53.7,146.10000000000002,7.0,85.4,146.10000000000002,1.7107728337236536
2026-04-20 20:00:00,92.5,39.8,132.3,8.0,84.5,132.3,1.5656804733727812
2026-04-20 20:30:00,92.19999999999999,37.0,129.2,8.0,84.19999999999999,129.2,1.5344418052256532
2026-04-20 21:00:00,91.9,37.4,129.3,6.0,85.9,129.3,1.5052386495925496
2026-04-20 21:30:00,92.9,28.3,121.2,10.0,82.9,121.2,1.462002412545235
2026-04-20 22:00:00,92.9,22.9,115.80000000000001,10.0,82.9,115.80000000000001,1.3968636911942098
2026-04-20 22:30:00,94.69999999999999,23.8,118.49999999999999,9.0,85.69999999999999,118.49999999999999,1.382730455075846
2026-04-20 23:00:00,95.0,23.9,118.9,8.0,87.0,118.9,1.3666666666666667
2026-04-20 23:30:00,95.69999999999999,23.8,119.49999999999999,11.0,84.69999999999999,119.49999999999999,1.41086186540732
2026-04-21 00:00:00,63.10000000000001,17.3,80.4,10.0,53.10000000000001,80.4,1.5141242937853105
2026-04-21 00:30:00,96.0,23.1,119.1,10.0,86.0,119.1,1.3848837209302325
2026-04-21 01:00:00,95.50000000000001,22.9,118.4,9.0,86.50000000000001,118.4,1.3687861271676298
2026-04-21 01:30:00,95.9,22.7,118.60000000000001,8.0,87.9,118.60000000000001,1.3492605233219568
2026-04-21 02:00:00,95.39999999999999,22.5,117.89999999999999,10.0,85.39999999999999,117.89999999999999,1.3805620608899298
2026-04-21 02:30:00,94.4,22.1,116.5,11.0,83.4,116.5,1.3968824940047961
2026-04-21 03:00:00,94.5,22.0,116.5,10.0,84.5,116.5,1.378698224852071
2026-04-21 03:30:00,95.3,22.0,117.3,10.0,85.3,117.3,1.3751465416178195
2026-04-21 04:00:00,95.1,22.0,117.1,8.0,87.1,117.1,1.3444316877152698
2026-04-21 04:30:00,95.5,22.1,117.6,8.0,87.5,117.6,1.3439999999999999
2026-04-21 05:00:00,95.5,22.1,117.6,12.0,83.5,117.6,1.408383233532934
2026-04-21 05:30:00,95.0,22.0,117.0,9.0,86.0,117.0,1.3604651162790697
2026-04-21 06:00:00,95.19999999999999,22.0,117.19999999999999,12.0,83.19999999999999,117.19999999999999,1.4086538461538463
2026-04-21 06:30:00,95.9,22.1,118.0,9.0,86.9,118.0,1.3578826237054085
2026-04-21 07:00:00,96.1,22.3,118.39999999999999,8.0,88.1,118.39999999999999,1.343927355278093
2026-04-21 07:30:00,96.0,22.1,118.1,10.0,86.0,118.1,1.3732558139534883
2026-04-21 08:00:00,95.3,22.4,117.69999999999999,10.0,85.3,117.69999999999999,1.379835873388042
2026-04-21 08:30:00,95.19999999999999,23.1,118.29999999999998,11.0,84.19999999999999,118.29999999999998,1.4049881235154393
2026-04-21 09:00:00,94.9,23.8,118.7,10.0,84.9,118.7,1.39811542991755
2026-04-21 09:30:00,95.8,24.6,120.4,8.0,87.8,120.4,1.3712984054669706
2026-04-21 10:00:00,95.8,26.3,122.1,7.0,88.8,122.1,1.375
2026-04-21 10:30:00,92.9,29.0,121.9,11.0,81.9,121.9,1.4884004884004884
2026-04-21 11:00:00,94.2,27.0,121.2,7.0,87.2,121.2,1.389908256880734
2026-04-21 11:30:00,93.30000000000001,22.2,115.50000000000001,8.0,85.30000000000001,115.50000000000001,1.3540445486518171
2026-04-21 12:00:00,94.6,35.1,129.7,9.0,85.6,129.7,1.5151869158878504
2026-04-21 12:30:00,93.89999999999999,24.6,118.5,10.0,83.89999999999999,118.5,1.4123957091775925
2026-04-21 13:00:00,89.89999999999999,38.7,128.6,7.0,82.89999999999999,128.6,1.5512665862484922
2026-04-21 13:30:00,40.7,19.8,60.5,7.0,33.7,60.5,1.7952522255192878
2026-04-21 14:30:00,19.9,6.8,26.7,6.0,13.899999999999999,26.7,1.920863309352518
2026-04-21 17:30:00,19.9,4.4,24.299999999999997,0.0,19.9,24.299999999999997,1.2211055276381908
2026-04-21 18:00:00,18.1,12.6,30.700000000000003,0.0,18.1,30.700000000000003,1.6961325966850829
2026-04-21 18:30:00,16.1,1.5,17.6,1.0,15.100000000000001,17.6,1.1655629139072847
2026-04-21 19:30:00,16.3,1.4,17.7,2.0,14.3,17.700000000000003,1.237762237762238
2026-04-21 20:00:00,25.4,7.9,33.3,1.0,24.4,33.3,1.3647540983606556
2026-04-21 20:30:00,25.2,9.0,34.2,1.0,24.2,34.2,1.413223140495868
2026-04-21 21:00:00,25.2,5.5,30.7,2.0,23.2,30.7,1.3232758620689655
2026-04-21 21:30:00,25.2,11.7,36.9,0.0,25.2,36.9,1.4642857142857142
2026-04-21 22:00:00,25.099999999999998,2.1,27.2,0.0,25.099999999999998,27.2,1.0836653386454185
2026-04-21 22:30:00,25.0,11.3,36.3,0.0,25.0,36.3,1.452
2026-04-21 23:00:00,25.2,4.0,29.2,0.0,25.2,29.2,1.1587301587301588
2026-04-21 23:30:00,25.1,9.3,34.400000000000006,0.0,25.1,34.400000000000006,1.3705179282868527
2026-04-22 00:00:00,62.900000000000006,25.7,88.60000000000001,1.0,61.900000000000006,88.60000000000001,1.431340872374798
2026-04-22 00:30:00,25.2,7.9,33.1,1.0,24.2,33.1,1.3677685950413223
2026-04-22 01:00:00,25.1,5.9,31.0,0.0,25.1,31.0,1.2350597609561753
2026-04-22 01:30:00,25.200000000000003,7.1,32.300000000000004,0.0,25.200000000000003,32.300000000000004,1.2817460317460319
2026-04-22 02:00:00,25.1,6.5,31.6,0.0,25.1,31.6,1.2589641434262948
2026-04-22 02:30:00,25.200000000000003,6.4,31.6,0.0,25.200000000000003,31.6,1.253968253968254
2026-04-22 03:00:00,25.200000000000003,6.9,32.1,1.0,24.200000000000003,32.1,1.3264462809917354
2026-04-22 03:30:00,25.1,5.9,31.0,1.0,24.1,31.0,1.2863070539419086
2026-04-22 04:00:00,25.1,7.3,32.4,0.0,25.1,32.4,1.2908366533864541
2026-04-22 04:30:00,25.1,5.5,30.6,0.0,25.1,30.6,1.2191235059760956
2026-04-22 05:00:00,25.1,7.6,32.7,2.0,23.1,32.7,1.4155844155844157
2026-04-22 05:30:00,25.1,5.3,30.400000000000002,0.0,25.1,30.400000000000002,1.2111553784860558
2026-04-22 06:00:00,25.1,7.8,32.9,3.0,22.1,32.900000000000006,1.4886877828054301
2026-04-22 06:30:00,25.1,5.1,30.200000000000003,1.0,24.1,30.200000000000003,1.2531120331950207
2026-04-22 07:00:00,25.0,7.9,32.9,0.0,25.0,32.9,1.3159999999999998
2026-04-22 07:30:00,25.0,4.7,29.7,1.0,24.0,29.7,1.2375
2026-04-22 08:00:00,24.9,7.8,32.699999999999996,2.0,22.9,32.7,1.4279475982532752
2026-04-22 08:30:00,24.9,5.0,29.9,0.0,24.9,29.9,1.2008032128514057
2026-04-22 09:00:00,25.6,10.1,35.7,0.0,25.6,35.7,1.39453125
2026-04-22 09:30:00,31.9,4.1,36.0,6.0,25.9,36.0,1.38996138996139
2026-04-22 10:00:00,70.0,20.0,90.0,6.0,64.0,90.0,1.40625
2026-04-22 10:30:00,86.0,24.2,110.2,7.0,79.0,110.2,1.3949367088607596
2026-04-22 11:00:00,91.5,28.5,120.0,5.0,86.5,120.0,1.3872832369942196
2026-04-22 11:30:00,90.0,28.9,118.9,6.0,84.0,118.9,1.4154761904761906
2026-04-22 12:00:00,91.5,36.1,127.6,7.0,84.5,127.6,1.510059171597633
2026-04-22 12:30:00,92.4,32.1,124.5,8.0,84.4,124.5,1.475118483412322
2026-04-22 13:00:00,92.6,35.4,128.0,4.0,88.6,128.0,1.4446952595936795
2026-04-22 13:30:00,93.30000000000001,45.6,138.9,7.0,86.30000000000001,138.9,1.6095017381228272
2026-04-22 14:00:00,93.5,53.0,146.5,8.0,85.5,146.5,1.713450292397661
2026-04-22 14:30:00,93.4,45.6,139.0,5.0,88.4,139.0,1.5723981900452488
2026-04-22 15:00:00,92.2,47.1,139.3,6.0,86.2,139.3,1.6160092807424595
2026-04-22 15:30:00,93.4,56.9,150.3,7.0,86.4,150.3,1.7395833333333333
2026-04-22 16:00:00,93.6,45.9,139.5,7.0,86.6,139.5,1.6108545034642034
2026-04-22 16:30:00,93.30000000000001,44.5,137.8,4.0,89.30000000000001,137.8,1.5431131019036954
2026-04-22 17:00:00,92.4,56.2,148.60000000000002,9.0,83.4,148.60000000000002,1.7817745803357317
2026-04-22 17:30:00,92.99999999999999,49.2,142.2,7.0,85.99999999999999,142.2,1.6534883720930234
2026-04-22 18:00:00,91.49999999999999,43.6,135.1,4.0,87.49999999999999,135.1,1.5440000000000003
2026-04-22 18:30:00,90.69999999999999,53.9,144.6,8.0,82.69999999999999,144.6,1.7484885126964935
2026-04-22 19:00:00,90.5,51.0,141.5,4.0,86.5,141.5,1.6358381502890174
2026-04-22 19:30:00,89.0,43.2,132.2,6.0,83.0,132.2,1.5927710843373493
2026-04-22 20:00:00,87.6,49.8,137.39999999999998,6.0,81.6,137.39999999999998,1.6838235294117645
2026-04-22 20:30:00,89.1,45.1,134.2,4.0,85.1,134.2,1.5769682726204466
2026-04-22 21:00:00,86.50000000000001,34.5,121.00000000000001,7.0,79.50000000000001,121.00000000000001,1.522012578616352
2026-04-22 21:30:00,86.10000000000001,35.1,121.20000000000002,3.0,83.10000000000001,121.20000000000002,1.4584837545126355
2026-04-22 22:00:00,85.5,31.2,116.7,8.0,77.5,116.7,1.5058064516129033
2026-04-22 22:30:00,85.89999999999999,20.5,106.39999999999999,7.0,78.89999999999999,106.39999999999999,1.3485424588086186
2026-04-22 23:00:00,86.89999999999999,22.5,109.39999999999999,5.0,81.89999999999999,109.39999999999999,1.335775335775336
2026-04-22 23:30:00,87.39999999999999,22.4,109.79999999999998,7.0,80.39999999999999,109.79999999999998,1.3656716417910446
2026-04-23 00:00:00,89.5,34.4,123.9,8.0,81.5,123.9,1.5202453987730062
2026-04-23 00:30:00,87.8,21.6,109.4,8.0,79.8,109.4,1.3709273182957395
2026-04-23 01:00:00,87.39999999999999,21.6,109.0,8.0,79.39999999999999,109.0,1.3727959697732999
2026-04-23 01:30:00,88.79999999999998,21.5,110.29999999999998,5.0,83.79999999999998,110.29999999999998,1.3162291169451075
2026-04-23 02:00:00,88.6,21.4,110.0,7.0,81.6,110.0,1.3480392156862746
2026-04-23 02:30:00,88.69999999999999,21.3,109.99999999999999,8.0,80.69999999999999,109.99999999999999,1.3630731102850062
2026-04-23 03:00:00,88.6,21.0,109.6,9.0,79.6,109.6,1.3768844221105527
2026-04-23 03:30:00,88.8,20.8,109.6,7.0,81.8,109.6,1.3398533007334963
2026-04-23 04:00:00,88.8,20.6,109.4,9.0,79.8,109.4,1.3709273182957395
2026-04-23 04:30:00,88.80000000000001,20.4,109.20000000000002,6.0,82.80000000000001,109.20000000000002,1.318840579710145
2026-04-23 05:00:00,88.6,20.3,108.89999999999999,7.0,81.6,108.89999999999999,1.3345588235294117
2026-04-23 05:30:00,88.6,20.3,108.89999999999999,8.0,80.6,108.89999999999999,1.3511166253101736
2026-04-23 06:00:00,88.80000000000001,20.3,109.10000000000001,10.0,78.80000000000001,109.10000000000001,1.384517766497462
2026-04-23 06:30:00,88.80000000000001,20.2,109.00000000000001,7.0,81.80000000000001,109.00000000000001,1.332518337408313
2026-04-23 07:00:00,88.4,20.2,108.60000000000001,9.0,79.4,108.60000000000001,1.3677581863979849
2026-04-23 07:30:00,89.1,19.6,108.69999999999999,8.0,81.1,108.69999999999999,1.3403205918618988
2026-04-23 08:00:00,89.3,19.6,108.9,7.0,82.3,108.9,1.3232077764277037
2026-04-23 08:30:00,89.0,20.4,109.4,7.0,82.0,109.4,1.3341463414634147
2026-04-23 09:00:00,89.4,21.4,110.80000000000001,8.0,81.4,110.80000000000001,1.3611793611793612
2026-04-23 09:30:00,89.79999999999998,22.1,111.89999999999998,8.0,81.79999999999998,111.89999999999998,1.3679706601466992
2026-04-23 10:00:00,90.39999999999999,24.8,115.19999999999999,7.0,83.39999999999999,115.19999999999999,1.381294964028777
2026-04-23 10:30:00,87.89999999999999,26.4,114.29999999999998,7.0,80.89999999999999,114.29999999999998,1.4128553770086525
2026-04-23 11:00:00,90.0,26.4,116.4,5.0,85.0,116.4,1.3694117647058823
2026-04-23 11:30:00,87.6,29.9,117.5,6.0,81.6,117.5,1.4399509803921569
2026-04-23 12:00:00,89.0,32.1,121.1,6.0,83.0,121.1,1.459036144578313
2026-04-23 12:30:00,89.60000000000001,29.3,118.9,6.0,83.60000000000001,118.9,1.4222488038277512
2026-04-23 13:00:00,88.49999999999999,35.5,123.99999999999999,6.0,82.49999999999999,123.99999999999999,1.5030303030303032
2026-04-23 13:30:00,90.60000000000001,43.5,134.10000000000002,5.0,85.60000000000001,134.10000000000002,1.566588785046729
2026-04-23 14:00:00,92.5,48.9,141.4,7.0,85.5,141.4,1.6538011695906434
2026-04-23 14:30:00,91.7,45.3,137.0,7.0,84.7,137.0,1.6174734356552538
2026-04-23 15:00:00,90.7,51.5,142.2,4.0,86.7,142.2,1.640138408304498
2026-04-23 15:30:00,91.9,54.2,146.10000000000002,7.0,84.9,146.10000000000002,1.7208480565371027
2026-04-23 16:00:00,89.5,58.4,147.9,3.0,86.5,147.9,1.7098265895953757
2026-04-23 16:30:00,90.6,58.6,149.2,7.0,83.6,149.2,1.7846889952153109
2026-04-23 17:00:00,90.9,58.5,149.4,6.0,84.9,149.4,1.7597173144876324
2026-04-23 17:30:00,90.9,58.6,149.5,3.0,87.9,149.5,1.700796359499431
2026-04-23 18:00:00,90.4,58.5,148.9,6.0,84.4,148.9,1.764218009478673
2026-04-23 18:30:00,90.1,58.4,148.5,4.0,86.1,148.5,1.7247386759581882
2026-04-23 19:00:00,89.1,58.4,147.5,6.0,83.1,147.5,1.7749699157641396
2026-04-23 19:30:00,89.4,58.4,147.8,3.0,86.4,147.8,1.7106481481481481
2026-04-23 20:00:00,89.19999999999999,57.9,147.1,6.0,83.19999999999999,147.1,1.7680288461538463
2026-04-23 20:30:00,89.0,57.6,146.6,4.0,85.0,146.6,1.724705882352941
2026-04-23 21:00:00,89.0,55.9,144.9,9.0,80.0,144.9,1.81125
2026-04-23 21:30:00,89.80000000000001,35.8,125.60000000000001,6.0,83.80000000000001,125.60000000000001,1.4988066825775654
2026-04-23 22:00:00,91.29999999999998,33.2,124.49999999999999,3.0,88.29999999999998,124.49999999999999,1.4099660249150623
2026-04-23 22:30:00,90.5,24.8,115.3,8.0,82.5,115.3,1.3975757575757575
2026-04-23 23:00:00,90.4,32.2,122.60000000000001,8.0,82.4,122.60000000000001,1.4878640776699028
2026-04-23 23:30:00,91.30000000000001,23.5,114.80000000000001,3.0,88.30000000000001,114.80000000000001,1.3001132502831256
2026-04-24 00:00:00,93.4,37.4,130.8,9.0,84.4,130.8,1.5497630331753556
2026-04-24 00:30:00,91.80000000000001,21.1,112.9,9.0,82.80000000000001,112.9,1.363526570048309
2026-04-24 01:00:00,93.4,22.8,116.2,7.0,86.4,116.2,1.3449074074074074
2026-04-24 01:30:00,93.2,28.5,121.7,8.0,85.2,121.7,1.4284037558685445
2026-04-24 02:00:00,91.0,22.6,113.6,6.0,85.0,113.6,1.336470588235294
2026-04-24 02:30:00,93.9,21.3,115.2,7.0,86.9,115.2,1.3256616800920598
2026-04-24 03:00:00,93.30000000000001,26.1,119.4,6.0,87.30000000000001,119.4,1.367697594501718
2026-04-24 03:30:00,91.3,24.7,116.0,9.0,82.3,116.0,1.4094775212636697
2026-04-24 04:00:00,94.0,20.0,114.0,7.0,87.0,114.0,1.3103448275862069
2026-04-24 04:30:00,94.19999999999999,25.6,119.79999999999998,5.0,89.19999999999999,119.79999999999998,1.34304932735426
2026-04-24 05:00:00,91.2,23.2,114.4,9.0,82.2,114.4,1.391727493917275
2026-04-24 05:30:00,94.7,19.9,114.6,7.0,87.7,114.6,1.30672748004561
2026-04-24 06:00:00,95.1,23.7,118.8,7.0,88.1,118.8,1.348467650397276
2026-04-24 06:30:00,93.0,26.1,119.1,6.0,87.0,119.1,1.3689655172413793
2026-04-24 07:00:00,93.2,20.0,113.2,7.0,86.2,113.2,1.3132250580046403
2026-04-24 07:30:00,94.9,20.0,114.9,9.0,85.9,114.9,1.3376018626309663
2026-04-24 08:00:00,94.0,25.7,119.7,7.0,87.0,119.7,1.3758620689655172
2026-04-24 08:30:00,92.8,21.6,114.4,8.0,84.8,114.4,1.349056603773585
2026-04-24 09:00:00,95.20000000000002,20.3,115.50000000000001,5.0,90.20000000000002,115.50000000000001,1.2804878048780486
2026-04-24 09:30:00,95.1,27.8,122.89999999999999,6.0,89.1,122.89999999999999,1.3793490460157127
2026-04-24 10:00:00,92.69999999999999,26.9,119.6,7.0,85.69999999999999,119.6,1.3955659276546093
2026-04-24 10:30:00,92.69999999999999,28.7,121.39999999999999,5.0,87.69999999999999,121.39999999999999,1.3842645381984038
2026-04-24 11:00:00,92.4,29.2,121.60000000000001,6.0,86.4,121.60000000000001,1.4074074074074074
2026-04-24 11:30:00,93.2,31.2,124.4,7.0,86.2,124.4,1.443155452436195
2026-04-24 12:00:00,92.5,34.4,126.9,6.0,86.5,126.9,1.4670520231213873
2026-04-24 12:30:00,92.1,37.7,129.8,7.0,85.1,129.8,1.5252643948296125
2026-04-24 13:00:00,92.0,41.8,133.8,4.0,88.0,133.8,1.5204545454545455
2026-04-24 13:30:00,92.9,56.2,149.10000000000002,8.0,84.9,149.10000000000002,1.756183745583039
2026-04-24 14:00:00,94.9,43.7,138.60000000000002,4.0,90.9,138.60000000000002,1.524752475247525
2026-04-24 14:30:00,93.69999999999999,58.4,152.1,5.0,88.69999999999999,152.1,1.7147688838782413
2026-04-24 15:00:00,91.8,58.1,149.9,6.0,85.8,149.9,1.7470862470862472
2026-04-24 15:30:00,90.80000000000001,57.4,148.20000000000002,4.0,86.80000000000001,148.20000000000002,1.7073732718894008
2026-04-24 16:00:00,91.8,58.1,149.9,5.0,86.8,149.9,1.7269585253456223
2026-04-24 16:30:00,92.69999999999999,58.2,150.89999999999998,7.0,85.69999999999999,150.89999999999998,1.7607934655775963
2026-04-24 17:00:00,92.5,58.3,150.8,4.0,88.5,150.8,1.7039548022598872
2026-04-24 17:30:00,93.4,58.6,152.0,5.0,88.4,152.0,1.7194570135746605
2026-04-24 18:00:00,93.19999999999999,58.3,151.5,6.0,87.19999999999999,151.5,1.7373853211009176
2026-04-24 18:30:00,93.80000000000001,58.7,152.5,5.0,88.80000000000001,152.5,1.7173423423423422
2026-04-24 19:00:00,93.5,58.6,152.1,7.0,86.5,152.1,1.7583815028901733
2026-04-24 19:30:00,93.6,58.5,152.1,4.0,89.6,152.1,1.6975446428571428
2026-04-24 20:00:00,93.6,58.3,151.89999999999998,5.0,88.6,151.89999999999998,1.7144469525959367
2026-04-24 20:30:00,93.4,57.7,151.10000000000002,6.0,87.4,151.10000000000002,1.7288329519450802
2026-04-24 21:00:00,93.19999999999999,57.5,150.7,5.0,88.19999999999999,150.7,1.7086167800453516
2026-04-24 21:30:00,93.3,56.5,149.8,8.0,85.3,149.8,1.7561547479484176
2026-04-24 22:00:00,93.19999999999999,42.4,135.6,6.0,87.19999999999999,135.6,1.5550458715596331
2026-04-24 22:30:00,97.19999999999999,31.0,128.2,9.0,88.19999999999999,128.2,1.453514739229025
2026-04-24 23:00:00,95.9,27.2,123.10000000000001,7.0,88.9,123.10000000000001,1.3847019122609674
2026-04-24 23:30:00,97.4,23.8,121.2,7.0,90.4,121.2,1.3407079646017699
2026-04-25 00:00:00,94.6,40.8,135.39999999999998,6.0,88.6,135.39999999999998,1.528216704288939
2026-04-25 00:30:00,95.0,27.0,122.0,6.0,89.0,122.0,1.3707865168539326
2026-04-25 01:00:00,94.3,26.2,120.5,6.0,88.3,120.5,1.3646659116647792
2026-04-25 01:30:00,95.0,25.9,120.9,7.0,88.0,120.9,1.3738636363636365
2026-04-25 02:00:00,94.8,25.4,120.19999999999999,6.0,88.8,120.19999999999999,1.3536036036036034
2026-04-25 02:30:00,94.8,25.0,119.8,6.0,88.8,119.8,1.3490990990990992
2026-04-25 03:00:00,94.39999999999999,24.4,118.79999999999998,6.0,88.39999999999999,118.79999999999998,1.343891402714932
2026-04-25 03:30:00,94.60000000000001,24.3,118.9,4.0,90.60000000000001,118.9,1.3123620309050772
2026-04-25 04:00:00,94.39999999999999,24.4,118.79999999999998,8.0,86.39999999999999,118.79999999999998,1.375
2026-04-25 04:30:00,94.60000000000001,24.2,118.80000000000001,6.0,88.60000000000001,118.80000000000001,1.3408577878103838
2026-04-25 05:00:00,94.2,24.0,118.2,4.0,90.2,118.2,1.310421286031042
2026-04-25 05:30:00,94.19999999999999,23.9,118.1,8.0,86.19999999999999,118.1,1.3700696055684456
2026-04-25 06:00:00,93.8,23.7,117.5,6.0,87.8,117.5,1.3382687927107062
2026-04-25 06:30:00,94.8,23.8,118.6,4.0,90.8,118.6,1.3061674008810573
2026-04-25 07:00:00,95.19999999999999,23.8,118.99999999999999,8.0,87.19999999999999,118.99999999999999,1.364678899082569
2026-04-25 07:30:00,95.30000000000001,23.8,119.10000000000001,5.0,90.30000000000001,119.10000000000001,1.3189368770764118
2026-04-25 08:00:00,95.19999999999999,23.7,118.89999999999999,4.0,91.19999999999999,118.89999999999999,1.3037280701754386
2026-04-25 08:30:00,95.30000000000001,24.7,120.00000000000001,9.0,86.30000000000001,120.00000000000001,1.3904982618771726
2026-04-25 09:00:00,95.1,25.9,121.0,6.0,89.1,121.0,1.3580246913580247
2026-04-25 09:30:00,95.89999999999999,27.1,123.0,4.0,91.89999999999999,123.0,1.3384113166485312
2026-04-25 10:00:00,95.0,27.9,122.9,9.0,86.0,122.9,1.4290697674418604
2026-04-25 10:30:00,95.6,29.1,124.69999999999999,6.0,89.6,124.69999999999999,1.3917410714285714
2026-04-25 11:00:00,95.00000000000001,31.1,126.10000000000002,4.0,91.00000000000001,126.10000000000002,1.3857142857142857
2026-04-25 11:30:00,95.2,32.9,128.1,10.0,85.2,128.1,1.5035211267605633
2026-04-25 12:00:00,94.60000000000001,35.3,129.9,4.0,90.60000000000001,129.9,1.433774834437086
2026-04-25 12:30:00,95.1,39.5,134.6,5.0,90.1,134.6,1.4938956714761376
2026-04-25 13:00:00,95.30000000000001,50.8,146.10000000000002,6.0,89.30000000000001,146.10000000000002,1.6360582306830906
2026-04-25 13:30:00,94.2,56.8,151.0,7.0,87.2,151.0,1.7316513761467889
2026-04-25 14:00:00,95.0,42.9,137.9,5.0,90.0,137.9,1.5322222222222224
2026-04-25 14:30:00,96.19999999999999,57.7,153.89999999999998,8.0,88.19999999999999,153.89999999999998,1.7448979591836735
2026-04-25 15:00:00,93.80000000000001,57.6,151.4,3.0,90.80000000000001,151.4,1.6674008810572685
2026-04-25 15:30:00,93.80000000000001,57.7,151.5,8.0,85.80000000000001,151.5,1.7657342657342654
2026-04-25 16:00:00,93.8,58.8,152.6,3.0,90.8,152.6,1.6806167400881058
2026-04-25 16:30:00,94.1,58.7,152.8,6.0,88.1,152.8,1.7343927355278095
2026-04-25 17:00:00,94.19999999999999,58.7,152.89999999999998,6.0,88.19999999999999,152.89999999999998,1.7335600907029478
2026-04-25 17:30:00,93.6,58.5,152.1,3.0,90.6,152.1,1.6788079470198676
2026-04-25 18:00:00,93.0,58.9,151.9,9.0,84.0,151.9,1.8083333333333333
2026-04-25 18:30:00,94.1,58.8,152.89999999999998,3.0,91.1,152.89999999999998,1.6783754116355651
2026-04-25 19:00:00,94.0,58.5,152.5,6.0,88.0,152.5,1.7329545454545454
2026-04-25 19:30:00,94.30000000000001,58.6,152.9,5.0,89.30000000000001,152.9,1.7122060470324747
2026-04-25 20:00:00,94.20000000000002,58.7,152.90000000000003,5.0,89.20000000000002,152.90000000000003,1.7141255605381167
2026-04-25 20:30:00,94.2,58.6,152.8,9.0,85.2,152.8,1.7934272300469485
2026-04-25 21:00:00,93.8,58.5,152.3,3.0,90.8,152.3,1.6773127753303967
2026-04-25 21:30:00,94.30000000000001,58.6,152.9,6.0,88.30000000000001,152.9,1.7315968289920722
2026-04-25 22:00:00,94.5,58.5,153.0,4.0,90.5,153.0,1.6906077348066297
2026-04-25 22:30:00,94.5,58.6,153.1,5.0,89.5,153.1,1.7106145251396647
2026-04-25 23:00:00,94.30000000000001,58.4,152.70000000000002,10.0,84.30000000000001,152.70000000000002,1.811387900355872
2026-04-25 23:30:00,94.6,58.0,152.6,3.0,91.6,152.6,1.665938864628821
2026-04-26 00:00:00,93.3,44.9,138.2,6.0,87.3,138.2,1.5830469644902634
2026-04-26 00:30:00,94.1,57.5,151.6,5.0,89.1,151.6,1.7014590347923682
2026-04-26 01:00:00,93.80000000000001,57.1,150.9,5.0,88.80000000000001,150.9,1.6993243243243241
2026-04-26 01:30:00,93.9,55.6,149.5,9.0,84.9,149.5,1.7608951707891636
2026-04-26 02:00:00,94.0,34.8,128.8,4.0,90.0,128.8,1.4311111111111112
2026-04-26 02:30:00,97.1,33.7,130.8,8.0,89.1,130.8,1.4680134680134682
2026-04-26 03:00:00,95.80000000000001,25.2,121.00000000000001,8.0,87.80000000000001,121.00000000000001,1.3781321184510251
2026-04-26 03:30:00,97.60000000000001,27.0,124.60000000000001,7.0,90.60000000000001,124.60000000000001,1.3752759381898454
2026-04-26 04:00:00,96.0,29.8,125.8,7.0,89.0,125.8,1.4134831460674158
2026-04-26 04:30:00,95.1,27.4,122.5,4.0,91.1,122.5,1.344676180021954
2026-04-26 05:00:00,94.5,27.2,121.7,8.0,86.5,121.7,1.4069364161849711
2026-04-26 05:30:00,95.0,27.0,122.0,4.0,91.0,122.0,1.3406593406593406
2026-04-26 06:00:00,94.5,26.8,121.3,6.0,88.5,121.3,1.3706214689265537
2026-04-26 06:30:00,94.6,26.7,121.3,9.0,85.6,121.3,1.4170560747663552
2026-04-26 07:00:00,94.30000000000001,27.0,121.30000000000001,4.0,90.30000000000001,121.30000000000001,1.343300110741971
2026-04-26 07:30:00,94.1,27.1,121.19999999999999,6.0,88.1,121.19999999999999,1.3757094211123722
2026-04-26 08:00:00,93.30000000000001,27.6,120.9,7.0,86.30000000000001,120.9,1.4009269988412514
2026-04-26 08:30:00,94.30000000000001,28.3,122.60000000000001,4.0,90.30000000000001,122.60000000000001,1.3576965669988925
2026-04-26 09:00:00,94.1,30.2,124.3,7.0,87.1,124.3,1.4270952927669347
2026-04-26 09:30:00,94.19999999999999,34.2,128.39999999999998,7.0,87.19999999999999,128.39999999999998,1.4724770642201834
2026-04-26 10:00:00,94.0,38.5,132.5,4.0,90.0,132.5,1.4722222222222223
2026-04-26 10:30:00,94.3,41.4,135.7,6.0,88.3,135.7,1.5368063420158549
2026-04-26 11:00:00,93.2,51.3,144.5,8.0,85.2,144.5,1.6960093896713615
2026-04-26 11:30:00,94.2,42.3,136.5,3.0,91.2,136.5,1.4967105263157894
2026-04-26 12:00:00,93.99999999999999,59.6,153.6,6.0,87.99999999999999,153.6,1.7454545454545456
2026-04-26 12:30:00,92.6,58.1,150.7,5.0,87.6,150.7,1.7203196347031964
2026-04-26 13:00:00,92.5,58.2,150.7,6.0,86.5,150.7,1.7421965317919075
2026-04-26 13:30:00,92.7,58.0,150.7,5.0,87.7,150.7,1.7183580387685289
2026-04-26 14:00:00,92.10000000000001,58.3,150.4,6.0,86.10000000000001,150.4,1.7468060394889662
2026-04-26 14:30:00,92.10000000000001,58.1,150.20000000000002,5.0,87.10000000000001,150.20000000000002,1.7244546498277842
2026-04-26 15:00:00,91.60000000000001,58.2,149.8,4.0,87.60000000000001,149.8,1.7100456621004565
2026-04-26 15:30:00,91.6,58.5,150.1,7.0,84.6,150.1,1.7742316784869976
2026-04-26 16:00:00,91.0,58.5,149.5,3.0,88.0,149.5,1.6988636363636365
2026-04-26 16:30:00,91.5,58.5,150.0,6.0,85.5,150.0,1.7543859649122806
2026-04-26 17:00:00,91.1,58.6,149.7,5.0,86.1,149.7,1.7386759581881532
2026-04-26 17:30:00,91.5,58.5,150.0,7.0,84.5,150.0,1.7751479289940828
2026-04-26 18:00:00,91.4,58.5,149.9,5.0,86.4,149.9,1.7349537037037037
2026-04-26 18:30:00,91.5,58.4,149.9,5.0,86.5,149.9,1.7329479768786127
2026-04-26 19:00:00,91.19999999999999,58.3,149.5,6.0,85.19999999999999,149.5,1.7546948356807515
2026-04-26 19:30:00,91.5,58.3,149.8,3.0,88.5,149.8,1.6926553672316385
2026-04-26 20:00:00,91.6,58.2,149.8,7.0,84.6,149.8,1.7706855791962177
2026-04-26 20:30:00,91.39999999999999,57.7,149.1,3.0,88.39999999999999,149.1,1.6866515837104072
2026-04-26 21:00:00,91.4,57.3,148.7,6.0,85.4,148.7,1.7412177985948476
2026-04-26 21:30:00,91.6,54.9,146.5,7.0,84.6,146.5,1.731678486997636
2026-04-26 22:00:00,92.80000000000001,37.3,130.10000000000002,5.0,87.80000000000001,130.10000000000002,1.4817767653758542
2026-04-26 22:30:00,94.6,35.8,130.39999999999998,7.0,87.6,130.39999999999998,1.4885844748858446
2026-04-26 23:00:00,93.0,27.7,120.7,8.0,85.0,120.7,1.42
2026-04-26 23:30:00,93.3,31.6,124.9,7.0,86.3,124.9,1.447276940903824
2026-04-27 00:00:00,93.5,44.4,137.9,5.0,88.5,137.9,1.5581920903954802
2026-04-27 00:30:00,95.39999999999999,30.1,125.5,7.0,88.39999999999999,125.5,1.419683257918552
2026-04-27 01:00:00,93.39999999999999,29.9,123.29999999999998,6.0,87.39999999999999,123.29999999999998,1.4107551487414187
2026-04-27 01:30:00,93.2,27.8,121.0,6.0,87.2,121.0,1.3876146788990826
2026-04-27 02:00:00,93.2,27.5,120.7,7.0,86.2,120.7,1.400232018561485
2026-04-27 02:30:00,93.3,27.0,120.3,5.0,88.3,120.3,1.362400906002265
2026-04-27 03:00:00,93.1,26.8,119.89999999999999,5.0,88.1,119.89999999999999,1.3609534619750283
2026-04-27 03:30:00,93.8,26.7,120.5,9.0,84.8,120.5,1.420990566037736
2026-04-27 04:00:00,93.6,26.4,120.0,3.0,90.6,120.0,1.3245033112582782
2026-04-27 04:30:00,93.8,26.2,120.0,7.0,86.8,120.0,1.3824884792626728
2026-04-27 05:00:00,93.4,26.0,119.4,7.0,86.4,119.4,1.3819444444444444
2026-04-27 05:30:00,93.4,25.6,119.0,4.0,89.4,119.0,1.3310961968680088
2026-04-27 06:00:00,93.3,25.2,118.5,7.0,86.3,118.5,1.373117033603708
2026-04-27 06:30:00,93.5,25.2,118.7,6.0,87.5,118.7,1.3565714285714285
2026-04-27 07:00:00,93.29999999999998,25.3,118.59999999999998,6.0,87.29999999999998,118.59999999999998,1.3585337915234823
2026-04-27 07:30:00,92.6,25.7,118.3,7.0,85.6,118.3,1.3820093457943925
2026-04-27 08:00:00,92.0,26.6,118.6,3.0,89.0,118.6,1.3325842696629213
2026-04-27 08:30:00,92.2,28.7,120.9,6.0,86.2,120.9,1.402552204176334
2026-04-27 09:00:00,91.9,31.8,123.7,5.0,86.9,123.7,1.4234752589182968
2026-04-27 09:30:00,91.8,35.1,126.9,4.0,87.8,126.9,1.4453302961275627
2026-04-27 10:00:00,91.69999999999999,37.3,129.0,9.0,82.69999999999999,129.0,1.5598548972188635
2026-04-27 10:30:00,92.9,41.2,134.10000000000002,2.0,90.9,134.10000000000002,1.4752475247524754
2026-04-27 11:00:00,92.80000000000001,55.4,148.20000000000002,7.0,85.80000000000001,148.20000000000002,1.7272727272727273
2026-04-27 11:30:00,93.99999999999999,49.0,143.0,9.0,84.99999999999999,143.0,1.6823529411764708
2026-04-27 12:00:00,97.1,53.3,150.39999999999998,3.0,94.1,150.39999999999998,1.598299681190223
2026-04-27 12:30:00,95.4,58.7,154.10000000000002,6.0,89.4,154.10000000000002,1.7237136465324385
2026-04-27 13:00:00,93.8,58.5,152.3,4.0,89.8,152.3,1.6959910913140313
2026-04-27 13:30:00,94.2,58.1,152.3,5.0,89.2,152.3,1.7073991031390134
2026-04-27 14:00:00,93.89999999999999,58.1,152.0,9.0,84.89999999999999,152.0,1.7903415783274443
2026-04-27 14:30:00,95.2,57.9,153.1,5.0,90.2,153.1,1.6973392461197339
2026-04-27 15:00:00,94.8,58.1,152.9,6.0,88.8,152.9,1.7218468468468469
2026-04-27 15:30:00,95.2,58.2,153.4,4.0,91.2,153.4,1.6820175438596492
2026-04-27 16:00:00,93.10000000000001,58.4,151.5,6.0,87.10000000000001,151.5,1.7393800229621124
2026-04-27 16:30:00,93.4,58.4,151.8,8.0,85.4,151.8,1.7775175644028103
2026-04-27 17:00:00,92.5,58.7,151.2,2.0,90.5,151.2,1.6707182320441987
2026-04-27 17:30:00,92.69999999999999,58.7,151.39999999999998,8.0,84.69999999999999,151.39999999999998,1.7874852420306966
2026-04-27 18:00:00,92.19999999999999,59.6,151.79999999999998,3.0,89.19999999999999,151.79999999999998,1.701793721973094
2026-04-27 18:30:00,92.69999999999999,59.8,152.5,6.0,86.69999999999999,152.5,1.7589388696655135
2026-04-27 19:00:00,92.19999999999999,59.6,151.79999999999998,6.0,86.19999999999999,151.79999999999998,1.7610208816705337
2026-04-27 19:30:00,92.49999999999999,59.9,152.39999999999998,3.0,89.49999999999999,152.39999999999998,1.7027932960893855
2026-04-27 20:00:00,92.2,59.8,152.0,9.0,83.2,152.0,1.8269230769230769
2026-04-27 20:30:00,93.0,59.5,152.5,2.0,91.0,152.5,1.6758241758241759
2026-04-27 21:00:00,92.3,59.5,151.8,8.0,84.3,151.8,1.8007117437722422
2026-04-27 21:30:00,93.6,59.4,153.0,3.0,90.6,153.0,1.6887417218543048
2026-04-27 22:00:00,94.4,58.8,153.2,6.0,88.4,153.2,1.7330316742081446
2026-04-27 22:30:00,94.1,58.4,152.5,8.0,86.1,152.5,1.7711962833914054
2026-04-27 23:00:00,94.30000000000001,57.6,151.9,2.0,92.30000000000001,151.9,1.645720476706392
2026-04-27 23:30:00,94.8,57.7,152.5,8.0,86.8,152.5,1.7569124423963134
2026-04-28 00:00:00,95.0,40.9,135.9,3.0,92.0,135.9,1.4771739130434782
2026-04-28 00:30:00,94.69999999999999,54.3,149.0,7.0,87.69999999999999,149.0,1.6989737742303308
2026-04-28 01:00:00,95.30000000000001,39.1,134.4,9.0,86.30000000000001,134.4,1.5573580533024332
2026-04-28 01:30:00,96.0,34.1,130.1,8.0,88.0,130.1,1.4784090909090908
2026-04-28 02:00:00,97.0,32.8,129.8,7.0,90.0,129.8,1.4422222222222223
2026-04-28 02:30:00,96.1,28.2,124.3,5.0,91.1,124.3,1.3644346871569704
2026-04-28 03:00:00,97.0,32.5,129.5,7.0,90.0,129.5,1.4388888888888889
2026-04-28 03:30:00,96.30000000000001,28.3,124.60000000000001,10.0,86.30000000000001,124.60000000000001,1.443800695249131
2026-04-28 04:00:00,97.5,23.4,120.9,8.0,89.5,120.9,1.3508379888268156
2026-04-28 04:30:00,97.0,33.1,130.1,4.0,93.0,130.1,1.3989247311827957
2026-04-28 05:00:00,95.2,28.4,123.6,7.0,88.2,123.6,1.4013605442176869
2026-04-28 05:30:00,94.6,27.6,122.19999999999999,8.0,86.6,122.19999999999999,1.4110854503464203
2026-04-28 06:00:00,94.0,27.3,121.3,3.0,91.0,121.3,1.332967032967033
2026-04-28 06:30:00,95.0,27.4,122.4,7.0,88.0,122.4,1.3909090909090909
2026-04-28 07:00:00,95.0,27.7,122.7,8.0,87.0,122.7,1.410344827586207
2026-04-28 07:30:00,95.3,27.7,123.0,4.0,91.3,123.0,1.3472070098576123
2026-04-28 08:00:00,94.39999999999999,28.0,122.39999999999999,7.0,87.39999999999999,122.39999999999999,1.40045766590389
2026-04-28 08:30:00,95.0,29.2,124.2,7.0,88.0,124.2,1.4113636363636364
2026-04-28 09:00:00,94.6,29.8,124.39999999999999,5.0,89.6,124.39999999999999,1.3883928571428572
2026-04-28 09:30:00,94.9,31.3,126.2,7.0,87.9,126.2,1.4357224118316267
2026-04-28 10:00:00,94.5,32.4,126.9,7.0,87.5,126.9,1.4502857142857144
2026-04-28 10:30:00,94.30000000000001,33.2,127.50000000000001,5.0,89.30000000000001,127.50000000000001,1.427771556550952
2026-04-28 11:00:00,93.80000000000001,33.4,127.20000000000002,7.0,86.80000000000001,127.20000000000002,1.4654377880184333
2026-04-28 11:30:00,95.9,31.7,127.60000000000001,8.0,87.9,127.60000000000001,1.4516496018202503
2026-04-28 12:00:00,95.3,34.5,129.8,4.0,91.3,129.8,1.421686746987952
2026-04-28 12:30:00,94.39999999999999,35.3,129.7,6.0,88.39999999999999,129.7,1.4671945701357467
2026-04-28 13:00:00,94.49999999999999,37.3,131.79999999999998,8.0,86.49999999999999,131.79999999999998,1.523699421965318
2026-04-28 13:30:00,94.8,41.0,135.8,4.0,90.8,135.8,1.4955947136563879
2026-04-28 14:00:00,94.4,51.0,145.4,7.0,87.4,145.4,1.6636155606407321
2026-04-28 14:30:00,94.9,48.4,143.3,7.0,87.9,143.3,1.6302616609783847
2026-04-28 15:00:00,97.69999999999999,54.1,151.79999999999998,5.0,92.69999999999999,151.79999999999998,1.6375404530744337
2026-04-28 15:30:00,95.6,58.1,153.7,6.0,89.6,153.7,1.7154017857142856
2026-04-28 16:00:00,94.5,58.0,152.5,6.0,88.5,152.5,1.7231638418079096
2026-04-28 16:30:00,94.80000000000001,58.1,152.9,4.0,90.80000000000001,152.9,1.683920704845815
2026-04-28 17:00:00,94.19999999999999,58.2,152.39999999999998,7.0,87.19999999999999,152.39999999999998,1.7477064220183487
2026-04-28 17:30:00,94.39999999999999,57.9,152.29999999999998,6.0,88.39999999999999,152.29999999999998,1.7228506787330315
2026-04-28 18:00:00,94.10000000000001,58.3,152.4,6.0,88.10000000000001,152.4,1.7298524404086264
2026-04-28 18:30:00,93.6,58.6,152.2,5.0,88.6,152.2,1.7178329571106095
2026-04-28 19:00:00,93.5,58.6,152.1,5.0,88.5,152.1,1.7186440677966102
2026-04-28 19:30:00,94.39999999999999,58.6,153.0,6.0,88.39999999999999,153.0,1.7307692307692308
2026-04-28 20:00:00,94.3,57.9,152.2,5.0,89.3,152.2,1.7043673012318028
2026-04-28 20:30:00,94.5,58.0,152.5,6.0,88.5,152.5,1.7231638418079096
2026-04-28 21:00:00,94.1,57.1,151.2,5.0,89.1,151.2,1.696969696969697
2026-04-28 21:30:00,94.1,53.6,147.7,5.0,89.1,147.7,1.6576879910213242
2026-04-28 22:00:00,94.9,38.9,133.8,9.0,85.9,133.8,1.5576251455180443
2026-04-28 22:30:00,96.0,32.7,128.7,7.0,89.0,128.7,1.446067415730337
2026-04-28 23:00:00,97.30000000000001,32.2,129.5,8.0,89.30000000000001,129.5,1.4501679731243
2026-04-28 23:30:00,96.30000000000001,27.3,123.60000000000001,8.0,88.30000000000001,123.60000000000001,1.3997734994337485
2026-04-29 00:00:00,94.0,44.3,138.3,7.0,87.0,138.3,1.5896551724137933
2026-04-29 00:30:00,97.80000000000001,31.5,129.3,7.0,90.80000000000001,129.3,1.4240088105726871
2026-04-29 01:00:00,95.5,27.8,123.3,7.0,88.5,123.3,1.3932203389830509
2026-04-29 01:30:00,96.69999999999999,22.3,118.99999999999999,8.0,88.69999999999999,118.99999999999999,1.3416009019165727
2026-04-29 02:00:00,97.8,24.2,122.0,7.0,90.8,122.0,1.3436123348017621
2026-04-29 02:30:00,97.1,29.8,126.89999999999999,6.0,91.1,126.89999999999999,1.392974753018661
2026-04-29 03:00:00,95.0,26.6,121.6,6.0,89.0,121.6,1.3662921348314605
2026-04-29 03:30:00,95.2,26.2,121.4,5.0,90.2,121.4,1.3458980044345898
2026-04-29 04:00:00,94.8,26.0,120.8,7.0,87.8,120.8,1.3758542141230068
2026-04-29 04:30:00,95.3,26.0,121.3,6.0,89.3,121.3,1.3583426651735722
2026-04-29 05:00:00,94.7,25.9,120.6,5.0,89.7,120.6,1.3444816053511706
2026-04-29 05:30:00,94.60000000000001,25.8,120.4,8.0,86.60000000000001,120.4,1.3903002309468822
2026-04-29 06:00:00,94.60000000000001,25.8,120.4,6.0,88.60000000000001,120.4,1.3589164785553047
2026-04-29 06:30:00,94.89999999999999,25.8,120.69999999999999,6.0,88.89999999999999,120.69999999999999,1.357705286839145
2026-04-29 07:00:00,94.2,26.2,120.4,7.0,87.2,120.4,1.3807339449541285
2026-04-29 07:30:00,94.7,27.1,121.80000000000001,5.0,89.7,121.80000000000001,1.3578595317725752
2026-04-29 08:00:00,94.39999999999999,28.5,122.89999999999999,6.0,88.39999999999999,122.89999999999999,1.3902714932126696
2026-04-29 08:30:00,94.60000000000001,31.3,125.9,7.0,87.60000000000001,125.9,1.437214611872146
2026-04-29 09:00:00,94.5,34.2,128.7,6.0,88.5,128.7,1.4542372881355932
2026-04-29 09:30:00,94.49999999999999,37.1,131.6,6.0,88.49999999999999,131.6,1.4870056497175144
2026-04-29 10:00:00,94.3,40.4,134.7,7.0,87.3,134.7,1.542955326460481
2026-04-29 10:30:00,94.39999999999999,50.7,145.1,5.0,89.39999999999999,145.1,1.6230425055928412
2026-04-29 11:00:00,94.0,42.6,136.6,6.0,88.0,136.6,1.5522727272727272
2026-04-29 11:30:00,95.29999999999998,59.1,154.39999999999998,8.0,87.29999999999998,154.39999999999998,1.768613974799542
2026-04-29 12:00:00,93.0,58.0,151.0,3.0,90.0,151.0,1.6777777777777778
2026-04-29 12:30:00,92.80000000000001,57.6,150.4,6.0,86.80000000000001,150.4,1.7327188940092164
2026-04-29 13:00:00,92.80000000000001,57.8,150.60000000000002,4.0,88.80000000000001,150.60000000000002,1.695945945945946
2026-04-29 13:30:00,93.6,57.9,151.5,7.0,86.6,151.5,1.7494226327944573
2026-04-29 14:00:00,93.29999999999998,57.7,151.0,5.0,88.29999999999998,151.0,1.7100792751981884
2026-04-29 14:30:00,93.1,58.0,151.1,5.0,88.1,151.1,1.7150964812712828
2026-04-29 15:00:00,92.9,57.7,150.60000000000002,6.0,86.9,150.60000000000002,1.7330264672036826
2026-04-29 15:30:00,93.2,58.0,151.2,3.0,90.2,151.2,1.6762749445676273
2026-04-29 16:00:00,93.1,57.7,150.8,7.0,86.1,150.8,1.7514518002322883
2026-04-29 16:30:00,92.69999999999999,58.2,150.89999999999998,4.0,88.69999999999999,150.89999999999998,1.701240135287486
2026-04-29 17:00:00,92.30000000000001,57.8,150.10000000000002,6.0,86.30000000000001,150.10000000000002,1.7392815758980302
2026-04-29 17:30:00,93.4,58.3,151.7,6.0,87.4,151.7,1.7356979405034323
2026-04-29 18:00:00,92.9,58.6,151.5,4.0,88.9,151.5,1.704161979752531
2026-04-29 18:30:00,93.1,58.8,151.89999999999998,7.0,86.1,151.89999999999998,1.7642276422764227
2026-04-29 19:00:00,92.69999999999999,58.8,151.5,4.0,88.69999999999999,151.5,1.7080045095828638
2026-04-29 19:30:00,92.6,58.8,151.39999999999998,7.0,85.6,151.39999999999998,1.7686915887850465
2026-04-29 20:00:00,92.0,58.1,150.1,5.0,87.0,150.1,1.725287356321839
2026-04-29 20:30:00,92.30000000000001,57.9,150.20000000000002,6.0,86.30000000000001,150.20000000000002,1.7404403244495945
2026-04-29 21:00:00,92.0,57.8,149.8,6.0,86.0,149.8,1.7418604651162792
2026-04-29 21:30:00,92.19999999999999,57.8,150.0,4.0,88.19999999999999,150.0,1.7006802721088436
2026-04-29 22:00:00,91.9,57.7,149.60000000000002,6.0,85.9,149.60000000000002,1.741559953434226
2026-04-29 22:30:00,93.0,56.9,149.9,3.0,90.0,149.9,1.6655555555555557
2026-04-29 23:00:00,92.20000000000002,56.2,148.40000000000003,7.0,85.20000000000002,148.40000000000003,1.7417840375586855
2026-04-29 23:30:00,92.4,49.7,142.10000000000002,7.0,85.4,142.10000000000002,1.6639344262295084
2026-04-30 00:00:00,73.7,32.7,106.4,4.0,69.7,106.4,1.526542324246772
2026-04-30 00:30:00,92.39999999999999,38.1,130.5,8.0,84.39999999999999,130.5,1.5462085308056874
2026-04-30 01:00:00,93.60000000000001,29.6,123.20000000000002,7.0,86.60000000000001,123.20000000000002,1.422632794457275
2026-04-30 01:30:00,92.8,34.8,127.6,6.0,86.8,127.6,1.4700460829493087
2026-04-30 02:00:00,94.3,26.6,120.9,6.0,88.3,120.9,1.3691959229898076
2026-04-30 02:30:00,92.9,32.8,125.7,6.0,86.9,125.7,1.4464902186421174
2026-04-30 03:00:00,94.39999999999999,29.0,123.39999999999999,9.0,85.39999999999999,123.39999999999999,1.4449648711943794
2026-04-30 03:30:00,93.7,29.0,122.7,4.0,89.7,122.7,1.3678929765886287
2026-04-30 04:00:00,95.7,31.6,127.30000000000001,8.0,87.7,127.30000000000001,1.4515393386545041
2026-04-30 04:30:00,94.4,26.0,120.4,6.0,88.4,120.4,1.3619909502262444
2026-04-30 05:00:00,94.3,30.0,124.3,9.0,85.3,124.3,1.4572098475967175
2026-04-30 05:30:00,93.2,28.1,121.30000000000001,5.0,88.2,121.30000000000001,1.3752834467120183
2026-04-30 06:00:00,95.9,22.3,118.2,9.0,86.9,118.2,1.3601841196777904
2026-04-30 06:30:00,96.4,25.7,122.10000000000001,8.0,88.4,122.10000000000001,1.3812217194570136
2026-04-30 07:00:00,94.99999999999999,32.9,127.89999999999998,6.0,88.99999999999999,127.89999999999998,1.4370786516853933
2026-04-30 07:30:00,93.89999999999999,27.5,121.39999999999999,7.0,86.89999999999999,121.39999999999999,1.3970080552359034
2026-04-30 08:00:00,95.6,32.1,127.69999999999999,5.0,90.6,127.69999999999999,1.4094922737306843
2026-04-30 08:30:00,93.89999999999999,35.6,129.5,10.0,83.89999999999999,129.5,1.5435041716328965
2026-04-30 09:00:00,96.0,32.9,128.9,7.0,89.0,128.9,1.448314606741573
2026-04-30 09:30:00,94.0,41.9,135.9,3.0,91.0,135.9,1.4934065934065934
2026-04-30 10:00:00,93.1,55.3,148.39999999999998,6.0,87.1,148.39999999999998,1.7037887485648677
2026-04-30 10:30:00,93.0,57.8,150.8,4.0,89.0,150.8,1.6943820224719102
2026-04-30 11:00:00,92.80000000000001,58.5,151.3,5.0,87.80000000000001,151.3,1.7232346241457859
2026-04-30 11:30:00,91.2,57.9,149.1,5.0,86.2,149.1,1.7296983758700695
2026-04-30 12:00:00,88.1,58.5,146.6,4.0,84.1,146.6,1.7431629013079668
2026-04-30 12:30:00,86.69999999999999,58.0,144.7,3.0,83.69999999999999,144.7,1.7287933094384709
2026-04-30 13:00:00,81.6,45.6,127.19999999999999,6.0,75.6,127.19999999999999,1.6825396825396826
2026-04-30 13:30:00,76.6,30.8,107.39999999999999,3.0,73.6,107.39999999999999,1.4592391304347827
2026-04-30 14:00:00,70.4,37.5,107.9,2.0,68.4,107.9,1.577485380116959
2026-04-30 14:30:00,61.0,31.5,92.5,4.0,57.0,92.5,1.6228070175438596
2026-04-30 15:00:00,54.3,29.4,83.69999999999999,1.0,53.3,83.69999999999999,1.570356472795497
2026-04-30 15:30:00,50.3,33.5,83.8,0.0,50.3,83.8,1.666003976143141
2026-04-30 16:00:00,47.4,31.1,78.5,1.0,46.4,78.5,1.6918103448275863
2026-04-30 16:30:00,45.400000000000006,31.1,76.5,1.0,44.400000000000006,76.5,1.7229729729729728
2026-04-30 17:00:00,43.5,31.0,74.5,1.0,42.5,74.5,1.7529411764705882
2026-04-30 17:30:00,42.0,31.0,73.0,1.0,41.0,73.0,1.7804878048780488
2026-04-30 18:00:00,41.699999999999996,23.7,65.39999999999999,0.0,41.699999999999996,65.39999999999999,1.5683453237410072
2026-04-30 18:30:00,41.7,22.1,63.800000000000004,2.0,39.7,63.800000000000004,1.6070528967254407
2026-04-30 19:00:00,57.300000000000004,19.6,76.9,2.0,55.300000000000004,76.9,1.3905967450271248
2026-04-30 19:30:00,40.9,27.6,68.5,1.0,39.9,68.5,1.7167919799498748
2026-04-30 20:00:00,39.7,23.2,62.900000000000006,1.0,38.7,62.900000000000006,1.6253229974160206
2026-04-30 20:30:00,40.599999999999994,14.8,55.39999999999999,0.0,40.599999999999994,55.39999999999999,1.3645320197044335
2026-04-30 21:30:00,39.2,28.9,68.1,2.0,37.2,68.1,1.8306451612903223
2026-04-30 22:00:00,39.2,9.7,48.900000000000006,0.0,39.2,48.900000000000006,1.2474489795918369
2026-04-30 22:30:00,39.6,27.9,67.5,0.0,39.6,67.5,1.7045454545454546
2026-04-30 23:00:00,38.8,22.4,61.199999999999996,1.0,37.8,61.199999999999996,1.619047619047619
2026-04-30 23:30:00,39.0,11.4,50.4,0.0,39.0,50.4,1.2923076923076924
2026-05-01 00:00:00,61.599999999999994,25.3,86.89999999999999,2.0,59.599999999999994,86.89999999999999,1.4580536912751678
2026-05-01 00:30:00,62.400000000000006,18.1,80.5,1.0,61.400000000000006,80.5,1.3110749185667752
2026-05-01 01:00:00,39.8,17.0,56.8,1.0,38.8,56.8,1.463917525773196
2026-05-01 01:30:00,38.6,15.2,53.8,1.0,37.6,53.8,1.430851063829787
2026-05-01 02:00:00,39.099999999999994,6.2,45.3,0.0,39.099999999999994,45.3,1.1585677749360614
2026-05-01 02:30:00,38.9,13.4,52.3,1.0,37.9,52.3,1.3799472295514512
2026-05-01 03:00:00,39.3,13.2,52.5,1.0,38.3,52.5,1.370757180156658
2026-05-01 03:30:00,38.1,12.3,50.400000000000006,2.0,36.1,50.400000000000006,1.3961218836565097
2026-05-01 04:00:00,38.2,12.2,50.400000000000006,0.0,38.2,50.400000000000006,1.3193717277486912
2026-05-01 04:30:00,38.5,10.0,48.5,1.0,37.5,48.5,1.2933333333333332
2026-05-01 05:00:00,39.3,9.0,48.3,1.0,38.3,48.3,1.2610966057441253
2026-05-01 05:30:00,37.5,12.2,49.7,0.0,37.5,49.7,1.3253333333333335
2026-05-01 06:00:00,37.7,11.4,49.1,0.0,37.7,49.1,1.3023872679045092
2026-05-01 06:30:00,37.9,7.9,45.8,2.0,35.9,45.8,1.275766016713092
2026-05-01 07:00:00,39.099999999999994,10.1,49.199999999999996,1.0,38.099999999999994,49.199999999999996,1.2913385826771655
2026-05-01 07:30:00,37.8,12.4,50.199999999999996,1.0,36.8,50.199999999999996,1.3641304347826086
2026-05-01 08:00:00,37.800000000000004,11.9,49.7,2.0,35.800000000000004,49.7,1.388268156424581
2026-05-01 08:30:00,37.9,5.5,43.4,0.0,37.9,43.4,1.1451187335092348
2026-05-01 09:00:00,38.5,18.0,56.5,0.0,38.5,56.5,1.4675324675324675
2026-05-01 09:30:00,37.8,13.8,51.599999999999994,1.0,36.8,51.599999999999994,1.4021739130434783
2026-05-01 10:00:00,38.6,9.4,48.0,2.0,36.6,48.0,1.3114754098360655
2026-05-01 10:30:00,38.7,17.4,56.1,1.0,37.7,56.1,1.4880636604774535
2026-05-01 11:00:00,43.9,17.8,61.7,0.0,43.9,61.7,1.4054669703872438
2026-05-01 11:30:00,38.6,20.8,59.400000000000006,2.0,36.6,59.400000000000006,1.6229508196721312
2026-05-01 12:00:00,39.0,22.7,61.7,3.0,36.0,61.7,1.713888888888889
2026-05-01 12:30:00,50.3,26.4,76.69999999999999,2.0,48.3,76.69999999999999,1.5879917184265009
2026-05-01 13:00:00,49.1,23.1,72.2,2.0,47.1,72.2,1.5329087048832273
2026-05-01 13:30:00,56.2,29.3,85.5,1.0,55.2,85.5,1.5489130434782608
2026-05-01 14:00:00,59.3,30.5,89.8,5.0,54.3,89.8,1.6537753222836096
2026-05-01 14:30:00,66.0,42.2,108.2,4.0,62.0,108.2,1.7451612903225806
2026-05-01 15:00:00,76.8,41.0,117.8,8.0,68.8,117.8,1.7122093023255813
2026-05-01 15:30:00,91.2,36.5,127.7,8.0,83.2,127.7,1.5348557692307692
2026-05-01 16:00:00,94.1,40.7,134.8,8.0,86.1,134.8,1.5656213704994195
2026-05-01 16:30:00,94.0,40.5,134.5,8.0,86.0,134.5,1.563953488372093
2026-05-01 17:00:00,93.6,40.6,134.2,8.0,85.6,134.2,1.5677570093457944
2026-05-01 17:30:00,93.5,40.6,134.1,7.0,86.5,134.1,1.5502890173410404
2026-05-01 18:00:00,94.4,40.6,135.0,8.0,86.4,135.0,1.5625
2026-05-01 18:30:00,94.50000000000001,40.6,135.10000000000002,9.0,85.50000000000001,135.10000000000002,1.5801169590643276
2026-05-01 19:00:00,94.8,40.5,135.3,8.0,86.8,135.3,1.5587557603686637
2026-05-01 19:30:00,94.9,40.3,135.2,7.0,87.9,135.2,1.5381114903299202
2026-05-01 20:00:00,94.7,40.6,135.3,8.0,86.7,135.3,1.5605536332179932
2026-05-01 20:30:00,94.5,40.4,134.9,8.0,86.5,134.9,1.5595375722543354
2026-05-01 21:00:00,94.6,40.5,135.1,7.0,87.6,135.1,1.5422374429223744
2026-05-01 21:30:00,95.1,40.5,135.6,8.0,87.1,135.6,1.5568312284730195
2026-05-01 22:00:00,95.2,40.5,135.7,8.0,87.2,135.7,1.5561926605504586
2026-05-01 22:30:00,95.2,40.4,135.6,9.0,86.2,135.6,1.5730858468677493
2026-05-01 23:00:00,94.89999999999999,40.4,135.29999999999998,8.0,86.89999999999999,135.29999999999998,1.5569620253164556
2026-05-01 23:30:00,95.1,40.2,135.3,8.0,87.1,135.3,1.553386911595867
2026-05-02 00:00:00,94.30000000000001,51.8,146.10000000000002,8.0,86.30000000000001,146.10000000000002,1.6929316338354576
2026-05-02 00:30:00,96.6,40.4,137.0,8.0,88.6,137.0,1.5462753950338601
2026-05-02 01:00:00,96.5,40.3,136.8,9.0,87.5,136.8,1.5634285714285716
2026-05-02 01:30:00,96.6,40.3,136.89999999999998,8.0,88.6,136.89999999999998,1.5451467268623023
2026-05-02 02:00:00,96.0,39.7,135.7,8.0,88.0,135.7,1.5420454545454545
2026-05-02 02:30:00,96.60000000000001,40.0,136.60000000000002,6.0,90.60000000000001,136.60000000000002,1.5077262693156734
2026-05-02 03:00:00,96.19999999999999,40.0,136.2,9.0,87.19999999999999,136.2,1.5619266055045873
2026-05-02 03:30:00,95.7,40.2,135.9,7.0,88.7,135.9,1.532130777903044
2026-05-02 04:00:00,95.9,39.9,135.8,8.0,87.9,135.8,1.5449374288964732
2026-05-02 04:30:00,96.9,39.1,136.0,8.0,88.9,136.0,1.529808773903262
2026-05-02 05:00:00,96.4,38.5,134.9,8.0,88.4,134.9,1.5260180995475112
2026-05-02 05:30:00,96.0,37.6,133.6,9.0,87.0,133.6,1.535632183908046
2026-05-02 06:00:00,95.4,34.0,129.4,7.0,88.4,129.4,1.4638009049773755
2026-05-02 06:30:00,96.1,29.6,125.69999999999999,7.0,89.1,125.69999999999999,1.4107744107744107
2026-05-02 07:00:00,96.69999999999999,28.4,125.1,8.0,88.69999999999999,125.1,1.4103720405862459
2026-05-02 07:30:00,96.19999999999999,37.9,134.1,7.0,89.19999999999999,134.1,1.5033632286995517
2026-05-02 08:00:00,93.9,36.6,130.5,5.0,88.9,130.5,1.467941507311586
2026-05-02 08:30:00,93.5,38.8,132.3,6.0,87.5,132.3,1.5120000000000002
2026-05-02 09:00:00,93.6,43.6,137.2,7.0,86.6,137.2,1.5842956120092377
2026-05-02 09:30:00,93.2,57.0,150.2,3.0,90.2,150.2,1.6651884700665187
2026-05-02 10:00:00,92.8,58.4,151.2,7.0,85.8,151.2,1.762237762237762
2026-05-02 10:30:00,93.9,58.5,152.4,5.0,88.9,152.4,1.7142857142857142
2026-05-02 11:00:00,93.39999999999999,59.3,152.7,6.0,87.39999999999999,152.7,1.7471395881006866
2026-05-02 11:30:00,93.7,59.5,153.2,8.0,85.7,153.2,1.7876312718786462
2026-05-02 12:00:00,93.5,59.6,153.1,4.0,89.5,153.1,1.7106145251396647
2026-05-02 12:30:00,94.2,59.7,153.9,7.0,87.2,153.9,1.764908256880734
2026-05-02 13:00:00,94.4,59.9,154.3,8.0,86.4,154.3,1.7858796296296295
2026-05-02 13:30:00,94.2,60.4,154.6,5.0,89.2,154.6,1.733183856502242
2026-05-02 14:00:00,94.2,60.8,155.0,6.0,88.2,155.0,1.7573696145124715
2026-05-02 14:30:00,94.2,61.5,155.7,6.0,88.2,155.7,1.7653061224489794
2026-05-02 15:00:00,94.2,62.1,156.3,6.0,88.2,156.3,1.772108843537415
2026-05-02 15:30:00,92.8,61.3,154.1,6.0,86.8,154.1,1.7753456221198156
2026-05-02 16:00:00,93.4,61.7,155.10000000000002,7.0,86.4,155.10000000000002,1.795138888888889
2026-05-02 16:30:00,94.10000000000001,62.0,156.10000000000002,5.0,89.10000000000001,156.10000000000002,1.7519640852974188
2026-05-02 17:00:00,93.8,62.7,156.5,6.0,87.8,156.5,1.7824601366742598
2026-05-02 17:30:00,94.3,64.1,158.39999999999998,7.0,87.3,158.39999999999998,1.8144329896907214
2026-05-02 18:00:00,93.60000000000001,64.3,157.9,5.0,88.60000000000001,157.9,1.7821670428893903
2026-05-02 18:30:00,94.0,64.9,158.9,7.0,87.0,158.9,1.8264367816091955
2026-05-02 19:00:00,94.1,63.2,157.3,8.0,86.1,157.3,1.8269454123112663
2026-05-02 19:30:00,94.6,61.6,156.2,4.0,90.6,156.2,1.7240618101545253
2026-05-02 20:00:00,93.7,59.9,153.6,6.0,87.7,153.6,1.751425313568985
2026-05-02 20:30:00,93.10000000000001,59.1,152.20000000000002,5.0,88.10000000000001,152.20000000000002,1.7275822928490352
2026-05-02 21:00:00,91.69999999999999,58.9,150.6,5.0,86.69999999999999,150.6,1.7370242214532874
2026-05-02 21:30:00,92.1,59.1,151.2,6.0,86.1,151.2,1.7560975609756098
2026-05-02 22:00:00,91.5,58.7,150.2,6.0,85.5,150.2,1.7567251461988302
2026-05-02 22:30:00,92.2,60.8,153.0,6.0,86.2,153.0,1.7749419953596288
2026-05-02 23:00:00,91.29999999999998,61.0,152.29999999999998,6.0,85.29999999999998,152.29999999999998,1.7854630715123097
2026-05-02 23:30:00,91.0,61.6,152.6,5.0,86.0,152.6,1.7744186046511627
2026-05-03 00:00:00,85.1,52.2,137.3,5.0,80.1,137.3,1.7141073657927592
2026-05-03 00:30:00,92.4,62.6,155.0,6.0,86.4,155.0,1.7939814814814814
2026-05-03 01:00:00,90.9,62.7,153.60000000000002,5.0,85.9,153.60000000000002,1.7881257275902214
2026-05-03 01:30:00,90.6,62.8,153.39999999999998,5.0,85.6,153.39999999999998,1.792056074766355
2026-05-03 02:00:00,89.80000000000001,57.9,147.70000000000002,7.0,82.80000000000001,147.70000000000002,1.7838164251207729
2026-05-03 02:30:00,90.19999999999999,59.7,149.89999999999998,6.0,84.19999999999999,149.89999999999998,1.7802850356294537
2026-05-03 03:00:00,90.8,59.4,150.2,5.0,85.8,150.2,1.7505827505827505
2026-05-03 03:30:00,91.9,58.4,150.3,6.0,85.9,150.3,1.749708963911525
2026-05-03 04:00:00,91.9,58.9,150.8,6.0,85.9,150.8,1.7555296856810245
2026-05-03 04:30:00,92.4,59.1,151.5,4.0,88.4,151.5,1.7138009049773755
2026-05-03 05:00:00,92.0,58.7,150.7,6.0,86.0,150.7,1.7523255813953487
2026-05-03 05:30:00,92.6,57.9,150.5,6.0,86.6,150.5,1.7378752886836029
2026-05-03 06:00:00,92.1,57.8,149.89999999999998,5.0,87.1,149.89999999999998,1.7210103329506312
2026-05-03 06:30:00,92.3,57.6,149.9,7.0,85.3,149.9,1.7573270808909731
2026-05-03 07:00:00,92.30000000000001,57.8,150.10000000000002,4.0,88.30000000000001,150.10000000000002,1.6998867497168744
2026-05-03 07:30:00,91.69999999999999,57.3,149.0,6.0,85.69999999999999,149.0,1.738623103850642
2026-05-03 08:00:00,92.5,57.7,150.2,6.0,86.5,150.2,1.7364161849710982
2026-05-03 08:30:00,92.19999999999999,58.1,150.29999999999998,5.0,87.19999999999999,150.29999999999998,1.7236238532110093
2026-05-03 09:00:00,91.4,59.0,150.4,8.0,83.4,150.4,1.803357314148681
2026-05-03 09:30:00,92.3,59.8,152.1,4.0,88.3,152.1,1.722536806342016
2026-05-03 10:00:00,91.8,61.4,153.2,6.0,85.8,153.2,1.7855477855477855
2026-05-03 10:30:00,92.1,61.7,153.8,6.0,86.1,153.8,1.7862950058072011
2026-05-03 11:00:00,92.80000000000001,62.6,155.4,6.0,86.80000000000001,155.4,1.790322580645161
2026-05-03 11:30:00,93.4,65.0,158.4,6.0,87.4,158.4,1.8123569794050343
2026-05-03 12:00:00,93.19999999999999,69.4,162.6,8.0,85.19999999999999,162.6,1.9084507042253522
2026-05-03 12:30:00,93.30000000000001,74.4,167.70000000000002,7.0,86.30000000000001,167.70000000000002,1.9432213209733487
2026-05-03 13:00:00,95.1,72.3,167.39999999999998,8.0,87.1,167.39999999999998,1.9219288174512055
2026-05-03 13:30:00,96.5,71.8,168.3,8.0,88.5,168.3,1.9016949152542375
2026-05-03 14:00:00,96.69999999999999,73.3,170.0,9.0,87.69999999999999,170.0,1.9384264538198406
2026-05-03 14:30:00,98.5,53.0,151.5,12.0,86.5,151.5,1.7514450867052023
2026-05-03 15:00:00,40.3,17.6,57.9,11.0,29.299999999999997,57.9,1.976109215017065
2026-05-03 15:30:00,100.80000000000001,41.4,142.20000000000002,10.0,90.80000000000001,142.20000000000002,1.566079295154185
2026-05-03 16:00:00,102.9,42.7,145.60000000000002,11.0,91.9,145.60000000000002,1.5843307943416758
2026-05-03 16:30:00,99.2,49.7,148.9,7.0,92.2,148.9,1.6149674620390455
2026-05-03 17:00:00,99.0,42.5,141.5,12.0,87.0,141.5,1.6264367816091954
2026-05-03 17:30:00,100.19999999999999,38.1,138.29999999999998,11.0,89.19999999999999,138.29999999999998,1.5504484304932735
2026-05-03 18:00:00,98.5,43.0,141.5,11.0,87.5,141.5,1.6171428571428572
2026-05-03 18:30:00,99.6,43.1,142.7,11.0,88.6,142.7,1.610609480812641
2026-05-03 19:30:00,103.60000000000001,49.3,152.9,5.0,98.60000000000001,152.9,1.550709939148073
2026-05-03 20:00:00,91.6,42.1,133.7,2.0,89.6,133.7,1.4921875
2026-05-03 20:30:00,47.5,42.7,90.2,0.0,47.5,90.2,1.8989473684210527
2026-05-03 21:00:00,40.400000000000006,32.1,72.5,2.0,38.400000000000006,72.5,1.888020833333333
2026-05-03 21:30:00,39.5,28.5,68.0,1.0,38.5,68.0,1.7662337662337662
2026-05-03 22:00:00,39.8,28.4,68.19999999999999,1.0,38.8,68.19999999999999,1.7577319587628863
2026-05-03 22:30:00,39.300000000000004,10.1,49.400000000000006,1.0,38.300000000000004,49.400000000000006,1.2898172323759791
2026-05-03 23:00:00,40.0,21.5,61.5,0.0,40.0,61.5,1.5375
2026-05-03 23:30:00,39.4,28.8,68.2,1.0,38.4,68.2,1.7760416666666667
2026-05-04 00:00:00,39.400000000000006,22.5,61.900000000000006,2.0,37.400000000000006,61.900000000000006,1.6550802139037433
2026-05-04 00:30:00,62.900000000000006,25.6,88.5,2.0,60.900000000000006,88.5,1.4532019704433496
2026-05-04 01:00:00,39.5,21.6,61.1,0.0,39.5,61.1,1.5468354430379747
2026-05-04 01:30:00,38.800000000000004,28.8,67.60000000000001,0.0,38.800000000000004,67.60000000000001,1.7422680412371134
2026-05-04 02:00:00,38.6,28.6,67.2,3.0,35.6,67.2,1.8876404494382022
2026-05-04 02:30:00,39.0,24.5,63.5,0.0,39.0,63.5,1.6282051282051282
2026-05-04 03:00:00,39.5,4.7,44.2,1.0,38.5,44.2,1.1480519480519482
2026-05-04 03:30:00,40.300000000000004,29.3,69.60000000000001,1.0,39.300000000000004,69.60000000000001,1.7709923664122138
2026-05-04 04:00:00,39.1,28.6,67.7,0.0,39.1,67.7,1.7314578005115089
2026-05-04 04:30:00,39.5,28.5,68.0,1.0,38.5,68.0,1.7662337662337662
2026-05-04 05:00:00,39.2,22.1,61.300000000000004,0.0,39.2,61.300000000000004,1.5637755102040816
2026-05-04 05:30:00,39.5,5.0,44.5,2.0,37.5,44.5,1.1866666666666668
2026-05-04 06:00:00,39.3,30.8,70.1,0.0,39.3,70.1,1.7837150127226462
2026-05-04 06:30:00,39.0,28.5,67.5,1.0,38.0,67.5,1.7763157894736843
2026-05-04 07:00:00,38.599999999999994,28.4,67.0,1.0,37.599999999999994,67.0,1.7819148936170215
2026-05-04 07:30:00,39.0,8.2,47.2,1.0,38.0,47.2,1.2421052631578948
2026-05-04 08:00:00,39.2,20.0,59.2,1.0,38.2,59.2,1.5497382198952878
2026-05-04 08:30:00,39.3,28.8,68.1,0.0,39.3,68.1,1.732824427480916
2026-05-04 09:00:00,39.2,28.5,67.7,0.0,39.2,67.7,1.7270408163265305
2026-05-04 09:30:00,39.4,25.1,64.5,2.0,37.4,64.5,1.7245989304812834
2026-05-04 10:00:00,38.7,4.2,42.900000000000006,1.0,37.7,42.900000000000006,1.1379310344827587
2026-05-04 10:30:00,38.9,26.6,65.5,3.0,35.9,65.5,1.8245125348189415
2026-05-04 11:00:00,38.2,28.7,66.9,0.0,38.2,66.9,1.7513089005235603
2026-05-04 11:30:00,38.400000000000006,28.5,66.9,1.0,37.400000000000006,66.9,1.7887700534759357
2026-05-04 12:00:00,38.4,7.1,45.5,2.0,36.4,45.5,1.25
2026-05-04 12:30:00,39.4,17.9,57.3,0.0,39.4,57.3,1.4543147208121827
2026-05-04 13:00:00,38.6,29.3,67.9,1.0,37.6,67.9,1.8058510638297873
2026-05-04 13:30:00,38.4,28.4,66.8,0.0,38.4,66.8,1.7395833333333333
2026-05-04 14:00:00,38.8,10.9,49.699999999999996,2.0,36.8,49.699999999999996,1.3505434782608696
2026-05-04 14:30:00,39.7,16.3,56.0,0.0,39.7,56.0,1.4105793450881612
2026-05-04 15:00:00,38.7,28.8,67.5,1.0,37.7,67.5,1.7904509283819627
2026-05-04 15:30:00,39.1,27.9,67.0,2.0,37.1,67.0,1.8059299191374663
2026-05-04 16:00:00,38.599999999999994,14.7,53.3,0.0,38.599999999999994,53.3,1.3808290155440415
2026-05-04 16:30:00,38.9,17.4,56.3,1.0,37.9,56.3,1.4854881266490765
2026-05-04 17:00:00,38.5,28.4,66.9,0.0,38.5,66.9,1.737662337662338
2026-05-04 17:30:00,38.3,27.8,66.1,1.0,37.3,66.1,1.772117962466488
2026-05-04 18:00:00,38.2,12.3,50.5,1.0,37.2,50.5,1.35752688172043
2026-05-04 18:30:00,39.0,18.8,57.8,1.0,38.0,57.8,1.5210526315789472
2026-05-04 19:00:00,38.3,28.1,66.4,0.0,38.3,66.4,1.7336814621409924
2026-05-04 19:30:00,38.7,27.9,66.6,1.0,37.7,66.6,1.7665782493368698
2026-05-04 20:00:00,38.5,12.3,50.8,1.0,37.5,50.8,1.3546666666666667
2026-05-04 20:30:00,39.0,18.4,57.4,1.0,38.0,57.4,1.5105263157894737
2026-05-04 21:00:00,38.1,28.4,66.5,0.0,38.1,66.5,1.7454068241469816
2026-05-04 21:30:00,38.8,28.0,66.8,1.0,37.8,66.8,1.7671957671957672
2026-05-04 22:00:00,38.9,12.7,51.599999999999994,1.0,37.9,51.599999999999994,1.3614775725593666
2026-05-04 22:30:00,39.099999999999994,18.4,57.49999999999999,1.0,38.099999999999994,57.49999999999999,1.5091863517060369
2026-05-04 23:00:00,39.099999999999994,28.4,67.5,2.0,37.099999999999994,67.5,1.8194070080862537
2026-05-04 23:30:00,39.300000000000004,28.0,67.30000000000001,1.0,38.300000000000004,67.30000000000001,1.7571801566579635
2026-05-05 00:00:00,39.2,18.6,57.800000000000004,1.0,38.2,57.800000000000004,1.513089005235602
2026-05-05 00:30:00,39.4,12.4,51.8,1.0,38.4,51.8,1.3489583333333333
2026-05-05 01:00:00,39.3,30.0,69.3,1.0,38.3,69.3,1.8093994778067886
2026-05-05 01:30:00,39.3,28.6,67.9,0.0,39.3,67.9,1.7277353689567432
2026-05-05 02:00:00,39.3,17.2,56.5,1.0,38.3,56.5,1.4751958224543082
2026-05-05 02:30:00,39.5,9.9,49.4,0.0,39.5,49.4,1.250632911392405
2026-05-05 03:00:00,38.900000000000006,21.6,60.50000000000001,2.0,36.900000000000006,60.50000000000001,1.6395663956639566
2026-05-05 03:30:00,39.1,16.4,55.5,0.0,39.1,55.5,1.4194373401534526
2026-05-05 04:00:00,39.3,11.1,50.4,0.0,39.3,50.4,1.2824427480916032
2026-05-05 04:30:00,39.4,12.6,52.0,2.0,37.4,52.0,1.3903743315508021
2026-05-05 05:00:00,38.7,19.7,58.400000000000006,1.0,37.7,58.400000000000006,1.5490716180371353
2026-05-05 05:30:00,38.9,8.3,47.2,1.0,37.9,47.2,1.245382585751979
2026-05-05 06:00:00,39.0,11.6,50.6,0.0,39.0,50.6,1.2974358974358975
2026-05-05 06:30:00,39.1,18.9,58.0,1.0,38.1,58.0,1.5223097112860893
2026-05-05 07:00:00,38.800000000000004,13.8,52.60000000000001,1.0,37.800000000000004,52.60000000000001,1.3915343915343916
2026-05-05 07:30:00,39.2,10.9,50.1,1.0,38.2,50.1,1.3115183246073299
2026-05-05 08:00:00,39.2,12.7,51.900000000000006,2.0,37.2,51.900000000000006,1.3951612903225807
2026-05-05 08:30:00,38.8,14.8,53.599999999999994,0.0,38.8,53.599999999999994,1.3814432989690721
2026-05-05 09:00:00,39.4,13.0,52.4,2.0,37.4,52.4,1.4010695187165776
2026-05-05 09:30:00,39.7,14.3,54.0,0.0,39.7,54.0,1.3602015113350125
2026-05-05 10:00:00,39.7,17.1,56.800000000000004,0.0,39.7,56.800000000000004,1.4307304785894206
2026-05-05 10:30:00,39.5,29.5,69.0,1.0,38.5,69.0,1.7922077922077921
2026-05-05 11:00:00,39.6,28.4,68.0,1.0,38.6,68.0,1.761658031088083
2026-05-05 11:30:00,39.4,7.5,46.9,1.0,38.4,46.9,1.2213541666666667
2026-05-05 12:00:00,38.6,25.4,64.0,0.0,38.6,64.0,1.6580310880829014
2026-05-05 12:30:00,38.9,28.3,67.2,3.0,35.9,67.2,1.8718662952646241
2026-05-05 13:00:00,39.5,28.3,67.8,1.0,38.5,67.8,1.761038961038961
2026-05-05 13:30:00,39.3,6.4,45.699999999999996,1.0,38.3,45.699999999999996,1.1932114882506528
2026-05-05 14:00:00,38.9,24.1,63.0,0.0,38.9,63.0,1.6195372750642674
2026-05-05 14:30:00,39.3,12.4,51.699999999999996,1.0,38.3,51.699999999999996,1.349869451697128
2026-05-05 15:00:00,39.2,29.9,69.1,2.0,37.2,69.1,1.8575268817204298
2026-05-05 15:30:00,39.0,28.2,67.2,0.0,39.0,67.2,1.7230769230769232
2026-05-05 16:00:00,39.1,20.2,59.3,0.0,39.1,59.3,1.516624040920716
2026-05-05 16:30:00,38.9,9.7,48.599999999999994,0.0,38.9,48.599999999999994,1.249357326478149
2026-05-05 17:00:00,38.5,30.2,68.7,1.0,37.5,68.7,1.832
2026-05-05 17:30:00,39.0,28.2,67.2,2.0,37.0,67.2,1.8162162162162163
2026-05-05 18:00:00,39.3,12.8,52.099999999999994,1.0,38.3,52.099999999999994,1.360313315926893
2026-05-05 18:30:00,39.7,18.3,58.0,1.0,38.7,58.0,1.4987080103359172
2026-05-05 19:00:00,39.099999999999994,19.1,58.199999999999996,2.0,37.099999999999994,58.199999999999996,1.568733153638814
2026-05-05 19:30:00,39.5,21.8,61.3,0.0,39.5,61.3,1.551898734177215
2026-05-05 20:00:00,39.0,28.2,67.2,1.0,38.0,67.2,1.7684210526315791
2026-05-05 20:30:00,38.7,28.5,67.2,0.0,38.7,67.2,1.7364341085271318
2026-05-05 21:00:00,38.800000000000004,6.0,44.800000000000004,1.0,37.800000000000004,44.800000000000004,1.1851851851851851
2026-05-05 21:30:00,39.3,16.8,56.099999999999994,2.0,37.3,56.099999999999994,1.5040214477211795
2026-05-05 22:00:00,38.6,17.3,55.900000000000006,0.0,38.6,55.900000000000006,1.4481865284974094
2026-05-05 22:30:00,39.599999999999994,16.9,56.49999999999999,0.0,39.599999999999994,56.49999999999999,1.4267676767676767
2026-05-05 23:00:00,39.400000000000006,17.9,57.300000000000004,1.0,38.400000000000006,57.300000000000004,1.4921875
2026-05-05 23:30:00,39.5,20.1,59.6,1.0,38.5,59.6,1.5480519480519481
2026-05-06 00:00:00,39.4,16.3,55.7,1.0,38.4,55.7,1.4505208333333335
2026-05-06 00:30:00,39.4,7.8,47.199999999999996,0.0,39.4,47.199999999999996,1.1979695431472082
2026-05-06 01:00:00,39.400000000000006,12.1,51.50000000000001,2.0,37.400000000000006,51.50000000000001,1.3770053475935828
2026-05-06 01:30:00,39.400000000000006,12.6,52.00000000000001,1.0,38.400000000000006,52.00000000000001,1.3541666666666667
2026-05-06 02:00:00,39.2,20.3,59.5,1.0,38.2,59.5,1.557591623036649
2026-05-06 02:30:00,39.599999999999994,13.8,53.39999999999999,1.0,38.599999999999994,53.39999999999999,1.383419689119171
2026-05-06 03:00:00,40.0,12.5,52.5,1.0,39.0,52.5,1.3461538461538463
2026-05-06 03:30:00,39.7,14.8,54.5,2.0,37.7,54.5,1.4456233421750662
2026-05-06 04:00:00,39.8,10.4,50.199999999999996,0.0,39.8,50.199999999999996,1.2613065326633166
2026-05-06 04:30:00,39.3,17.0,56.3,0.0,39.3,56.3,1.4325699745547074
2026-05-06 05:00:00,39.6,6.2,45.800000000000004,1.0,38.6,45.800000000000004,1.1865284974093264
2026-05-06 05:30:00,39.4,10.9,50.3,2.0,37.4,50.3,1.3449197860962567
2026-05-06 06:00:00,38.9,9.7,48.599999999999994,1.0,37.9,48.599999999999994,1.2823218997361476
2026-05-06 06:30:00,39.2,10.1,49.300000000000004,0.0,39.2,49.300000000000004,1.2576530612244898
2026-05-06 07:00:00,39.0,9.8,48.8,3.0,36.0,48.8,1.3555555555555554
2026-05-06 07:30:00,39.4,9.9,49.3,1.0,38.4,49.3,1.2838541666666667
2026-05-06 08:00:00,39.0,9.8,48.8,0.0,39.0,48.8,1.2512820512820513
2026-05-06 08:30:00,39.5,10.7,50.2,0.0,39.5,50.2,1.2708860759493672
2026-05-06 09:00:00,39.1,19.6,58.7,1.0,38.1,58.7,1.5406824146981628
2026-05-06 09:30:00,39.6,8.5,48.1,2.0,37.6,48.1,1.2792553191489362
2026-05-06 10:00:00,39.7,17.1,56.800000000000004,0.0,39.7,56.800000000000004,1.4307304785894206
2026-05-06 10:30:00,39.5,9.3,48.8,0.0,39.5,48.8,1.2354430379746835
2026-05-06 11:00:00,39.5,23.6,63.1,1.0,38.5,63.1,1.638961038961039
2026-05-06 11:30:00,39.599999999999994,19.9,59.49999999999999,1.0,38.599999999999994,59.49999999999999,1.5414507772020727
2026-05-06 12:00:00,39.5,20.4,59.9,1.0,38.5,59.9,1.5558441558441558
2026-05-06 12:30:00,39.7,28.1,67.80000000000001,0.0,39.7,67.80000000000001,1.7078085642317382
2026-05-06 13:00:00,39.5,23.8,63.3,2.0,37.5,63.3,1.688
2026-05-06 13:30:00,39.7,7.3,47.0,0.0,39.7,47.0,1.1838790931989924
2026-05-06 14:00:00,39.7,16.9,56.6,1.0,38.7,56.6,1.462532299741602
2026-05-06 14:30:00,39.5,30.0,69.5,1.0,38.5,69.5,1.8051948051948052
2026-05-06 15:00:00,39.099999999999994,28.6,67.69999999999999,0.0,39.099999999999994,67.69999999999999,1.7314578005115089
2026-05-06 15:30:00,39.7,27.1,66.80000000000001,3.0,36.7,66.80000000000001,1.8201634877384198
2026-05-06 16:00:00,39.599999999999994,4.3,43.89999999999999,1.0,38.599999999999994,43.89999999999999,1.1373056994818653
2026-05-06 16:30:00,39.9,26.3,66.2,0.0,39.9,66.2,1.6591478696741857
2026-05-06 17:00:00,39.5,11.4,50.9,1.0,38.5,50.9,1.322077922077922
2026-05-06 17:30:00,39.6,30.3,69.9,1.0,38.6,69.9,1.810880829015544
2026-05-06 18:00:00,39.599999999999994,28.5,68.1,1.0,38.599999999999994,68.1,1.7642487046632125
2026-05-06 18:30:00,39.599999999999994,23.5,63.099999999999994,1.0,38.599999999999994,63.099999999999994,1.6347150259067358
2026-05-06 19:00:00,39.7,5.9,45.6,1.0,38.7,45.6,1.1782945736434107
2026-05-06 19:30:00,39.8,15.6,55.4,1.0,38.8,55.4,1.4278350515463918
2026-05-06 20:00:00,39.599999999999994,16.5,56.099999999999994,1.0,38.599999999999994,56.099999999999994,1.4533678756476685
2026-05-06 20:30:00,39.7,16.4,56.1,1.0,38.7,56.1,1.449612403100775
2026-05-06 21:00:00,39.4,25.7,65.1,0.0,39.4,65.1,1.6522842639593909
2026-05-06 21:30:00,39.0,27.6,66.6,2.0,37.0,66.6,1.7999999999999998
2026-05-06 22:00:00,39.4,5.7,45.1,1.0,38.4,45.1,1.1744791666666667
2026-05-06 22:30:00,39.4,12.7,52.099999999999994,0.0,39.4,52.099999999999994,1.3223350253807105
2026-05-06 23:00:00,39.4,18.3,57.7,0.0,39.4,57.7,1.4644670050761424
2026-05-06 23:30:00,38.699999999999996,18.1,56.8,1.0,37.699999999999996,56.8,1.5066312997347482
2026-05-07 00:00:00,39.1,14.3,53.400000000000006,1.0,38.1,53.400000000000006,1.4015748031496065
2026-05-07 00:30:00,38.5,19.9,58.4,1.0,37.5,58.4,1.5573333333333332
2026-05-07 01:00:00,38.599999999999994,5.7,44.3,0.0,38.599999999999994,44.3,1.1476683937823835
2026-05-07 01:30:00,38.3,19.3,57.599999999999994,2.0,36.3,57.599999999999994,1.5867768595041323
2026-05-07 02:00:00,38.400000000000006,5.4,43.800000000000004,0.0,38.400000000000006,43.800000000000004,1.140625
2026-05-07 02:30:00,39.2,10.7,49.900000000000006,2.0,37.2,49.900000000000006,1.3413978494623657
2026-05-07 03:00:00,39.0,10.6,49.6,0.0,39.0,49.6,1.271794871794872
2026-05-07 03:30:00,39.0,11.0,50.0,3.0,36.0,50.0,1.3888888888888888
2026-05-07 04:00:00,39.0,11.1,50.1,1.0,38.0,50.1,1.318421052631579
2026-05-07 04:30:00,38.8,10.7,49.5,0.0,38.8,49.5,1.2757731958762888
2026-05-07 05:00:00,38.1,10.7,48.8,0.0,38.1,48.8,1.2808398950131232
2026-05-07 05:30:00,39.0,10.7,49.7,1.0,38.0,49.7,1.3078947368421054
2026-05-07 06:00:00,39.2,10.9,50.1,2.0,37.2,50.1,1.346774193548387
2026-05-07 06:30:00,39.1,11.0,50.1,0.0,39.1,50.1,1.2813299232736572
2026-05-07 07:00:00,38.6,9.8,48.400000000000006,3.0,35.6,48.400000000000006,1.359550561797753
2026-05-07 07:30:00,38.9,9.2,48.099999999999994,0.0,38.9,48.099999999999994,1.236503856041131
2026-05-07 08:00:00,39.2,9.0,48.2,1.0,38.2,48.2,1.2617801047120418
2026-05-07 08:30:00,39.6,10.2,49.8,0.0,39.6,49.8,1.2575757575757576
2026-05-07 09:00:00,38.6,14.6,53.2,0.0,38.6,53.2,1.378238341968912
2026-05-07 09:30:00,38.3,12.4,50.699999999999996,3.0,35.3,50.699999999999996,1.4362606232294617
2026-05-07 10:00:00,38.2,13.8,52.0,1.0,37.2,52.0,1.3978494623655913
2026-05-07 10:30:00,38.5,15.6,54.1,0.0,38.5,54.1,1.4051948051948053
2026-05-07 11:00:00,38.8,7.9,46.699999999999996,0.0,38.8,46.699999999999996,1.2036082474226804
2026-05-07 11:30:00,39.0,15.6,54.6,1.0,38.0,54.6,1.436842105263158
2026-05-07 12:00:00,39.099999999999994,12.9,51.99999999999999,0.0,39.099999999999994,51.99999999999999,1.329923273657289
2026-05-07 12:30:00,39.4,17.2,56.599999999999994,1.0,38.4,56.599999999999994,1.4739583333333333
2026-05-07 13:00:00,39.0,17.5,56.5,1.0,38.0,56.5,1.486842105263158
2026-05-07 13:30:00,39.6,18.4,58.0,1.0,38.6,58.0,1.5025906735751295
2026-05-07 14:00:00,39.2,17.9,57.1,2.0,37.2,57.1,1.5349462365591398
2026-05-07 14:30:00,38.9,17.8,56.7,0.0,38.9,56.7,1.4575835475578407
2026-05-07 15:00:00,38.9,18.0,56.9,1.0,37.9,56.9,1.5013192612137203
2026-05-07 15:30:00,39.0,18.3,57.3,0.0,39.0,57.3,1.4692307692307691
2026-05-07 16:00:00,38.800000000000004,18.4,57.2,0.0,38.800000000000004,57.2,1.4742268041237112
2026-05-07 16:30:00,39.3,18.7,58.0,1.0,38.3,58.0,1.514360313315927
2026-05-07 17:00:00,39.2,19.0,58.2,3.0,36.2,58.2,1.6077348066298343
2026-05-07 17:30:00,39.5,19.0,58.5,0.0,39.5,58.5,1.481012658227848
2026-05-07 18:00:00,39.8,18.8,58.599999999999994,0.0,39.8,58.599999999999994,1.4723618090452262
2026-05-07 18:30:00,39.900000000000006,18.7,58.60000000000001,0.0,39.900000000000006,58.60000000000001,1.468671679197995
2026-05-07 19:00:00,39.699999999999996,19.0,58.699999999999996,1.0,38.699999999999996,58.699999999999996,1.516795865633075
2026-05-07 19:30:00,40.1,18.5,58.6,1.0,39.1,58.6,1.4987212276214834
2026-05-07 20:00:00,39.7,18.1,57.800000000000004,1.0,38.7,57.800000000000004,1.4935400516795865
2026-05-07 20:30:00,39.8,17.7,57.5,0.0,39.8,57.5,1.4447236180904524
2026-05-07 21:00:00,39.099999999999994,17.4,56.49999999999999,2.0,37.099999999999994,56.49999999999999,1.522911051212938
2026-05-07 21:30:00,39.7,16.9,56.6,1.0,38.7,56.6,1.462532299741602
2026-05-07 22:00:00,39.7,9.6,49.300000000000004,1.0,38.7,49.300000000000004,1.2739018087855298
2026-05-07 22:30:00,40.1,13.8,53.900000000000006,1.0,39.1,53.900000000000006,1.3785166240409208
2026-05-07 23:00:00,39.599999999999994,16.4,55.99999999999999,0.0,39.599999999999994,55.99999999999999,1.4141414141414141
2026-05-07 23:30:00,39.7,16.7,56.400000000000006,0.0,39.7,56.400000000000006,1.420654911838791
2026-05-08 00:00:00,41.199999999999996,19.2,60.39999999999999,4.0,37.199999999999996,60.39999999999999,1.6236559139784945
2026-05-08 00:30:00,39.4,13.9,53.3,0.0,39.4,53.3,1.3527918781725887
2026-05-08 01:00:00,39.3,12.8,52.099999999999994,0.0,39.3,52.099999999999994,1.3256997455470738
2026-05-08 01:30:00,39.3,12.2,51.5,0.0,39.3,51.5,1.3104325699745547
2026-05-08 02:00:00,39.4,11.9,51.3,1.0,38.4,51.3,1.3359375
2026-05-08 02:30:00,39.5,11.6,51.1,0.0,39.5,51.1,1.2936708860759494
2026-05-08 03:00:00,39.1,11.5,50.6,2.0,37.1,50.6,1.3638814016172507
2026-05-08 03:30:00,39.199999999999996,11.4,50.599999999999994,0.0,39.199999999999996,50.599999999999994,1.2908163265306123
2026-05-08 04:00:00,39.0,11.3,50.3,2.0,37.0,50.3,1.3594594594594593
2026-05-08 04:30:00,39.3,11.2,50.5,0.0,39.3,50.5,1.2849872773536897
2026-05-08 05:00:00,38.6,11.2,49.8,0.0,38.6,49.8,1.2901554404145077
2026-05-08 05:30:00,38.5,11.2,49.7,1.0,37.5,49.7,1.3253333333333335
2026-05-08 06:00:00,38.3,11.0,49.3,1.0,37.3,49.3,1.32171581769437
2026-05-08 06:30:00,38.6,11.0,49.6,0.0,38.6,49.6,1.2849740932642486
2026-05-08 07:00:00,38.6,11.0,49.6,1.0,37.6,49.6,1.3191489361702127
2026-05-08 07:30:00,38.6,10.9,49.5,2.0,36.6,49.5,1.3524590163934427
2026-05-08 08:00:00,38.5,11.1,49.6,0.0,38.5,49.6,1.2883116883116883
2026-05-08 08:30:00,38.400000000000006,11.4,49.800000000000004,0.0,38.400000000000006,49.800000000000004,1.296875
2026-05-08 09:00:00,37.8,13.7,51.5,0.0,37.8,51.5,1.3624338624338626
2026-05-08 09:30:00,38.8,16.7,55.5,1.0,37.8,55.5,1.4682539682539684
2026-05-08 10:00:00,38.9,14.1,53.0,0.0,38.9,53.0,1.3624678663239076
2026-05-08 10:30:00,39.0,19.5,58.5,3.0,36.0,58.5,1.625
2026-05-08 11:00:00,41.900000000000006,21.0,62.900000000000006,2.0,39.900000000000006,62.900000000000006,1.576441102756892
2026-05-08 11:30:00,45.099999999999994,21.5,66.6,0.0,45.099999999999994,66.6,1.476718403547672
2026-05-08 12:00:00,64.1,32.3,96.39999999999999,3.0,61.099999999999994,96.39999999999999,1.5777414075286416
2026-05-08 12:30:00,45.8,25.2,71.0,0.0,45.8,71.0,1.5502183406113539
2026-05-08 13:00:00,45.599999999999994,28.0,73.6,3.0,42.599999999999994,73.6,1.727699530516432
2026-05-08 13:30:00,47.2,20.5,67.7,0.0,47.2,67.7,1.4343220338983051
2026-05-08 14:00:00,45.5,33.2,78.7,1.0,44.5,78.7,1.7685393258426967
2026-05-08 14:30:00,42.9,31.4,74.3,0.0,42.9,74.3,1.731934731934732
2026-05-08 15:00:00,42.400000000000006,31.7,74.10000000000001,2.0,40.400000000000006,74.10000000000001,1.834158415841584
2026-05-08 15:30:00,42.5,31.3,73.8,1.0,41.5,73.8,1.7783132530120482
2026-05-08 16:00:00,44.4,30.1,74.5,1.0,43.4,74.5,1.7165898617511521
2026-05-08 16:30:00,40.599999999999994,24.3,64.89999999999999,0.0,40.599999999999994,64.89999999999999,1.5985221674876848
2026-05-08 17:00:00,40.8,24.1,64.9,1.0,39.8,64.9,1.6306532663316586
2026-05-08 17:30:00,41.0,23.6,64.6,0.0,41.0,64.6,1.5756097560975608
2026-05-08 18:00:00,41.1,25.2,66.3,0.0,41.1,66.3,1.6131386861313868
2026-05-08 18:30:00,41.599999999999994,24.5,66.1,2.0,39.599999999999994,66.1,1.6691919191919193
2026-05-08 19:00:00,41.599999999999994,24.9,66.5,2.0,39.599999999999994,66.5,1.6792929292929295
2026-05-08 19:30:00,41.4,23.9,65.3,0.0,41.4,65.3,1.577294685990338
2026-05-08 20:00:00,41.300000000000004,23.6,64.9,0.0,41.300000000000004,64.9,1.5714285714285714
2026-05-08 20:30:00,41.6,23.7,65.3,1.0,40.6,65.3,1.608374384236453
2026-05-08 21:00:00,41.2,23.5,64.7,1.0,40.2,64.7,1.609452736318408
2026-05-08 21:30:00,41.3,22.8,64.1,2.0,39.3,64.1,1.6310432569974553
2026-05-08 22:00:00,41.0,21.8,62.8,0.0,41.0,62.8,1.5317073170731708
2026-05-08 22:30:00,41.0,21.2,62.2,2.0,39.0,62.2,1.594871794871795
2026-05-08 23:00:00,40.7,20.8,61.5,0.0,40.7,61.5,1.5110565110565108
2026-05-08 23:30:00,41.0,20.3,61.3,1.0,40.0,61.3,1.5325
2026-05-09 00:00:00,41.7,20.7,62.400000000000006,0.0,41.7,62.400000000000006,1.4964028776978417
2026-05-09 00:30:00,65.8,28.6,94.4,0.0,65.8,94.4,1.4346504559270519
2026-05-09 01:00:00,40.900000000000006,15.5,56.400000000000006,3.0,37.900000000000006,56.400000000000006,1.488126649076517
2026-05-09 01:30:00,41.199999999999996,15.1,56.3,1.0,40.199999999999996,56.3,1.400497512437811
2026-05-09 02:00:00,41.5,14.4,55.9,1.0,40.5,55.9,1.3802469135802469
2026-05-09 02:30:00,41.5,14.4,55.9,0.0,41.5,55.9,1.346987951807229
2026-05-09 03:00:00,41.3,14.5,55.8,1.0,40.3,55.8,1.3846153846153846
2026-05-09 03:30:00,41.4,14.2,55.599999999999994,0.0,41.4,55.599999999999994,1.3429951690821256
2026-05-09 04:00:00,41.2,14.0,55.2,2.0,39.2,55.2,1.4081632653061225
2026-05-09 04:30:00,41.4,13.9,55.3,0.0,41.4,55.3,1.3357487922705313
2026-05-09 05:00:00,41.1,14.0,55.1,2.0,39.1,55.1,1.4092071611253196
2026-05-09 05:30:00,41.5,13.9,55.4,0.0,41.5,55.4,1.3349397590361445
2026-05-09 06:00:00,41.3,13.8,55.099999999999994,1.0,40.3,55.099999999999994,1.3672456575682381
2026-05-09 06:30:00,41.0,13.8,54.8,0.0,41.0,54.8,1.3365853658536584
2026-05-09 07:00:00,40.7,13.8,54.5,0.0,40.7,54.5,1.3390663390663389
2026-05-09 07:30:00,41.2,13.8,55.0,1.0,40.2,55.0,1.3681592039800994
2026-05-09 08:00:00,40.9,14.2,55.099999999999994,3.0,37.9,55.099999999999994,1.4538258575197889
2026-05-09 08:30:00,41.4,14.9,56.3,1.0,40.4,56.3,1.3935643564356435
2026-05-09 09:00:00,41.0,15.3,56.3,0.0,41.0,56.3,1.373170731707317
2026-05-09 09:30:00,41.199999999999996,17.1,58.3,0.0,41.199999999999996,58.3,1.4150485436893205
2026-05-09 10:00:00,40.7,20.2,60.900000000000006,1.0,39.7,60.900000000000006,1.5340050377833754
2026-05-09 10:30:00,40.9,21.4,62.3,1.0,39.9,62.3,1.5614035087719298
2026-05-09 11:00:00,40.3,22.1,62.4,1.0,39.3,62.4,1.5877862595419847
2026-05-09 11:30:00,41.0,22.8,63.8,2.0,39.0,63.8,1.6358974358974359
2026-05-09 12:00:00,41.0,24.0,65.0,0.0,41.0,65.0,1.5853658536585367
2026-05-09 12:30:00,41.1,24.4,65.5,0.0,41.1,65.5,1.5936739659367396
2026-05-09 13:00:00,41.1,26.2,67.3,1.0,40.1,67.3,1.6783042394014962
2026-05-09 13:30:00,41.5,25.4,66.9,0.0,41.5,66.9,1.6120481927710846
2026-05-09 14:00:00,41.0,25.4,66.4,1.0,40.0,66.4,1.6600000000000001
2026-05-09 14:30:00,41.6,25.7,67.3,2.0,39.6,67.3,1.6994949494949494
2026-05-09 15:00:00,41.2,25.9,67.1,1.0,40.2,67.1,1.669154228855721
2026-05-09 15:30:00,41.5,25.9,67.4,1.0,40.5,67.4,1.6641975308641976
2026-05-09 16:00:00,41.7,25.7,67.4,0.0,41.7,67.4,1.6163069544364508
2026-05-09 16:30:00,42.0,25.5,67.5,1.0,41.0,67.5,1.646341463414634
2026-05-09 17:00:00,41.6,26.0,67.6,0.0,41.6,67.6,1.6249999999999998
2026-05-09 17:30:00,42.0,25.6,67.6,2.0,40.0,67.6,1.69
2026-05-09 18:00:00,41.9,26.6,68.5,1.0,40.9,68.5,1.6748166259168704
2026-05-09 18:30:00,42.0,26.3,68.3,1.0,41.0,68.3,1.6658536585365853
2026-05-09 19:00:00,41.9,26.6,68.5,1.0,40.9,68.5,1.6748166259168704
2026-05-09 19:30:00,41.7,26.2,67.9,1.0,40.7,67.9,1.6683046683046683
2026-05-09 20:00:00,41.300000000000004,23.7,65.0,0.0,41.300000000000004,65.0,1.5738498789346245
2026-05-09 20:30:00,41.2,23.4,64.6,1.0,40.2,64.6,1.606965174129353
2026-05-09 21:00:00,40.8,24.2,65.0,2.0,38.8,65.0,1.675257731958763
2026-05-09 21:30:00,41.3,24.0,65.3,0.0,41.3,65.3,1.5811138014527846
2026-05-09 22:00:00,40.5,23.8,64.3,1.0,39.5,64.3,1.6278481012658228
2026-05-09 22:30:00,40.9,23.8,64.7,0.0,40.9,64.7,1.5819070904645478
2026-05-09 23:00:00,40.9,21.3,62.2,1.0,39.9,62.2,1.5588972431077694
2026-05-09 23:30:00,40.800000000000004,19.9,60.7,0.0,40.800000000000004,60.7,1.4877450980392155
2026-05-10 00:00:00,40.800000000000004,15.8,56.60000000000001,2.0,38.800000000000004,56.60000000000001,1.4587628865979383
2026-05-10 00:30:00,41.2,17.5,58.7,1.0,40.2,58.7,1.4601990049751243
2026-05-10 01:00:00,41.3,16.0,57.3,1.0,40.3,57.3,1.4218362282878412
2026-05-10 01:30:00,41.099999999999994,15.4,56.49999999999999,0.0,41.099999999999994,56.49999999999999,1.3746958637469586
2026-05-10 02:00:00,40.7,14.7,55.400000000000006,1.0,39.7,55.400000000000006,1.3954659949622166
2026-05-10 02:30:00,41.0,14.3,55.3,0.0,41.0,55.3,1.348780487804878
2026-05-10 03:00:00,40.800000000000004,14.2,55.0,1.0,39.800000000000004,55.0,1.3819095477386933
2026-05-10 03:30:00,40.6,14.2,54.8,1.0,39.6,54.8,1.3838383838383836
2026-05-10 04:00:00,40.3,14.0,54.3,1.0,39.3,54.3,1.381679389312977
2026-05-10 04:30:00,40.300000000000004,14.0,54.300000000000004,2.0,38.300000000000004,54.300000000000004,1.4177545691906004
2026-05-10 05:00:00,40.0,14.0,54.0,0.0,40.0,54.0,1.35
2026-05-10 05:30:00,40.8,13.8,54.599999999999994,2.0,38.8,54.599999999999994,1.4072164948453607
2026-05-10 06:00:00,40.300000000000004,14.0,54.300000000000004,0.0,40.300000000000004,54.300000000000004,1.347394540942928
2026-05-10 06:30:00,40.3,13.9,54.199999999999996,2.0,38.3,54.199999999999996,1.4151436031331592
2026-05-10 07:00:00,40.1,13.8,53.900000000000006,1.0,39.1,53.900000000000006,1.3785166240409208
2026-05-10 07:30:00,40.099999999999994,13.8,53.89999999999999,1.0,39.099999999999994,53.89999999999999,1.3785166240409208
2026-05-10 08:00:00,40.2,14.0,54.2,0.0,40.2,54.2,1.3482587064676617
2026-05-10 08:30:00,40.4,14.3,54.7,1.0,39.4,54.7,1.3883248730964468
2026-05-10 09:00:00,40.1,14.8,54.900000000000006,0.0,40.1,54.900000000000006,1.3690773067331672
2026-05-10 09:30:00,40.9,15.3,56.2,1.0,39.9,56.2,1.4085213032581454
2026-05-10 10:00:00,41.0,15.7,56.7,1.0,40.0,56.7,1.4175
2026-05-10 10:30:00,41.0,16.1,57.1,1.0,40.0,57.1,1.4275
2026-05-10 11:00:00,40.8,16.6,57.4,0.0,40.8,57.4,1.4068627450980393
2026-05-10 11:30:00,41.0,16.8,57.8,1.0,40.0,57.8,1.4449999999999998
2026-05-10 12:00:00,40.8,17.1,57.9,1.0,39.8,57.9,1.4547738693467338
2026-05-10 12:30:00,40.8,17.2,58.0,0.0,40.8,58.0,1.4215686274509804
2026-05-10 13:00:00,40.599999999999994,17.1,57.699999999999996,2.0,38.599999999999994,57.699999999999996,1.4948186528497411
2026-05-10 13:30:00,40.5,17.2,57.7,0.0,40.5,57.7,1.4246913580246914
2026-05-10 14:00:00,39.9,17.5,57.4,2.0,37.9,57.4,1.5145118733509235
2026-05-10 14:30:00,40.0,18.0,58.0,0.0,40.0,58.0,1.45
2026-05-10 15:00:00,39.9,17.9,57.8,1.0,38.9,57.8,1.4858611825192802
2026-05-10 15:30:00,40.4,17.6,58.0,0.0,40.4,58.0,1.4356435643564356
2026-05-10 16:00:00,40.6,17.5,58.1,1.0,39.6,58.1,1.4671717171717171
2026-05-10 16:30:00,40.9,17.6,58.5,1.0,39.9,58.5,1.4661654135338347
2026-05-10 17:00:00,40.9,17.8,58.7,1.0,39.9,58.7,1.4711779448621556
2026-05-10 17:30:00,41.0,17.9,58.9,2.0,39.0,58.9,1.5102564102564102
2026-05-10 18:00:00,41.1,17.9,59.0,1.0,40.1,59.0,1.4713216957605983
2026-05-10 18:30:00,41.2,17.8,59.0,0.0,41.2,59.0,1.4320388349514561
2026-05-10 19:00:00,40.9,17.8,58.7,1.0,39.9,58.7,1.4711779448621556
2026-05-10 19:30:00,41.400000000000006,17.7,59.10000000000001,0.0,41.400000000000006,59.10000000000001,1.4275362318840579
2026-05-10 20:00:00,41.6,16.8,58.400000000000006,2.0,39.6,58.400000000000006,1.474747474747475
2026-05-10 20:30:00,41.8,15.3,57.099999999999994,1.0,40.8,57.099999999999994,1.3995098039215685
2026-05-10 21:00:00,41.5,14.4,55.9,1.0,40.5,55.9,1.3802469135802469
2026-05-10 21:30:00,41.6,14.3,55.900000000000006,0.0,41.6,55.900000000000006,1.34375
2026-05-10 22:00:00,41.2,14.1,55.300000000000004,1.0,40.2,55.300000000000004,1.3756218905472637
2026-05-10 22:30:00,41.4,14.0,55.4,1.0,40.4,55.4,1.3712871287128714
2026-05-10 23:00:00,41.0,14.1,55.1,0.0,41.0,55.1,1.3439024390243903
2026-05-10 23:30:00,41.3,13.8,55.099999999999994,1.0,40.3,55.099999999999994,1.3672456575682381
2026-05-11 00:00:00,42.099999999999994,15.5,57.599999999999994,1.0,41.099999999999994,57.599999999999994,1.4014598540145986
2026-05-11 00:30:00,41.1,13.7,54.8,0.0,41.1,54.8,1.3333333333333333
2026-05-11 01:00:00,41.199999999999996,13.8,55.0,1.0,40.199999999999996,55.0,1.3681592039800996
2026-05-11 01:30:00,41.7,13.8,55.5,1.0,40.7,55.5,1.3636363636363635
2026-05-11 02:00:00,40.9,13.7,54.599999999999994,0.0,40.9,54.599999999999994,1.334963325183374
2026-05-11 02:30:00,41.3,13.6,54.9,3.0,38.3,54.9,1.4334203655352482
2026-05-11 03:00:00,41.7,13.5,55.2,1.0,40.7,55.2,1.3562653562653562
2026-05-11 03:30:00,42.2,13.5,55.7,1.0,41.2,55.7,1.3519417475728155
2026-05-11 04:00:00,41.8,13.5,55.3,0.0,41.8,55.3,1.3229665071770336
2026-05-11 04:30:00,42.0,13.5,55.5,1.0,41.0,55.5,1.353658536585366
2026-05-11 05:00:00,41.8,13.5,55.3,0.0,41.8,55.3,1.3229665071770336
2026-05-11 05:30:00,42.099999999999994,13.5,55.599999999999994,0.0,42.099999999999994,55.599999999999994,1.3206650831353919
2026-05-11 06:00:00,42.099999999999994,13.4,55.49999999999999,2.0,40.099999999999994,55.49999999999999,1.3840399002493766
2026-05-11 06:30:00,41.8,13.4,55.199999999999996,2.0,39.8,55.199999999999996,1.3869346733668342
2026-05-11 07:00:00,41.599999999999994,13.5,55.099999999999994,0.0,41.599999999999994,55.099999999999994,1.3245192307692308
2026-05-11 07:30:00,42.099999999999994,13.6,55.699999999999996,1.0,41.099999999999994,55.699999999999996,1.3552311435523114
2026-05-11 08:00:00,42.0,13.8,55.8,1.0,41.0,55.8,1.3609756097560974
2026-05-11 08:30:00,42.3,14.4,56.699999999999996,0.0,42.3,56.699999999999996,1.3404255319148937
2026-05-11 09:00:00,41.9,15.0,56.9,2.0,39.9,56.9,1.4260651629072683
2026-05-11 09:30:00,41.9,15.1,57.0,1.0,40.9,57.0,1.3936430317848412
2026-05-11 10:00:00,41.7,15.2,56.900000000000006,1.0,40.7,56.900000000000006,1.398034398034398
2026-05-11 10:30:00,42.0,15.3,57.3,0.0,42.0,57.3,1.3642857142857143
2026-05-11 11:00:00,58.400000000000006,21.3,79.7,1.0,57.400000000000006,79.7,1.3885017421602786
2026-05-11 11:30:00,42.099999999999994,15.0,57.099999999999994,1.0,41.099999999999994,57.099999999999994,1.389294403892944
2026-05-11 12:00:00,42.0,15.4,57.4,0.0,42.0,57.4,1.3666666666666667
2026-05-11 12:30:00,41.7,15.5,57.2,1.0,40.7,57.2,1.4054054054054055
2026-05-11 13:00:00,41.5,15.2,56.7,1.0,40.5,56.7,1.4000000000000001
2026-05-11 13:30:00,41.9,15.0,56.9,1.0,40.9,56.9,1.39119804400978
2026-05-11 14:00:00,41.8,15.3,57.099999999999994,1.0,40.8,57.099999999999994,1.3995098039215685
2026-05-11 14:30:00,42.3,15.8,58.099999999999994,1.0,41.3,58.099999999999994,1.4067796610169492
2026-05-11 15:00:00,42.400000000000006,16.6,59.00000000000001,0.0,42.400000000000006,59.00000000000001,1.3915094339622642
2026-05-11 15:30:00,42.3,17.6,59.9,2.0,40.3,59.9,1.4863523573200994
2026-05-11 16:00:00,42.1,18.1,60.2,1.0,41.1,60.2,1.464720194647202
2026-05-11 16:30:00,42.4,19.1,61.5,1.0,41.4,61.5,1.4855072463768118
2026-05-11 17:00:00,42.199999999999996,20.0,62.199999999999996,0.0,42.199999999999996,62.199999999999996,1.4739336492890995
2026-05-11 17:30:00,42.0,20.5,62.5,1.0,41.0,62.5,1.524390243902439
2026-05-11 18:00:00,41.8,18.9,60.699999999999996,0.0,41.8,60.699999999999996,1.4521531100478469
2026-05-11 18:30:00,42.4,20.2,62.599999999999994,1.0,41.4,62.599999999999994,1.5120772946859902
2026-05-11 19:00:00,42.0,18.5,60.5,2.0,40.0,60.5,1.5125
2026-05-11 19:30:00,42.0,16.9,58.9,1.0,41.0,58.9,1.4365853658536585
2026-05-11 20:00:00,41.6,16.0,57.6,0.0,41.6,57.6,1.3846153846153846
2026-05-11 20:30:00,41.800000000000004,15.4,57.2,1.0,40.800000000000004,57.2,1.4019607843137254
2026-05-11 21:00:00,41.6,14.3,55.900000000000006,1.0,40.6,55.900000000000006,1.3768472906403941
2026-05-11 21:30:00,41.3,16.2,57.5,0.0,41.3,57.5,1.3922518159806296
2026-05-11 22:00:00,41.3,18.3,59.599999999999994,2.0,39.3,59.599999999999994,1.5165394402035624
2026-05-11 22:30:00,41.8,16.6,58.4,1.0,40.8,58.4,1.4313725490196079
2026-05-11 23:00:00,41.5,12.8,54.3,1.0,40.5,54.3,1.3407407407407406
2026-05-11 23:30:00,41.9,12.8,54.7,0.0,41.9,54.7,1.3054892601431982
2026-05-12 00:00:00,69.3,32.5,101.8,2.0,67.3,101.8,1.512630014858841
2026-05-12 00:30:00,67.30000000000001,27.0,94.30000000000001,1.0,66.30000000000001,94.30000000000001,1.4223227752639516
2026-05-12 01:00:00,41.699999999999996,12.6,54.3,0.0,41.699999999999996,54.3,1.302158273381295
2026-05-12 01:30:00,42.0,14.5,56.5,1.0,41.0,56.5,1.3780487804878048
2026-05-12 02:00:00,41.5,17.9,59.4,1.0,40.5,59.4,1.4666666666666666
2026-05-12 02:30:00,41.5,17.0,58.5,0.0,41.5,58.5,1.4096385542168675
2026-05-12 03:00:00,40.9,12.1,53.0,0.0,40.9,53.0,1.2958435207823962
2026-05-12 03:30:00,41.4,12.4,53.8,1.0,40.4,53.8,1.3316831683168318
2026-05-12 04:00:00,41.099999999999994,14.9,55.99999999999999,1.0,40.099999999999994,55.99999999999999,1.3965087281795512
2026-05-12 04:30:00,41.4,17.2,58.599999999999994,0.0,41.4,58.599999999999994,1.4154589371980675
2026-05-12 05:00:00,41.1,16.0,57.1,2.0,39.1,57.1,1.4603580562659846
2026-05-12 05:30:00,41.5,12.2,53.7,2.0,39.5,53.7,1.359493670886076
2026-05-12 06:00:00,41.5,12.3,53.8,0.0,41.5,53.8,1.2963855421686745
2026-05-12 06:30:00,41.5,14.1,55.6,0.0,41.5,55.6,1.3397590361445784
2026-05-12 07:00:00,41.0,16.3,57.3,2.0,39.0,57.3,1.4692307692307691
2026-05-12 07:30:00,41.400000000000006,15.7,57.10000000000001,0.0,41.400000000000006,57.10000000000001,1.3792270531400965
2026-05-12 08:00:00,40.900000000000006,13.2,54.10000000000001,0.0,40.900000000000006,54.10000000000001,1.3227383863080684
2026-05-12 08:30:00,41.400000000000006,12.2,53.60000000000001,1.0,40.400000000000006,53.60000000000001,1.3267326732673268
2026-05-12 09:00:00,41.3,13.8,55.099999999999994,2.0,39.3,55.099999999999994,1.4020356234096691
2026-05-12 09:30:00,41.199999999999996,19.3,60.5,0.0,41.199999999999996,60.5,1.4684466019417477
2026-05-12 10:00:00,40.9,18.5,59.4,0.0,40.9,59.4,1.452322738386308
2026-05-12 10:30:00,43.3,19.5,62.8,8.0,35.3,62.8,1.7790368271954675
2026-05-12 11:00:00,62.8,16.6,79.4,5.0,57.8,79.4,1.373702422145329
2026-05-12 11:30:00,89.80000000000001,32.4,122.20000000000002,5.0,84.80000000000001,122.20000000000002,1.4410377358490567
2026-05-12 12:00:00,92.80000000000001,39.0,131.8,7.0,85.80000000000001,131.8,1.536130536130536
2026-05-12 12:30:00,93.2,42.3,135.5,3.0,90.2,135.5,1.5022172949002217
2026-05-12 13:00:00,92.3,50.9,143.2,7.0,85.3,143.2,1.678780773739742
2026-05-12 13:30:00,90.3,46.8,137.1,2.0,88.3,137.1,1.552661381653454
2026-05-12 14:00:00,87.5,47.1,134.6,8.0,79.5,134.6,1.6930817610062892
2026-05-12 14:30:00,88.9,46.6,135.5,6.0,82.9,135.5,1.6344993968636912
2026-05-12 15:00:00,90.8,48.3,139.1,4.0,86.8,139.1,1.6025345622119815
2026-05-12 15:30:00,92.4,49.5,141.9,7.0,85.4,141.9,1.661592505854801
2026-05-12 16:00:00,92.9,50.8,143.7,3.0,89.9,143.7,1.5984427141268074
2026-05-12 16:30:00,92.2,51.2,143.4,7.0,85.2,143.4,1.6830985915492958
2026-05-12 17:00:00,91.69999999999999,53.2,144.89999999999998,3.0,88.69999999999999,144.89999999999998,1.6335963923337091
2026-05-12 17:30:00,92.1,48.4,140.5,7.0,85.1,140.5,1.6509988249118686
2026-05-12 18:00:00,92.5,48.7,141.2,7.0,85.5,141.2,1.6514619883040935
2026-05-12 18:30:00,92.8,49.4,142.2,3.0,89.8,142.2,1.5835189309576836
2026-05-12 19:00:00,92.5,54.0,146.5,7.0,85.5,146.5,1.713450292397661
2026-05-12 19:30:00,92.7,48.9,141.6,4.0,88.7,141.6,1.5963923337091317
2026-05-12 20:00:00,92.7,48.1,140.8,7.0,85.7,140.8,1.6429404900816804
2026-05-12 20:30:00,93.0,46.9,139.9,7.0,86.0,139.9,1.6267441860465117
2026-05-12 21:00:00,92.7,49.4,142.1,3.0,89.7,142.1,1.584169453734671
2026-05-12 21:30:00,92.6,46.2,138.8,8.0,84.6,138.8,1.640661938534279
2026-05-12 22:00:00,92.5,46.7,139.2,5.0,87.5,139.2,1.5908571428571427
2026-05-12 22:30:00,92.5,46.8,139.3,6.0,86.5,139.3,1.6104046242774568
2026-05-12 23:00:00,92.2,46.6,138.8,8.0,84.2,138.8,1.648456057007126
2026-05-12 23:30:00,92.1,45.3,137.39999999999998,2.0,90.1,137.39999999999998,1.524972253052164
2026-05-13 00:00:00,91.5,33.2,124.7,7.0,84.5,124.7,1.4757396449704143
2026-05-13 00:30:00,91.0,39.9,130.9,5.0,86.0,130.9,1.522093023255814
2026-05-13 01:00:00,90.60000000000001,36.7,127.30000000000001,5.0,85.60000000000001,127.30000000000001,1.4871495327102804
2026-05-13 01:30:00,90.60000000000001,33.6,124.20000000000002,7.0,83.60000000000001,124.20000000000002,1.485645933014354
2026-05-13 02:00:00,90.3,31.8,122.1,3.0,87.3,122.1,1.3986254295532645
2026-05-13 02:30:00,90.7,30.6,121.30000000000001,7.0,83.7,121.30000000000001,1.4492234169653526
2026-05-13 03:00:00,91.0,30.1,121.1,6.0,85.0,121.1,1.424705882352941
2026-05-13 03:30:00,91.30000000000001,29.5,120.80000000000001,5.0,86.30000000000001,120.80000000000001,1.399768250289687
2026-05-13 04:00:00,91.1,29.0,120.1,7.0,84.1,120.1,1.4280618311533888
2026-05-13 04:30:00,91.19999999999999,28.7,119.89999999999999,3.0,88.19999999999999,119.89999999999999,1.3594104308390023
2026-05-13 05:00:00,91.60000000000001,28.8,120.4,7.0,84.60000000000001,120.4,1.4231678486997634
2026-05-13 05:30:00,91.7,28.8,120.5,5.0,86.7,120.5,1.389850057670127
2026-05-13 06:00:00,91.0,28.8,119.8,5.0,86.0,119.8,1.3930232558139535
2026-05-13 06:30:00,91.19999999999999,28.6,119.79999999999998,7.0,84.19999999999999,119.79999999999998,1.4228028503562946
2026-05-13 07:00:00,91.1,28.9,120.0,3.0,88.1,120.0,1.3620885357548242
2026-05-13 07:30:00,90.9,29.2,120.10000000000001,8.0,82.9,120.10000000000001,1.4487334137515078
2026-05-13 08:00:00,90.5,30.0,120.5,5.0,85.5,120.5,1.409356725146199
2026-05-13 08:30:00,91.10000000000001,30.7,121.80000000000001,6.0,85.10000000000001,121.80000000000001,1.4312573443008225
2026-05-13 09:00:00,90.9,31.6,122.5,6.0,84.9,122.5,1.442873969375736
2026-05-13 09:30:00,91.00000000000001,31.6,122.60000000000002,4.0,87.00000000000001,122.60000000000002,1.4091954022988507
2026-05-13 10:00:00,90.7,31.8,122.5,7.0,83.7,122.5,1.4635603345280763
2026-05-13 10:30:00,90.99999999999999,32.5,123.49999999999999,3.0,87.99999999999999,123.49999999999999,1.403409090909091
2026-05-13 11:00:00,90.9,34.9,125.80000000000001,7.0,83.9,125.80000000000001,1.499404052443385
2026-05-13 11:30:00,91.1,30.6,121.69999999999999,5.0,86.1,121.69999999999999,1.413472706155633
2026-05-13 12:00:00,91.0,30.9,121.9,6.0,85.0,121.9,1.4341176470588235
2026-05-13 12:30:00,91.4,34.2,125.60000000000001,6.0,85.4,125.60000000000001,1.4707259953161593
2026-05-13 13:00:00,90.6,36.1,126.69999999999999,4.0,86.6,126.69999999999999,1.4630484988452654
2026-05-13 13:30:00,90.89999999999999,36.4,127.29999999999998,7.0,83.89999999999999,127.29999999999998,1.5172824791418356
2026-05-13 14:00:00,91.19999999999999,36.5,127.69999999999999,3.0,88.19999999999999,127.69999999999999,1.4478458049886622
2026-05-13 14:30:00,90.39999999999999,36.8,127.19999999999999,6.0,84.39999999999999,127.19999999999999,1.5071090047393365
2026-05-13 15:00:00,91.1,35.1,126.19999999999999,6.0,85.1,126.19999999999999,1.4829612220916568
2026-05-13 15:30:00,92.7,34.7,127.4,5.0,87.7,127.4,1.4526795895096922
2026-05-13 16:00:00,93.2,34.9,128.1,8.0,85.2,128.1,1.5035211267605633
2026-05-13 16:30:00,93.0,34.9,127.9,5.0,88.0,127.9,1.4534090909090909
2026-05-13 17:00:00,93.10000000000001,36.4,129.5,5.0,88.10000000000001,129.5,1.4699205448354142
2026-05-13 17:30:00,93.5,39.0,132.5,7.0,86.5,132.5,1.5317919075144508
2026-05-13 18:00:00,93.0,37.5,130.5,3.0,90.0,130.5,1.45
2026-05-13 18:30:00,92.69999999999999,36.0,128.7,7.0,85.69999999999999,128.7,1.5017502917152858
2026-05-13 19:00:00,92.30000000000001,35.9,128.20000000000002,6.0,86.30000000000001,128.20000000000002,1.4855156431054461
2026-05-13 19:30:00,92.7,35.6,128.3,6.0,86.7,128.3,1.4798154555940024
2026-05-13 20:00:00,92.30000000000001,35.7,128.0,6.0,86.30000000000001,128.0,1.4831981460023174
2026-05-13 20:30:00,92.1,35.4,127.5,3.0,89.1,127.5,1.430976430976431
2026-05-13 21:00:00,91.4,35.0,126.4,7.0,84.4,126.4,1.4976303317535544
2026-05-13 21:30:00,92.1,34.6,126.69999999999999,5.0,87.1,126.69999999999999,1.4546498277841562
2026-05-13 22:00:00,92.5,32.2,124.7,7.0,85.5,124.7,1.4584795321637427
2026-05-13 22:30:00,92.9,30.2,123.10000000000001,6.0,86.9,123.10000000000001,1.4165707710011508
2026-05-13 23:00:00,92.80000000000001,29.8,122.60000000000001,6.0,86.80000000000001,122.60000000000001,1.4124423963133639
2026-05-13 23:30:00,93.0,28.8,121.8,6.0,87.0,121.8,1.4
2026-05-14 00:00:00,94.0,31.8,125.8,6.0,88.0,125.8,1.4295454545454545
2026-05-14 00:30:00,92.6,27.7,120.3,4.0,88.6,120.3,1.3577878103837473
2026-05-14 01:00:00,92.10000000000001,27.4,119.5,7.0,85.10000000000001,119.5,1.4042303172737953
2026-05-14 01:30:00,92.9,27.6,120.5,8.0,84.9,120.5,1.4193168433451118
2026-05-14 02:00:00,93.0,27.7,120.7,3.0,90.0,120.7,1.3411111111111111
2026-05-14 02:30:00,93.1,27.5,120.6,7.0,86.1,120.6,1.4006968641114983
2026-05-14 03:00:00,93.29999999999998,27.4,120.69999999999999,6.0,87.29999999999998,120.69999999999999,1.3825887743413519
2026-05-14 03:30:00,93.5,27.2,120.7,5.0,88.5,120.7,1.3638418079096046
2026-05-14 04:00:00,93.30000000000001,27.3,120.60000000000001,6.0,87.30000000000001,120.60000000000001,1.3814432989690721
2026-05-14 04:30:00,92.9,27.2,120.10000000000001,5.0,87.9,120.10000000000001,1.366325369738339
2026-05-14 05:00:00,92.2,26.6,118.80000000000001,8.0,84.2,118.80000000000001,1.4109263657957245
2026-05-14 05:30:00,92.4,26.5,118.9,7.0,85.4,118.9,1.392271662763466
2026-05-14 06:00:00,92.3,26.5,118.8,5.0,87.3,118.8,1.3608247422680413
2026-05-14 06:30:00,92.39999999999999,26.5,118.89999999999999,6.0,86.39999999999999,118.89999999999999,1.3761574074074074
2026-05-14 07:00:00,93.0,26.7,119.7,7.0,86.0,119.7,1.3918604651162791
2026-05-14 07:30:00,93.4,26.8,120.2,4.0,89.4,120.2,1.3445190156599551
2026-05-14 08:00:00,93.7,26.8,120.5,6.0,87.7,120.5,1.3740022805017102
2026-05-14 08:30:00,93.7,26.9,120.6,7.0,86.7,120.6,1.3910034602076125
2026-05-14 09:00:00,93.1,26.8,119.89999999999999,4.0,89.1,119.89999999999999,1.345679012345679
2026-05-14 09:30:00,93.6,26.8,120.39999999999999,7.0,86.6,120.39999999999999,1.3903002309468822
2026-05-14 10:00:00,93.80000000000001,27.1,120.9,6.0,87.80000000000001,120.9,1.3769931662870158
2026-05-14 10:30:00,93.2,27.0,120.2,5.0,88.2,120.2,1.3628117913832198
2026-05-14 11:00:00,93.1,28.0,121.1,6.0,87.1,121.1,1.3903559127439724
2026-05-14 11:30:00,93.7,29.7,123.4,6.0,87.7,123.4,1.4070695553021666
2026-05-14 12:00:00,94.1,30.3,124.39999999999999,7.0,87.1,124.39999999999999,1.4282433983926521
2026-05-14 12:30:00,94.30000000000001,29.8,124.10000000000001,6.0,88.30000000000001,124.10000000000001,1.405436013590034
2026-05-14 13:00:00,93.9,31.0,124.9,6.0,87.9,124.9,1.4209328782707622
2026-05-14 13:30:00,94.5,32.2,126.7,6.0,88.5,126.7,1.431638418079096
2026-05-14 14:00:00,94.2,32.9,127.1,8.0,86.2,127.1,1.4744779582366587
2026-05-14 14:30:00,94.89999999999999,34.0,128.89999999999998,5.0,89.89999999999999,128.89999999999998,1.4338153503893214
2026-05-14 15:00:00,95.30000000000001,35.5,130.8,6.0,89.30000000000001,130.8,1.4647256438969765
2026-05-14 15:30:00,95.2,37.5,132.7,7.0,88.2,132.7,1.50453514739229
2026-05-14 16:00:00,95.10000000000001,39.5,134.60000000000002,7.0,88.10000000000001,134.60000000000002,1.5278093076049943
2026-05-14 16:30:00,95.1,39.9,135.0,5.0,90.1,135.0,1.498335183129856
2026-05-14 17:00:00,95.2,44.8,140.0,7.0,88.2,140.0,1.5873015873015872
2026-05-14 17:30:00,94.8,49.7,144.5,5.0,89.8,144.5,1.6091314031180401
2026-05-14 18:00:00,94.89999999999999,46.6,141.5,5.0,89.89999999999999,141.5,1.5739710789766408
2026-05-14 18:30:00,95.1,39.8,134.89999999999998,9.0,86.1,134.89999999999998,1.5667828106852495
2026-05-14 19:00:00,95.0,39.3,134.3,6.0,89.0,134.3,1.508988764044944
2026-05-14 19:30:00,95.69999999999999,38.7,134.39999999999998,5.0,90.69999999999999,134.39999999999998,1.4818081587651597
2026-05-14 20:00:00,95.9,37.1,133.0,7.0,88.9,133.0,1.4960629921259843
2026-05-14 20:30:00,96.0,35.6,131.6,7.0,89.0,131.6,1.4786516853932583
2026-05-14 21:00:00,96.4,35.1,131.5,5.0,91.4,131.5,1.4387308533916847
2026-05-14 21:30:00,96.0,35.0,131.0,6.0,90.0,131.0,1.4555555555555555
2026-05-14 22:00:00,95.4,33.8,129.2,9.0,86.4,129.2,1.4953703703703702
2026-05-14 22:30:00,95.3,32.3,127.6,5.0,90.3,127.6,1.4130675526024363
2026-05-14 23:00:00,95.0,30.8,125.8,5.0,90.0,125.8,1.3977777777777778
2026-05-14 23:30:00,95.5,30.1,125.6,8.0,87.5,125.6,1.4354285714285713
2026-05-15 00:00:00,95.4,36.6,132.0,6.0,89.4,132.0,1.4765100671140938
2026-05-15 00:30:00,95.2,28.4,123.6,5.0,90.2,123.6,1.3702882483370287
2026-05-15 01:00:00,94.80000000000001,27.8,122.60000000000001,8.0,86.80000000000001,122.60000000000001,1.4124423963133639
2026-05-15 01:30:00,95.30000000000001,28.3,123.60000000000001,6.0,89.30000000000001,123.60000000000001,1.3840985442329226
2026-05-15 02:00:00,95.6,27.6,123.19999999999999,5.0,90.6,123.19999999999999,1.359823399558499
2026-05-15 02:30:00,96.1,27.6,123.69999999999999,8.0,88.1,123.69999999999999,1.4040862656072643
2026-05-15 03:00:00,95.5,27.6,123.1,8.0,87.5,123.1,1.4068571428571428
2026-05-15 03:30:00,96.1,27.3,123.39999999999999,6.0,90.1,123.39999999999999,1.3695893451720311
2026-05-15 04:00:00,96.7,27.2,123.9,5.0,91.7,123.9,1.3511450381679388
2026-05-15 04:30:00,96.4,27.4,123.80000000000001,9.0,87.4,123.80000000000001,1.4164759725400458
2026-05-15 05:00:00,96.4,27.2,123.60000000000001,6.0,90.4,123.60000000000001,1.3672566371681416
2026-05-15 05:30:00,96.39999999999999,26.9,123.29999999999998,3.0,93.39999999999999,123.29999999999998,1.3201284796573876
2026-05-15 06:00:00,96.00000000000001,26.9,122.9,9.0,87.00000000000001,122.9,1.4126436781609193
2026-05-15 06:30:00,96.29999999999998,26.9,123.19999999999999,6.0,90.29999999999998,123.19999999999999,1.364341085271318
2026-05-15 07:00:00,96.29999999999998,27.0,123.29999999999998,5.0,91.29999999999998,123.29999999999998,1.3504928806133627
2026-05-15 07:30:00,96.3,27.4,123.69999999999999,8.0,88.3,123.69999999999999,1.4009060022650055
2026-05-15 08:00:00,95.1,27.0,122.1,7.0,88.1,122.1,1.3859250851305336
2026-05-15 08:30:00,95.60000000000001,27.7,123.30000000000001,3.0,92.60000000000001,123.30000000000001,1.3315334773218142
2026-05-15 09:00:00,95.6,28.8,124.39999999999999,8.0,87.6,124.39999999999999,1.4200913242009132
2026-05-15 09:30:00,96.30000000000001,29.2,125.50000000000001,7.0,89.30000000000001,125.50000000000001,1.4053751399776035
2026-05-15 10:00:00,95.8,29.8,125.6,4.0,91.8,125.6,1.3681917211328976
2026-05-15 10:30:00,95.89999999999999,29.5,125.39999999999999,7.0,88.89999999999999,125.39999999999999,1.4105736782902139
2026-05-15 11:00:00,95.5,29.8,125.3,7.0,88.5,125.3,1.415819209039548
2026-05-15 11:30:00,95.8,30.6,126.4,5.0,90.8,126.4,1.392070484581498
2026-05-15 12:00:00,96.49999999999999,32.1,128.6,6.0,90.49999999999999,128.6,1.4209944751381216
2026-05-15 12:30:00,96.4,34.0,130.4,8.0,88.4,130.4,1.4751131221719456
2026-05-15 13:00:00,96.19999999999999,35.4,131.6,7.0,89.19999999999999,131.6,1.4753363228699552
2026-05-15 13:30:00,96.69999999999999,37.0,133.7,5.0,91.69999999999999,133.7,1.4580152671755726
2026-05-15 14:00:00,96.2,39.7,135.9,9.0,87.2,135.9,1.55848623853211
2026-05-15 14:30:00,96.0,42.9,138.9,4.0,92.0,138.9,1.5097826086956523
2026-05-15 15:00:00,94.69999999999999,52.1,146.79999999999998,5.0,89.69999999999999,146.79999999999998,1.6365663322185062
2026-05-15 15:30:00,95.0,47.0,142.0,7.0,88.0,142.0,1.6136363636363635
2026-05-15 16:00:00,94.5,48.6,143.1,4.0,90.5,143.1,1.5812154696132596
2026-05-15 16:30:00,94.5,52.1,146.6,8.0,86.5,146.6,1.6947976878612716
2026-05-15 17:00:00,94.6,49.6,144.2,6.0,88.6,144.2,1.6275395033860045
2026-05-15 17:30:00,94.30000000000001,54.4,148.70000000000002,3.0,91.30000000000001,148.70000000000002,1.6286966046002191
2026-05-15 18:00:00,94.1,47.5,141.6,9.0,85.1,141.6,1.663924794359577
2026-05-15 18:30:00,95.3,50.3,145.6,6.0,89.3,145.6,1.6304591265397537
2026-05-15 19:00:00,94.9,53.2,148.10000000000002,3.0,91.9,148.10000000000002,1.6115342763873777
2026-05-15 19:30:00,95.0,48.2,143.2,7.0,88.0,143.2,1.6272727272727272
2026-05-15 20:00:00,94.4,48.9,143.3,8.0,86.4,143.3,1.6585648148148149
2026-05-15 20:30:00,95.4,49.1,144.5,4.0,91.4,144.5,1.5809628008752734
2026-05-15 21:00:00,95.20000000000002,48.8,144.0,6.0,89.20000000000002,144.0,1.6143497757847531
2026-05-15 21:30:00,95.3,47.9,143.2,8.0,87.3,143.2,1.6403207331042382
2026-05-15 22:00:00,95.0,47.1,142.1,4.0,91.0,142.1,1.5615384615384615
2026-05-15 22:30:00,94.5,42.9,137.4,6.0,88.5,137.4,1.552542372881356
2026-05-15 23:00:00,93.69999999999999,38.9,132.6,7.0,86.69999999999999,132.6,1.5294117647058825
2026-05-15 23:30:00,93.79999999999998,35.8,129.59999999999997,5.0,88.79999999999998,129.59999999999997,1.4594594594594594
2026-05-16 00:00:00,93.4,39.1,132.5,7.0,86.4,132.5,1.5335648148148147
2026-05-16 00:30:00,94.0,31.5,125.5,5.0,89.0,125.5,1.4101123595505618
2026-05-16 01:00:00,93.7,30.6,124.30000000000001,7.0,86.7,124.30000000000001,1.4336793540945791
2026-05-16 01:30:00,94.10000000000001,29.8,123.9,6.0,88.10000000000001,123.9,1.4063564131668558
2026-05-16 02:00:00,94.0,29.1,123.1,5.0,89.0,123.1,1.3831460674157303
2026-05-16 02:30:00,94.4,28.5,122.9,8.0,86.4,122.9,1.4224537037037037
2026-05-16 03:00:00,94.0,27.9,121.9,6.0,88.0,121.9,1.3852272727272728
2026-05-16 03:30:00,94.6,27.7,122.3,5.0,89.6,122.3,1.3649553571428572
2026-05-16 04:00:00,94.6,27.3,121.89999999999999,7.0,87.6,121.89999999999999,1.3915525114155252
2026-05-16 04:30:00,94.6,27.2,121.8,6.0,88.6,121.8,1.3747178329571106
2026-05-16 05:00:00,94.3,26.9,121.19999999999999,4.0,90.3,121.19999999999999,1.3421926910299002
2026-05-16 05:30:00,93.9,26.8,120.7,8.0,85.9,120.7,1.4051222351571595
2026-05-16 06:00:00,93.5,26.4,119.9,7.0,86.5,119.9,1.386127167630058
2026-05-16 06:30:00,93.1,26.8,119.89999999999999,3.0,90.1,119.89999999999999,1.3307436182019978
2026-05-16 07:00:00,92.1,26.5,118.6,6.0,86.1,118.6,1.3774680603948897
2026-05-16 07:30:00,92.80000000000001,27.1,119.9,9.0,83.80000000000001,119.9,1.4307875894988065
2026-05-16 08:00:00,93.1,28.5,121.6,3.0,90.1,121.6,1.3496115427302997
2026-05-16 08:30:00,93.29999999999998,29.2,122.49999999999999,7.0,86.29999999999998,122.49999999999999,1.4194669756662806
2026-05-16 09:00:00,93.1,29.7,122.8,8.0,85.1,122.8,1.4430082256169214
2026-05-16 09:30:00,93.80000000000001,30.9,124.70000000000002,4.0,89.80000000000001,124.70000000000002,1.388641425389755
2026-05-16 10:00:00,94.3,32.6,126.9,6.0,88.3,126.9,1.4371460928652322
2026-05-16 10:30:00,94.69999999999999,32.9,127.6,9.0,85.69999999999999,127.6,1.488914819136523
2026-05-16 11:00:00,94.69999999999999,35.1,129.79999999999998,3.0,91.69999999999999,129.79999999999998,1.415485278080698
2026-05-16 11:30:00,94.69999999999999,37.9,132.6,7.0,87.69999999999999,132.6,1.5119726339794757
2026-05-16 12:00:00,93.39999999999999,42.3,135.7,6.0,87.39999999999999,135.7,1.5526315789473684
2026-05-16 12:30:00,93.3,52.0,145.3,3.0,90.3,145.3,1.6090808416389812
2026-05-16 13:00:00,92.7,47.6,140.3,9.0,83.7,140.3,1.6762246117084827
2026-05-16 13:30:00,92.79999999999998,49.6,142.39999999999998,2.0,90.79999999999998,142.39999999999998,1.5682819383259912
2026-05-16 14:00:00,92.5,56.8,149.3,7.0,85.5,149.3,1.7461988304093568
2026-05-16 14:30:00,92.6,46.8,139.39999999999998,6.0,86.6,139.39999999999998,1.6096997690531176
2026-05-16 15:00:00,92.5,53.0,145.5,3.0,89.5,145.5,1.6256983240223464
2026-05-16 15:30:00,92.1,49.2,141.3,9.0,83.1,141.3,1.700361010830325
2026-05-16 16:00:00,92.4,50.7,143.10000000000002,3.0,89.4,143.10000000000002,1.6006711409395975
2026-05-16 16:30:00,92.6,52.8,145.39999999999998,7.0,85.6,145.39999999999998,1.6985981308411213
2026-05-16 17:00:00,92.7,51.3,144.0,7.0,85.7,144.0,1.6802800466744456
2026-05-16 17:30:00,93.60000000000001,48.6,142.20000000000002,4.0,89.60000000000001,142.20000000000002,1.5870535714285714
2026-05-16 18:00:00,94.0,49.7,143.7,7.0,87.0,143.7,1.6517241379310343
2026-05-16 18:30:00,94.5,49.6,144.1,7.0,87.5,144.1,1.6468571428571428
2026-05-16 19:00:00,94.30000000000001,48.8,143.10000000000002,3.0,91.30000000000001,143.10000000000002,1.5673603504928806
2026-05-16 19:30:00,94.4,48.2,142.60000000000002,9.0,85.4,142.60000000000002,1.6697892271662764
2026-05-16 20:00:00,93.5,48.2,141.7,4.0,89.5,141.7,1.583240223463687
2026-05-16 20:30:00,93.5,47.6,141.1,5.0,88.5,141.1,1.5943502824858757
2026-05-16 21:00:00,93.2,47.1,140.3,9.0,84.2,140.3,1.666270783847981
2026-05-16 21:30:00,93.2,47.3,140.5,5.0,88.2,140.5,1.59297052154195
2026-05-16 22:00:00,92.9,47.0,139.9,6.0,86.9,139.9,1.6098964326812428
2026-05-16 22:30:00,92.39999999999999,46.3,138.7,7.0,85.39999999999999,138.7,1.624121779859485
2026-05-16 23:00:00,92.2,43.6,135.8,2.0,90.2,135.8,1.5055432372505544
2026-05-16 23:30:00,91.99999999999999,42.0,134.0,9.0,82.99999999999999,134.0,1.6144578313253015
2026-05-17 00:00:00,92.80000000000001,42.4,135.20000000000002,5.0,87.80000000000001,135.20000000000002,1.539863325740319
2026-05-17 00:30:00,92.2,39.2,131.4,4.0,88.2,131.4,1.489795918367347
2026-05-17 01:00:00,92.4,37.5,129.9,9.0,83.4,129.9,1.5575539568345322
2026-05-17 01:30:00,92.6,36.3,128.89999999999998,4.0,88.6,128.89999999999998,1.4548532731376973
2026-05-17 02:00:00,92.80000000000001,35.0,127.80000000000001,5.0,87.80000000000001,127.80000000000001,1.4555808656036446
2026-05-17 02:30:00,93.4,34.7,128.10000000000002,7.0,86.4,128.10000000000002,1.482638888888889
2026-05-17 03:00:00,93.60000000000001,32.9,126.5,4.0,89.60000000000001,126.5,1.411830357142857
2026-05-17 03:30:00,94.39999999999999,31.9,126.29999999999998,7.0,87.39999999999999,126.29999999999998,1.4450800915331807
2026-05-17 04:00:00,94.5,31.6,126.1,6.0,88.5,126.1,1.424858757062147
2026-05-17 04:30:00,94.10000000000001,31.2,125.30000000000001,4.0,90.10000000000001,125.30000000000001,1.390677025527192
2026-05-17 05:00:00,93.5,30.8,124.3,8.0,85.5,124.3,1.4538011695906432
2026-05-17 05:30:00,92.80000000000001,30.3,123.10000000000001,5.0,87.80000000000001,123.10000000000001,1.4020501138952164
2026-05-17 06:00:00,92.5,30.2,122.7,4.0,88.5,122.7,1.3864406779661018
2026-05-17 06:30:00,92.5,29.9,122.4,10.0,82.5,122.4,1.4836363636363636
2026-05-17 07:00:00,92.6,30.0,122.6,4.0,88.6,122.6,1.3837471783295712
2026-05-17 07:30:00,92.4,30.3,122.7,5.0,87.4,122.7,1.4038901601830662
2026-05-17 08:00:00,92.4,30.8,123.2,9.0,83.4,123.2,1.4772182254196642
2026-05-17 08:30:00,92.70000000000002,31.7,124.40000000000002,4.0,88.70000000000002,124.40000000000002,1.4024802705749717
2026-05-17 09:00:00,93.1,32.7,125.8,7.0,86.1,125.8,1.4610917537746806
2026-05-17 09:30:00,92.89999999999999,33.8,126.69999999999999,6.0,86.89999999999999,126.69999999999999,1.4579976985040277
2026-05-17 10:00:00,92.39999999999999,36.3,128.7,4.0,88.39999999999999,128.7,1.4558823529411764
2026-05-17 10:30:00,93.0,38.1,131.1,9.0,84.0,131.1,1.5607142857142857
2026-05-17 11:00:00,92.5,41.1,133.6,4.0,88.5,133.6,1.5096045197740113
2026-05-17 11:30:00,92.69999999999999,51.3,144.0,5.0,87.69999999999999,144.0,1.6419612314709238
2026-05-17 12:00:00,93.0,48.7,141.7,7.0,86.0,141.7,1.647674418604651
2026-05-17 12:30:00,93.39999999999999,50.0,143.39999999999998,3.0,90.39999999999999,143.39999999999998,1.5862831858407078
2026-05-17 13:00:00,92.8,52.7,145.5,8.0,84.8,145.5,1.715801886792453
2026-05-17 13:30:00,92.19999999999999,49.3,141.5,4.0,88.19999999999999,141.5,1.604308390022676
2026-05-17 14:00:00,92.0,54.3,146.3,5.0,87.0,146.3,1.681609195402299
2026-05-17 14:30:00,92.39999999999999,47.6,140.0,6.0,86.39999999999999,140.0,1.6203703703703705
2026-05-17 15:00:00,91.30000000000001,53.2,144.5,4.0,87.30000000000001,144.5,1.6552119129438716
2026-05-17 15:30:00,91.19999999999999,51.5,142.7,7.0,84.19999999999999,142.7,1.6947743467933494
2026-05-17 16:00:00,90.9,58.5,149.4,3.0,87.9,149.4,1.6996587030716723
2026-05-17 16:30:00,91.0,57.8,148.8,7.0,84.0,148.8,1.7714285714285716
2026-05-17 17:00:00,91.39999999999999,58.1,149.5,6.0,85.39999999999999,149.5,1.750585480093677
2026-05-17 17:30:00,92.8,46.7,139.5,4.0,88.8,139.5,1.570945945945946
2026-05-17 18:00:00,92.8,52.1,144.9,7.0,85.8,144.9,1.688811188811189
2026-05-17 18:30:00,93.4,52.3,145.7,6.0,87.4,145.7,1.6670480549199083
2026-05-17 19:00:00,93.6,51.0,144.6,6.0,87.6,144.6,1.6506849315068493
2026-05-17 19:30:00,93.69999999999999,49.5,143.2,7.0,86.69999999999999,143.2,1.6516724336793542
2026-05-17 20:00:00,93.5,50.3,143.8,4.0,89.5,143.8,1.6067039106145253
2026-05-17 20:30:00,93.19999999999999,48.8,142.0,7.0,86.19999999999999,142.0,1.6473317865429236
2026-05-17 21:00:00,93.1,46.9,140.0,8.0,85.1,140.0,1.645123384253819
2026-05-17 21:30:00,92.8,47.5,140.3,3.0,89.8,140.3,1.5623608017817374
2026-05-17 22:00:00,92.2,47.1,139.3,7.0,85.2,139.3,1.6349765258215962
2026-05-17 22:30:00,92.00000000000001,47.0,139.0,6.0,86.00000000000001,139.0,1.6162790697674416
2026-05-17 23:00:00,91.60000000000001,44.2,135.8,5.0,86.60000000000001,135.8,1.5681293302540416
2026-05-17 23:30:00,91.80000000000001,41.6,133.4,7.0,84.80000000000001,133.4,1.5731132075471697
2026-05-18 00:00:00,93.2,40.9,134.1,4.0,89.2,134.1,1.5033632286995515
2026-05-18 00:30:00,93.0,38.3,131.3,6.0,87.0,131.3,1.5091954022988507
2026-05-18 01:00:00,93.20000000000002,37.2,130.40000000000003,7.0,86.20000000000002,130.40000000000003,1.5127610208816706
2026-05-18 01:30:00,92.7,35.6,128.3,4.0,88.7,128.3,1.4464487034949267
2026-05-18 02:00:00,92.1,32.2,124.3,7.0,85.1,124.3,1.4606345475910694
2026-05-18 02:30:00,93.30000000000001,31.9,125.20000000000002,6.0,87.30000000000001,125.20000000000002,1.434135166093929
2026-05-18 03:00:00,93.9,30.0,123.9,5.0,88.9,123.9,1.3937007874015748
2026-05-18 03:30:00,94.6,29.4,124.0,7.0,87.6,124.0,1.4155251141552512
2026-05-18 04:00:00,94.10000000000001,28.9,123.0,6.0,88.10000000000001,123.0,1.3961407491486946
2026-05-18 04:30:00,93.7,28.6,122.30000000000001,4.0,89.7,122.30000000000001,1.363433667781494
2026-05-18 05:00:00,93.0,28.3,121.3,8.0,85.0,121.3,1.4270588235294117
2026-05-18 05:30:00,93.4,28.0,121.4,4.0,89.4,121.4,1.3579418344519016
2026-05-18 06:00:00,93.4,27.6,121.0,7.0,86.4,121.0,1.4004629629629628
2026-05-18 06:30:00,93.0,27.4,120.4,7.0,86.0,120.4,1.4000000000000001
2026-05-18 07:00:00,92.5,27.7,120.2,4.0,88.5,120.2,1.3581920903954803
2026-05-18 07:30:00,92.0,27.9,119.9,7.0,85.0,119.9,1.4105882352941177
2026-05-18 08:00:00,92.29999999999998,27.9,120.19999999999999,6.0,86.29999999999998,120.19999999999999,1.3928157589803014
2026-05-18 08:30:00,93.0,28.4,121.4,4.0,89.0,121.4,1.3640449438202247
2026-05-18 09:00:00,93.6,28.7,122.3,8.0,85.6,122.3,1.4287383177570094
2026-05-18 09:30:00,93.60000000000001,29.5,123.10000000000001,5.0,88.60000000000001,123.10000000000001,1.3893905191873588
2026-05-18 10:00:00,93.3,31.5,124.8,5.0,88.3,124.8,1.4133635334088335
2026-05-18 10:30:00,93.7,33.6,127.30000000000001,9.0,84.7,127.30000000000001,1.5029515938606848
2026-05-18 11:00:00,93.80000000000001,35.9,129.70000000000002,3.0,90.80000000000001,129.70000000000002,1.4284140969162995
2026-05-18 11:30:00,94.4,39.3,133.7,7.0,87.4,133.7,1.5297482837528602
2026-05-18 12:00:00,94.6,46.4,141.0,7.0,87.6,141.0,1.6095890410958904
2026-05-18 12:30:00,94.0,51.3,145.3,3.0,91.0,145.3,1.5967032967032968
2026-05-18 13:00:00,93.9,49.3,143.2,9.0,84.9,143.2,1.686690223792697
2026-05-18 13:30:00,94.5,50.2,144.7,4.0,90.5,144.7,1.5988950276243092
2026-05-18 14:00:00,94.0,51.4,145.4,5.0,89.0,145.4,1.6337078651685395
2026-05-18 14:30:00,94.1,51.5,145.6,7.0,87.1,145.6,1.671641791044776
2026-05-18 15:00:00,93.80000000000001,50.3,144.10000000000002,3.0,90.80000000000001,144.10000000000002,1.5870044052863437
2026-05-18 15:30:00,92.30000000000001,49.7,142.0,8.0,84.30000000000001,142.0,1.6844602609727162
2026-05-18 16:00:00,92.69999999999999,50.9,143.6,5.0,87.69999999999999,143.6,1.6374002280501712
2026-05-18 16:30:00,92.39999999999999,52.9,145.29999999999998,5.0,87.39999999999999,145.29999999999998,1.662471395881007
2026-05-18 17:00:00,92.8,50.3,143.1,7.0,85.8,143.1,1.667832167832168
2026-05-18 17:30:00,92.6,51.8,144.39999999999998,3.0,89.6,144.39999999999998,1.6116071428571428
2026-05-18 18:00:00,92.10000000000001,53.1,145.20000000000002,8.0,84.10000000000001,145.20000000000002,1.7265160523186682
2026-05-18 18:30:00,93.0,48.7,141.7,3.0,90.0,141.7,1.5744444444444443
2026-05-18 19:00:00,92.89999999999999,58.1,151.0,6.0,86.89999999999999,151.0,1.7376294591484467
2026-05-18 19:30:00,93.0,53.9,146.9,7.0,86.0,146.9,1.708139534883721
2026-05-18 20:00:00,93.8,48.5,142.3,3.0,90.8,142.3,1.5671806167400884
2026-05-18 20:30:00,93.5,48.2,141.7,8.0,85.5,141.7,1.6573099415204677
2026-05-18 21:00:00,93.2,49.2,142.4,5.0,88.2,142.4,1.6145124716553287
2026-05-18 21:30:00,93.3,50.3,143.6,5.0,88.3,143.6,1.6262740656851642
2026-05-18 22:00:00,93.5,48.3,141.8,8.0,85.5,141.8,1.6584795321637429
2026-05-18 22:30:00,94.3,47.5,141.8,2.0,92.3,141.8,1.5362946912242688
2026-05-18 23:00:00,93.6,47.4,141.0,8.0,85.6,141.0,1.647196261682243
2026-05-18 23:30:00,94.0,47.7,141.7,8.0,86.0,141.7,1.647674418604651
2026-05-19 00:00:00,94.60000000000001,42.5,137.10000000000002,3.0,91.60000000000001,137.10000000000002,1.4967248908296944
2026-05-19 00:30:00,95.2,45.2,140.4,8.0,87.2,140.4,1.610091743119266
2026-05-19 01:00:00,94.1,42.2,136.3,8.0,86.1,136.3,1.583042973286876
2026-05-19 01:30:00,94.10000000000001,40.2,134.3,2.0,92.10000000000001,134.3,1.4581976112920738
2026-05-19 02:00:00,94.2,36.7,130.9,9.0,85.2,130.9,1.5363849765258215
2026-05-19 02:30:00,94.8,35.1,129.9,9.0,85.8,129.9,1.5139860139860142
2026-05-19 03:00:00,94.6,32.8,127.39999999999999,2.0,92.6,127.39999999999999,1.3758099352051836
2026-05-19 03:30:00,94.5,30.7,125.2,8.0,86.5,125.2,1.4473988439306358
2026-05-19 04:00:00,94.49999999999999,28.9,123.39999999999998,8.0,86.49999999999999,123.39999999999998,1.4265895953757226
2026-05-19 04:30:00,95.0,29.2,124.2,3.0,92.0,124.2,1.35
2026-05-19 05:00:00,95.1,28.5,123.6,8.0,87.1,123.6,1.4190585533869116
2026-05-19 05:30:00,95.1,28.7,123.8,7.0,88.1,123.8,1.4052213393870603
2026-05-19 06:00:00,94.89999999999999,28.4,123.29999999999998,3.0,91.89999999999999,123.29999999999998,1.3416757344940151
2026-05-19 06:30:00,94.5,28.3,122.8,8.0,86.5,122.8,1.4196531791907514
2026-05-19 07:00:00,94.1,28.9,123.0,7.0,87.1,123.0,1.4121699196326063
2026-05-19 07:30:00,93.9,28.1,122.0,3.0,90.9,122.0,1.342134213421342
2026-05-19 08:00:00,94.1,28.6,122.69999999999999,8.0,86.1,122.69999999999999,1.4250871080139373
2026-05-19 08:30:00,94.1,28.4,122.5,7.0,87.1,122.5,1.4064293915040185
2026-05-19 09:00:00,93.80000000000001,29.3,123.10000000000001,3.0,90.80000000000001,123.10000000000001,1.355726872246696
2026-05-19 09:30:00,94.50000000000001,28.9,123.4,8.0,86.50000000000001,123.4,1.4265895953757224
2026-05-19 10:00:00,94.79999999999998,29.7,124.49999999999999,9.0,85.79999999999998,124.49999999999999,1.4510489510489513
2026-05-19 10:30:00,95.0,33.8,128.8,5.0,90.0,128.8,1.4311111111111112
2026-05-19 11:00:00,94.9,39.4,134.3,5.0,89.9,134.3,1.4938820912124584
2026-05-19 11:30:00,96.30000000000001,42.8,139.10000000000002,8.0,88.30000000000001,139.10000000000002,1.5753114382785958
2026-05-19 12:00:00,94.0,52.8,146.8,3.0,91.0,146.8,1.6131868131868132
2026-05-19 12:30:00,93.6,50.0,143.6,7.0,86.6,143.6,1.6581986143187066
2026-05-19 13:00:00,93.4,51.7,145.10000000000002,7.0,86.4,145.10000000000002,1.6793981481481484
2026-05-19 13:30:00,93.30000000000001,52.0,145.3,5.0,88.30000000000001,145.3,1.6455266138165345
2026-05-19 14:00:00,94.5,50.2,144.7,8.0,86.5,144.7,1.6728323699421963
2026-05-19 14:30:00,95.0,52.0,147.0,6.0,89.0,147.0,1.651685393258427
2026-05-19 15:00:00,95.3,51.3,146.6,4.0,91.3,146.6,1.6056955093099672
2026-05-19 15:30:00,95.6,52.2,147.8,9.0,86.6,147.8,1.7066974595842959
2026-05-19 16:00:00,95.49999999999999,52.8,148.29999999999998,5.0,90.49999999999999,148.29999999999998,1.6386740331491714
2026-05-19 16:30:00,95.5,53.6,149.1,4.0,91.5,149.1,1.6295081967213114
2026-05-19 17:00:00,95.2,51.2,146.4,8.0,87.2,146.4,1.6788990825688073
2026-05-19 17:30:00,94.8,52.2,147.0,4.0,90.8,147.0,1.618942731277533
2026-05-19 18:00:00,94.5,51.3,145.8,6.0,88.5,145.8,1.6474576271186443
2026-05-19 18:30:00,95.2,53.3,148.5,6.0,89.2,148.5,1.6647982062780269
2026-05-19 19:00:00,94.9,52.3,147.2,5.0,89.9,147.2,1.6373748609566183
2026-05-19 19:30:00,94.7,49.8,144.5,7.0,87.7,144.5,1.6476624857468642
2026-05-19 20:00:00,94.69999999999999,53.0,147.7,6.0,88.69999999999999,147.7,1.6651634723788051
2026-05-19 20:30:00,94.7,53.5,148.2,4.0,90.7,148.2,1.6339581036383681
2026-05-19 21:00:00,94.10000000000001,50.6,144.70000000000002,8.0,86.10000000000001,144.70000000000002,1.6806039488966318
2026-05-19 21:30:00,94.4,53.8,148.2,5.0,89.4,148.2,1.6577181208053688
2026-05-19 22:00:00,95.0,48.6,143.6,4.0,91.0,143.6,1.578021978021978
2026-05-19 22:30:00,94.69999999999999,52.7,147.39999999999998,8.0,86.69999999999999,147.39999999999998,1.7001153402537486
2026-05-19 23:00:00,94.0,49.7,143.7,6.0,88.0,143.7,1.6329545454545453
2026-05-19 23:30:00,94.80000000000001,49.0,143.8,5.0,89.80000000000001,143.8,1.601336302895323
2026-05-20 00:00:00,94.80000000000001,52.4,147.20000000000002,9.0,85.80000000000001,147.20000000000002,1.7156177156177157
2026-05-20 00:30:00,94.7,47.4,142.1,6.0,88.7,142.1,1.6020293122886131
2026-05-20 01:00:00,95.79999999999998,48.5,144.29999999999998,4.0,91.79999999999998,144.29999999999998,1.5718954248366015
2026-05-20 01:30:00,95.6,48.1,143.7,8.0,87.6,143.7,1.6404109589041096
2026-05-20 02:00:00,94.9,45.1,140.0,7.0,87.9,140.0,1.5927189988623434
2026-05-20 02:30:00,94.2,47.9,142.1,6.0,88.2,142.1,1.611111111111111
2026-05-20 03:00:00,94.30000000000001,47.6,141.9,6.0,88.30000000000001,141.9,1.6070215175537936
2026-05-20 03:30:00,95.0,47.7,142.7,6.0,89.0,142.7,1.6033707865168538
2026-05-20 04:00:00,95.30000000000001,48.1,143.4,7.0,88.30000000000001,143.4,1.62400906002265
2026-05-20 04:30:00,95.19999999999999,47.9,143.1,6.0,89.19999999999999,143.1,1.6042600896860988
2026-05-20 05:00:00,94.69999999999999,47.8,142.5,6.0,88.69999999999999,142.5,1.6065388951521986
2026-05-20 05:30:00,95.5,47.6,143.1,6.0,89.5,143.1,1.5988826815642458
2026-05-20 06:00:00,96.5,47.5,144.0,7.0,89.5,144.0,1.6089385474860336
2026-05-20 06:30:00,96.5,45.6,142.1,6.0,90.5,142.1,1.5701657458563536
2026-05-20 07:00:00,95.0,45.4,140.4,6.0,89.0,140.4,1.5775280898876405
2026-05-20 07:30:00,94.2,47.6,141.8,5.0,89.2,141.8,1.5896860986547086
2026-05-20 08:00:00,94.5,48.3,142.8,8.0,86.5,142.8,1.6508670520231215
2026-05-20 08:30:00,95.30000000000001,48.7,144.0,5.0,90.30000000000001,144.0,1.5946843853820596
2026-05-20 09:00:00,96.0,49.5,145.5,6.0,90.0,145.5,1.6166666666666667
2026-05-20 09:30:00,95.6,49.0,144.6,7.0,88.6,144.6,1.632054176072235
2026-05-20 10:00:00,95.30000000000001,50.2,145.5,6.0,89.30000000000001,145.5,1.629339305711086
2026-05-20 10:30:00,95.0,48.6,143.6,5.0,90.0,143.6,1.5955555555555554
2026-05-20 11:00:00,94.1,51.2,145.3,6.0,88.1,145.3,1.6492622020431331
2026-05-20 11:30:00,94.6,52.2,146.8,6.0,88.6,146.8,1.6568848758465013
2026-05-20 12:00:00,94.6,51.9,146.5,7.0,87.6,146.5,1.6723744292237444
2026-05-20 12:30:00,95.4,53.8,149.2,5.0,90.4,149.2,1.650442477876106
2026-05-20 13:00:00,94.7,52.1,146.8,6.0,88.7,146.8,1.6550169109357384
2026-05-20 13:30:00,94.6,50.8,145.39999999999998,7.0,87.6,145.39999999999998,1.6598173515981733
2026-05-20 14:00:00,94.0,52.1,146.1,4.0,90.0,146.1,1.6233333333333333
2026-05-20 14:30:00,94.5,57.2,151.7,5.0,89.5,151.7,1.694972067039106
2026-05-20 15:00:00,94.0,58.5,152.5,5.0,89.0,152.5,1.7134831460674158
2026-05-20 15:30:00,94.19999999999999,58.4,152.6,5.0,89.19999999999999,152.6,1.7107623318385652
2026-05-20 16:00:00,93.9,58.5,152.4,8.0,85.9,152.4,1.7741559953434225
2026-05-20 16:30:00,93.1,58.4,151.5,4.0,89.1,151.5,1.7003367003367005
2026-05-20 17:00:00,93.1,58.3,151.39999999999998,7.0,86.1,151.39999999999998,1.7584204413472704
2026-05-20 17:30:00,93.80000000000001,58.2,152.0,5.0,88.80000000000001,152.0,1.7117117117117115
2026-05-20 18:00:00,94.4,58.4,152.8,5.0,89.4,152.8,1.70917225950783
2026-05-20 18:30:00,95.0,58.5,153.5,7.0,88.0,153.5,1.7443181818181819
2026-05-20 19:00:00,94.4,58.3,152.7,5.0,89.4,152.7,1.7080536912751676
2026-05-20 19:30:00,94.5,58.3,152.8,6.0,88.5,152.8,1.7265536723163843
2026-05-20 20:00:00,94.5,58.5,153.0,4.0,90.5,153.0,1.6906077348066297
2026-05-20 20:30:00,95.2,58.3,153.5,6.0,89.2,153.5,1.7208520179372198
2026-05-20 21:00:00,95.10000000000001,58.3,153.4,7.0,88.10000000000001,153.4,1.7412031782065833
2026-05-20 21:30:00,95.10000000000001,58.8,153.9,6.0,89.10000000000001,153.9,1.727272727272727
2026-05-20 22:00:00,94.60000000000001,58.9,153.5,5.0,89.60000000000001,153.5,1.7131696428571428
2026-05-20 22:30:00,94.60000000000001,58.3,152.9,4.0,90.60000000000001,152.9,1.6876379690949226
2026-05-20 23:00:00,93.6,57.7,151.3,6.0,87.6,151.3,1.7271689497716898
2026-05-20 23:30:00,94.2,49.2,143.4,7.0,87.2,143.4,1.6444954128440368
2026-05-21 00:00:00,94.1,53.4,147.5,5.0,89.1,147.5,1.655443322109989
2026-05-21 00:30:00,94.30000000000001,53.9,148.20000000000002,5.0,89.30000000000001,148.20000000000002,1.6595744680851063
2026-05-21 01:00:00,94.5,50.1,144.6,6.0,88.5,144.6,1.6338983050847458
2026-05-21 01:30:00,94.7,49.9,144.6,5.0,89.7,144.6,1.612040133779264
2026-05-21 02:00:00,94.3,46.3,140.6,8.0,86.3,140.6,1.6292004634994206
2026-05-21 02:30:00,94.7,49.5,144.2,4.0,90.7,144.2,1.589856670341786
2026-05-21 03:00:00,95.1,46.7,141.8,6.0,89.1,141.8,1.591470258136925
2026-05-21 03:30:00,95.19999999999999,47.8,143.0,7.0,88.19999999999999,143.0,1.6213151927437643
2026-05-21 04:00:00,95.0,46.2,141.2,5.0,90.0,141.2,1.5688888888888888
2026-05-21 04:30:00,95.19999999999999,43.9,139.1,5.0,90.19999999999999,139.1,1.542128603104213
2026-05-21 05:00:00,95.19999999999999,43.8,139.0,6.0,89.19999999999999,139.0,1.5582959641255607
2026-05-21 05:30:00,94.6,46.5,141.1,8.0,86.6,141.1,1.6293302540415704
2026-05-21 06:00:00,94.30000000000001,47.5,141.8,6.0,88.30000000000001,141.8,1.6058890147225366
2026-05-21 06:30:00,94.6,47.3,141.89999999999998,6.0,88.6,141.89999999999998,1.6015801354401804
2026-05-21 07:00:00,94.6,48.7,143.3,4.0,90.6,143.3,1.5816777041942607
2026-05-21 07:30:00,94.3,49.2,143.5,8.0,86.3,143.5,1.6628041714947857
2026-05-21 08:00:00,94.39999999999999,48.9,143.29999999999998,4.0,90.39999999999999,143.29999999999998,1.5851769911504425
2026-05-21 08:30:00,93.69999999999999,50.6,144.29999999999998,6.0,87.69999999999999,144.29999999999998,1.645381984036488
2026-05-21 09:00:00,93.39999999999999,49.0,142.39999999999998,6.0,87.39999999999999,142.39999999999998,1.6292906178489701
2026-05-21 09:30:00,93.69999999999999,48.8,142.5,4.0,89.69999999999999,142.5,1.5886287625418063
2026-05-21 10:00:00,93.1,51.1,144.2,8.0,85.1,144.2,1.6944770857814335
2026-05-21 10:30:00,93.3,49.0,142.3,3.0,90.3,142.3,1.575858250276855
2026-05-21 11:00:00,93.4,52.2,145.60000000000002,6.0,87.4,145.60000000000002,1.6659038901601833
2026-05-21 11:30:00,93.89999999999999,54.8,148.7,5.0,88.89999999999999,148.7,1.672665916760405
2026-05-21 12:00:00,93.3,54.8,148.1,5.0,88.3,148.1,1.6772366930917326
2026-05-21 12:30:00,94.19999999999999,51.2,145.39999999999998,6.0,88.19999999999999,145.39999999999998,1.6485260770975056
2026-05-21 13:00:00,93.30000000000001,52.3,145.60000000000002,5.0,88.30000000000001,145.60000000000002,1.6489241223103057
2026-05-21 13:30:00,94.6,53.8,148.39999999999998,6.0,88.6,148.39999999999998,1.674943566591422
2026-05-21 14:00:00,93.69999999999999,55.7,149.39999999999998,6.0,87.69999999999999,149.39999999999998,1.7035347776510832
2026-05-21 14:30:00,94.5,51.5,146.0,5.0,89.5,146.0,1.6312849162011174
2026-05-21 15:00:00,92.80000000000001,58.3,151.10000000000002,6.0,86.80000000000001,151.10000000000002,1.7407834101382489
2026-05-21 15:30:00,93.1,58.3,151.39999999999998,5.0,88.1,151.39999999999998,1.7185017026106695
2026-05-21 16:00:00,93.4,58.3,151.7,6.0,87.4,151.7,1.7356979405034323
2026-05-21 16:30:00,93.8,58.4,152.2,4.0,89.8,152.2,1.6948775055679286
2026-05-21 17:00:00,93.8,58.5,152.3,6.0,87.8,152.3,1.734624145785877
2026-05-21 17:30:00,94.2,58.8,153.0,6.0,88.2,153.0,1.7346938775510203
2026-05-21 18:00:00,94.3,59.1,153.4,5.0,89.3,153.4,1.717805151175812
2026-05-21 18:30:00,94.39999999999999,59.7,154.1,9.0,85.39999999999999,154.1,1.804449648711944
2026-05-21 19:00:00,94.2,59.8,154.0,4.0,90.2,154.0,1.7073170731707317
2026-05-21 19:30:00,94.0,59.8,153.8,6.0,88.0,153.8,1.7477272727272728
2026-05-21 20:00:00,94.1,60.0,154.1,6.0,88.1,154.1,1.7491486946651533
2026-05-21 20:30:00,94.39999999999999,60.2,154.6,5.0,89.39999999999999,154.6,1.7293064876957496
2026-05-21 21:00:00,94.5,59.5,154.0,6.0,88.5,154.0,1.7401129943502824
2026-05-21 21:30:00,94.5,59.7,154.2,4.0,90.5,154.2,1.703867403314917
2026-05-21 22:00:00,94.4,60.0,154.4,6.0,88.4,154.4,1.746606334841629
2026-05-21 22:30:00,94.6,59.8,154.39999999999998,4.0,90.6,154.39999999999998,1.704194260485651
2026-05-21 23:00:00,93.8,59.3,153.1,7.0,86.8,153.1,1.7638248847926268
2026-05-21 23:30:00,94.1,59.4,153.5,6.0,88.1,153.5,1.7423382519863793
2026-05-22 00:00:00,94.89999999999999,61.9,156.79999999999998,4.0,90.89999999999999,156.79999999999998,1.724972497249725
2026-05-22 00:30:00,94.5,59.4,153.9,6.0,88.5,153.9,1.7389830508474577
2026-05-22 01:00:00,94.0,59.0,153.0,4.0,90.0,153.0,1.7
2026-05-22 01:30:00,94.7,58.7,153.4,7.0,87.7,153.4,1.7491448118586088
2026-05-22 02:00:00,94.4,54.1,148.5,6.0,88.4,148.5,1.679864253393665
2026-05-22 02:30:00,94.19999999999999,53.3,147.5,4.0,90.19999999999999,147.5,1.6352549889135257
2026-05-22 03:00:00,94.60000000000001,57.2,151.8,7.0,87.60000000000001,151.8,1.7328767123287672
2026-05-22 03:30:00,94.19999999999999,58.8,153.0,4.0,90.19999999999999,153.0,1.6962305986696233
2026-05-22 04:00:00,93.9,58.8,152.7,7.0,86.9,152.7,1.7571921749136936
2026-05-22 04:30:00,94.19999999999999,58.6,152.79999999999998,5.0,89.19999999999999,152.79999999999998,1.7130044843049328
2026-05-22 05:00:00,93.9,58.4,152.3,5.0,88.9,152.3,1.7131608548931383
2026-05-22 05:30:00,94.7,58.1,152.8,7.0,87.7,152.8,1.74230330672748
2026-05-22 06:00:00,95.19999999999999,57.8,153.0,4.0,91.19999999999999,153.0,1.6776315789473686
2026-05-22 06:30:00,95.1,57.8,152.89999999999998,7.0,88.1,152.89999999999998,1.7355278093076048
2026-05-22 07:00:00,94.5,57.9,152.4,6.0,88.5,152.4,1.722033898305085
2026-05-22 07:30:00,94.7,58.0,152.7,7.0,87.7,152.7,1.7411630558722917
2026-05-22 08:00:00,93.7,58.2,151.9,5.0,88.7,151.9,1.7125140924464488
2026-05-22 08:30:00,94.10000000000001,58.4,152.5,4.0,90.10000000000001,152.5,1.692563817980022
2026-05-22 09:00:00,94.29999999999998,58.8,153.09999999999997,7.0,87.29999999999998,153.09999999999997,1.7537227949599083
2026-05-22 09:30:00,93.9,59.1,153.0,5.0,88.9,153.0,1.7210348706411698
2026-05-22 10:00:00,92.80000000000001,59.5,152.3,6.0,86.80000000000001,152.3,1.7546082949308754
2026-05-22 10:30:00,93.4,59.0,152.4,5.0,88.4,152.4,1.7239819004524886
2026-05-22 11:00:00,93.69999999999999,59.1,152.79999999999998,4.0,89.69999999999999,152.79999999999998,1.7034559643255296
2026-05-22 11:30:00,94.4,59.5,153.9,8.0,86.4,153.9,1.78125
2026-05-22 12:00:00,94.1,60.1,154.2,5.0,89.1,154.2,1.7306397306397305
2026-05-22 12:30:00,94.1,60.2,154.3,5.0,89.1,154.3,1.7317620650953987
2026-05-22 13:00:00,93.80000000000001,60.6,154.4,5.0,88.80000000000001,154.4,1.7387387387387385
2026-05-22 13:30:00,94.50000000000001,61.4,155.9,5.0,89.50000000000001,155.9,1.741899441340782
2026-05-22 14:00:00,94.50000000000001,61.6,156.10000000000002,8.0,86.50000000000001,156.10000000000002,1.8046242774566474
2026-05-22 14:30:00,94.69999999999999,62.2,156.89999999999998,5.0,89.69999999999999,156.89999999999998,1.7491638795986622
2026-05-22 15:00:00,95.6,62.4,158.0,6.0,89.6,158.0,1.7633928571428572
2026-05-22 15:30:00,95.5,62.7,158.2,8.0,87.5,158.2,1.8079999999999998
2026-05-22 16:00:00,95.2,63.3,158.5,6.0,89.2,158.5,1.7769058295964124
2026-05-22 16:30:00,95.6,63.9,159.5,5.0,90.6,159.5,1.7604856512141283
2026-05-22 17:00:00,95.8,64.7,160.5,8.0,87.8,160.5,1.8280182232346243
2026-05-22 17:30:00,96.1,65.3,161.39999999999998,6.0,90.1,161.39999999999998,1.7913429522752495
2026-05-22 18:00:00,96.0,66.1,162.1,5.0,91.0,162.1,1.7813186813186812
2026-05-22 18:30:00,95.9,66.8,162.7,7.0,88.9,162.7,1.8301462317210346
2026-05-22 19:00:00,96.2,66.7,162.9,9.0,87.2,162.9,1.8681192660550459
2026-05-22 19:30:00,96.3,67.5,163.8,4.0,92.3,163.8,1.7746478873239437
2026-05-22 20:00:00,95.9,67.3,163.2,5.0,90.9,163.2,1.7953795379537951
2026-05-22 20:30:00,96.50000000000001,67.4,163.90000000000003,9.0,87.50000000000001,163.90000000000003,1.8731428571428572
2026-05-22 21:00:00,96.3,68.0,164.3,7.0,89.3,164.3,1.83986562150056
2026-05-22 21:30:00,96.10000000000001,68.7,164.8,5.0,91.10000000000001,164.8,1.8090010976948407
2026-05-22 22:00:00,96.4,69.6,166.0,8.0,88.4,166.0,1.8778280542986425
2026-05-22 22:30:00,96.7,71.3,168.0,9.0,87.7,168.0,1.9156214367160775
2026-05-22 23:00:00,96.6,72.4,169.0,4.0,92.6,169.0,1.8250539956803458
2026-05-22 23:30:00,97.10000000000001,73.7,170.8,5.0,92.10000000000001,170.8,1.8545059717698154
2026-05-23 00:00:00,93.60000000000001,67.2,160.8,9.0,84.60000000000001,160.8,1.9007092198581559
2026-05-23 00:30:00,97.5,76.1,173.6,9.0,88.5,173.6,1.9615819209039547
2026-05-23 01:00:00,99.0,75.3,174.3,9.0,90.0,174.3,1.9366666666666668
2026-05-23 01:30:00,98.9,75.5,174.4,4.0,94.9,174.4,1.8377239199157007
2026-05-23 02:00:00,98.49999999999999,82.1,180.59999999999997,7.0,91.49999999999999,180.59999999999997,1.9737704918032786
2026-05-23 02:30:00,97.49999999999999,79.0,176.5,8.0,89.49999999999999,176.5,1.9720670391061457
2026-05-23 03:30:00,95.99999999999999,76.8,172.79999999999998,4.0,91.99999999999999,172.79999999999998,1.8782608695652174
2026-05-23 04:00:00,95.7,77.6,173.3,7.0,88.7,173.3,1.9537767756482527
2026-05-23 04:30:00,97.3,78.6,175.89999999999998,8.0,89.3,175.89999999999998,1.9697648376259798
2026-05-23 05:00:00,96.4,76.9,173.3,9.0,87.4,173.3,1.982837528604119
2026-05-23 05:30:00,98.0,75.2,173.2,9.0,89.0,173.2,1.946067415730337
2026-05-23 06:00:00,98.1,76.1,174.2,8.0,90.1,174.2,1.9334073251942285
2026-05-23 06:30:00,98.3,75.6,173.89999999999998,5.0,93.3,173.89999999999998,1.8638799571275453
2026-05-23 07:00:00,98.8,77.6,176.39999999999998,8.0,90.8,176.39999999999998,1.9427312775330394
2026-05-23 07:30:00,98.69999999999999,78.3,177.0,7.0,91.69999999999999,177.0,1.9302071973827701
2026-05-23 08:00:00,98.4,77.5,175.9,8.0,90.4,175.9,1.945796460176991
2026-05-23 08:30:00,98.6,76.5,175.1,9.0,89.6,175.1,1.9542410714285714
2026-05-23 09:00:00,98.69999999999999,75.9,174.6,9.0,89.69999999999999,174.6,1.9464882943143815
2026-05-23 09:30:00,98.69999999999999,74.8,173.5,9.0,89.69999999999999,173.5,1.9342251950947607
2026-05-23 10:00:00,98.3,74.7,173.0,8.0,90.3,173.0,1.9158361018826136
2026-05-23 10:30:00,98.6,78.6,177.2,5.0,93.6,177.2,1.893162393162393
2026-05-23 11:00:00,98.0,73.9,171.9,9.0,89.0,171.9,1.9314606741573035
2026-05-23 11:30:00,98.9,73.8,172.7,7.0,91.9,172.7,1.8792165397170835
2026-05-23 12:00:00,99.00000000000001,72.8,171.8,9.0,90.00000000000001,171.8,1.9088888888888886
2026-05-23 12:30:00,99.39999999999999,73.3,172.7,10.0,89.39999999999999,172.7,1.9317673378076063
2026-05-23 13:00:00,99.5,74.5,174.0,10.0,89.5,174.0,1.9441340782122905
2026-05-23 13:30:00,101.10000000000001,76.0,177.10000000000002,11.0,90.10000000000001,177.10000000000002,1.9655937846836848
2026-05-23 14:00:00,101.3,73.6,174.89999999999998,12.0,89.3,174.89999999999998,1.9585666293393056
2026-05-23 14:30:00,104.19999999999999,45.2,149.39999999999998,6.0,98.19999999999999,149.39999999999998,1.5213849287169041
2026-05-23 15:00:00,105.49999999999999,57.1,162.6,7.0,98.49999999999999,162.6,1.6507614213197972
2026-05-23 15:30:00,99.2,50.4,149.6,8.0,91.2,149.6,1.6403508771929824
2026-05-23 16:00:00,99.10000000000001,42.3,141.4,9.0,90.10000000000001,141.4,1.569367369589345
2026-05-23 16:30:00,98.9,41.6,140.5,9.0,89.9,140.5,1.5628476084538374
2026-05-23 17:00:00,97.5,63.1,160.6,7.0,90.5,160.6,1.774585635359116
2026-05-23 17:30:00,93.8,63.3,157.1,2.0,91.8,157.1,1.7113289760348585
2026-05-23 18:00:00,90.1,60.5,150.6,8.0,82.1,150.6,1.8343483556638247
2026-05-23 18:30:00,88.10000000000001,59.3,147.4,2.0,86.10000000000001,147.4,1.7119628339140534
2026-05-23 19:00:00,86.9,58.3,145.2,7.0,79.9,145.2,1.8172715894868583
2026-05-23 19:30:00,85.5,56.2,141.7,3.0,82.5,141.7,1.7175757575757575
2026-05-23 20:00:00,83.69999999999999,53.1,136.79999999999998,4.0,79.69999999999999,136.79999999999998,1.7164366373902133
2026-05-23 20:30:00,80.8,62.8,143.6,6.0,74.8,143.6,1.9197860962566844
2026-05-23 21:00:00,76.3,63.3,139.6,0.0,76.3,139.6,1.8296199213630406
2026-05-23 22:00:00,72.5,40.6,113.1,2.0,70.5,113.1,1.6042553191489362
2026-05-23 22:30:00,70.9,39.6,110.5,0.0,70.9,110.5,1.558533145275035
2026-05-23 23:00:00,69.6,42.8,112.39999999999999,7.0,62.599999999999994,112.39999999999999,1.7955271565495208
2026-05-23 23:30:00,66.89999999999999,49.1,116.0,2.0,64.89999999999999,116.0,1.787365177195686
2026-05-24 00:00:00,60.2,30.1,90.30000000000001,0.0,60.2,90.30000000000001,1.5000000000000002
2026-05-24 00:30:00,65.6,31.6,97.19999999999999,5.0,60.599999999999994,97.19999999999999,1.6039603960396038
2026-05-24 01:00:00,65.3,31.3,96.6,5.0,60.3,96.6,1.6019900497512438
2026-05-24 01:30:00,65.8,31.3,97.1,0.0,65.8,97.1,1.4756838905775076
2026-05-24 02:00:00,64.8,30.7,95.5,1.0,63.8,95.5,1.4968652037617556
2026-05-24 02:30:00,64.30000000000001,31.0,95.30000000000001,7.0,57.30000000000001,95.30000000000001,1.663176265270506
2026-05-24 03:00:00,64.1,31.0,95.1,1.0,63.099999999999994,95.1,1.5071315372424723
2026-05-24 03:30:00,63.5,31.0,94.5,0.0,63.5,94.5,1.4881889763779528
2026-05-24 04:00:00,62.599999999999994,30.7,93.3,3.0,59.599999999999994,93.3,1.5654362416107384
2026-05-24 04:30:00,62.5,30.7,93.2,5.0,57.5,93.2,1.6208695652173915
2026-05-24 05:00:00,63.099999999999994,30.8,93.89999999999999,1.0,62.099999999999994,93.89999999999999,1.5120772946859904
2026-05-24 05:30:00,63.2,30.8,94.0,0.0,63.2,94.0,1.4873417721518987
2026-05-24 06:00:00,63.2,30.7,93.9,6.0,57.2,93.9,1.6416083916083917
2026-05-24 06:30:00,63.099999999999994,30.8,93.89999999999999,2.0,61.099999999999994,93.89999999999999,1.5368248772504092
2026-05-24 07:00:00,63.3,30.8,94.1,3.0,60.3,94.1,1.560530679933665
2026-05-24 07:30:00,63.6,30.7,94.3,1.0,62.6,94.3,1.5063897763578273
2026-05-24 08:00:00,63.699999999999996,30.8,94.5,6.0,57.699999999999996,94.5,1.637781629116118
2026-05-24 08:30:00,63.3,30.8,94.1,2.0,61.3,94.1,1.5350734094616638
2026-05-24 09:00:00,62.5,30.7,93.2,1.0,61.5,93.2,1.5154471544715447
2026-05-24 09:30:00,62.1,30.6,92.7,1.0,61.1,92.7,1.5171849427168576
2026-05-24 10:00:00,61.9,30.6,92.5,6.0,55.9,92.5,1.6547406082289804
2026-05-24 10:30:00,61.7,30.5,92.2,1.0,60.7,92.2,1.5189456342668863
2026-05-24 11:00:00,62.0,30.5,92.5,1.0,61.0,92.5,1.5163934426229508
2026-05-24 11:30:00,62.0,30.6,92.6,2.0,60.0,92.6,1.5433333333333332
2026-05-24 12:00:00,61.89999999999999,30.5,92.39999999999999,5.0,56.89999999999999,92.39999999999999,1.62390158172232
2026-05-24 12:30:00,61.99999999999999,30.6,92.6,1.0,60.99999999999999,92.6,1.518032786885246
2026-05-24 13:00:00,61.39999999999999,30.5,91.89999999999999,1.0,60.39999999999999,91.89999999999999,1.521523178807947
2026-05-24 13:30:00,58.50000000000001,30.1,88.60000000000001,1.0,57.50000000000001,88.60000000000001,1.5408695652173912
2026-05-24 14:00:00,58.10000000000001,29.7,87.80000000000001,2.0,56.10000000000001,87.80000000000001,1.5650623885918002
2026-05-24 14:30:00,58.0,29.7,87.7,5.0,53.0,87.7,1.6547169811320754
2026-05-24 15:00:00,57.5,29.7,87.2,1.0,56.5,87.2,1.5433628318584072
2026-05-24 15:30:00,57.099999999999994,29.6,86.69999999999999,1.0,56.099999999999994,86.69999999999999,1.5454545454545454
2026-05-24 16:00:00,57.099999999999994,29.6,86.69999999999999,0.0,57.099999999999994,86.69999999999999,1.5183887915936953
2026-05-24 16:30:00,56.599999999999994,29.6,86.19999999999999,1.0,55.599999999999994,86.19999999999999,1.5503597122302157
2026-05-24 17:00:00,55.800000000000004,29.3,85.10000000000001,4.0,51.800000000000004,85.10000000000001,1.6428571428571428
2026-05-24 17:30:00,56.2,29.3,85.5,3.0,53.2,85.5,1.607142857142857
2026-05-24 18:00:00,55.900000000000006,29.3,85.2,1.0,54.900000000000006,85.2,1.5519125683060109
2026-05-24 18:30:00,56.1,29.3,85.4,1.0,55.1,85.4,1.5499092558983667
2026-05-24 19:00:00,55.5,29.3,84.8,0.0,55.5,84.8,1.5279279279279279
2026-05-24 19:30:00,55.4,29.1,84.5,2.0,53.4,84.5,1.5823970037453183
2026-05-24 20:00:00,55.300000000000004,29.2,84.5,3.0,52.300000000000004,84.5,1.6156787762906308
2026-05-24 20:30:00,55.3,29.2,84.5,3.0,52.3,84.5,1.615678776290631
2026-05-24 21:00:00,54.99999999999999,29.0,84.0,1.0,53.99999999999999,84.0,1.5555555555555558
2026-05-24 21:30:00,55.199999999999996,29.2,84.39999999999999,2.0,53.199999999999996,84.39999999999999,1.5864661654135337
2026-05-24 22:00:00,55.199999999999996,29.2,84.39999999999999,0.0,55.199999999999996,84.39999999999999,1.5289855072463767
2026-05-24 22:30:00,54.900000000000006,29.3,84.2,2.0,52.900000000000006,84.2,1.5916824196597352
2026-05-24 23:00:00,54.89999999999999,29.1,84.0,5.0,49.89999999999999,84.0,1.6833667334669342
2026-05-24 23:30:00,55.3,29.3,84.6,1.0,54.3,84.6,1.558011049723757
2026-05-25 00:00:00,54.2,29.0,83.2,0.0,54.2,83.2,1.5350553505535056
2026-05-25 00:30:00,54.900000000000006,29.2,84.10000000000001,1.0,53.900000000000006,84.10000000000001,1.5602968460111317
2026-05-25 01:00:00,55.099999999999994,29.2,84.3,0.0,55.099999999999994,84.3,1.52994555353902
2026-05-25 01:30:00,54.8,29.2,84.0,2.0,52.8,84.0,1.590909090909091
2026-05-25 02:00:00,54.400000000000006,28.5,82.9,5.0,49.400000000000006,82.9,1.6781376518218623
2026-05-25 02:30:00,54.5,29.2,83.7,0.0,54.5,83.7,1.5357798165137615
2026-05-25 03:00:00,55.099999999999994,29.3,84.39999999999999,1.0,54.099999999999994,84.39999999999999,1.5600739371534196
2026-05-25 03:30:00,55.3,29.3,84.6,1.0,54.3,84.6,1.558011049723757
2026-05-25 04:00:00,55.099999999999994,29.3,84.39999999999999,0.0,55.099999999999994,84.39999999999999,1.5317604355716878
2026-05-25 04:30:00,55.400000000000006,29.3,84.7,4.0,51.400000000000006,84.7,1.6478599221789882
2026-05-25 05:00:00,55.099999999999994,29.2,84.3,5.0,50.099999999999994,84.3,1.6826347305389222
2026-05-25 05:30:00,55.3,29.2,84.5,1.0,54.3,84.5,1.556169429097606
2026-05-25 06:00:00,55.099999999999994,29.2,84.3,0.0,55.099999999999994,84.3,1.52994555353902
2026-05-25 06:30:00,55.0,29.1,84.1,1.0,54.0,84.1,1.5574074074074074
2026-05-25 07:00:00,54.900000000000006,29.0,83.9,0.0,54.900000000000006,83.9,1.5282331511839709
2026-05-25 07:30:00,55.2,29.1,84.30000000000001,2.0,53.2,84.30000000000001,1.5845864661654137
2026-05-25 08:00:00,55.2,29.1,84.30000000000001,5.0,50.2,84.30000000000001,1.6792828685258965
2026-05-25 08:30:00,54.99999999999999,29.1,84.1,1.0,53.99999999999999,84.1,1.5574074074074076
2026-05-25 09:00:00,55.0,29.1,84.1,0.0,55.0,84.1,1.529090909090909
2026-05-25 09:30:00,54.4,29.0,83.4,2.0,52.4,83.4,1.5916030534351147
2026-05-25 10:00:00,53.0,28.8,81.8,0.0,53.0,81.8,1.5433962264150942
2026-05-25 10:30:00,53.5,28.8,82.3,2.0,51.5,82.3,1.5980582524271845
2026-05-25 11:00:00,53.5,28.9,82.4,3.0,50.5,82.4,1.6316831683168318
2026-05-25 11:30:00,53.699999999999996,28.8,82.5,3.0,50.699999999999996,82.5,1.6272189349112427
2026-05-25 12:00:00,53.5,28.8,82.3,1.0,52.5,82.3,1.5676190476190475
2026-05-25 12:30:00,53.5,28.8,82.3,0.0,53.5,82.3,1.5383177570093458
2026-05-25 13:00:00,52.800000000000004,28.7,81.5,1.0,51.800000000000004,81.5,1.5733590733590732
2026-05-25 13:30:00,53.6,28.7,82.3,0.0,53.6,82.3,1.5354477611940298
2026-05-25 14:00:00,53.6,29.0,82.6,2.0,51.6,82.6,1.6007751937984493
2026-05-25 14:30:00,53.50000000000001,28.9,82.4,5.0,48.50000000000001,82.4,1.6989690721649484
2026-05-25 15:00:00,53.4,28.9,82.3,1.0,52.4,82.3,1.5706106870229009
2026-05-25 15:30:00,53.3,28.9,82.19999999999999,1.0,52.3,82.19999999999999,1.5717017208413
2026-05-25 16:00:00,53.5,28.9,82.4,1.0,52.5,82.4,1.5695238095238095
2026-05-25 16:30:00,53.2,28.9,82.1,0.0,53.2,82.1,1.5432330827067666
2026-05-25 17:00:00,53.7,28.9,82.6,2.0,51.7,82.6,1.597678916827853
2026-05-25 17:30:00,53.8,28.9,82.69999999999999,3.0,50.8,82.69999999999999,1.6279527559055116
2026-05-25 18:00:00,53.8,29.1,82.9,3.0,50.8,82.9,1.6318897637795278
2026-05-25 18:30:00,54.0,29.0,83.0,1.0,53.0,83.0,1.5660377358490567
2026-05-25 19:00:00,53.3,29.0,82.3,0.0,53.3,82.3,1.5440900562851783
2026-05-25 19:30:00,53.6,28.9,82.5,1.0,52.6,82.5,1.5684410646387832
2026-05-25 20:00:00,53.3,29.0,82.3,0.0,53.3,82.3,1.5440900562851783
2026-05-25 20:30:00,53.8,29.0,82.8,3.0,50.8,82.8,1.6299212598425197
2026-05-25 21:00:00,53.900000000000006,29.1,83.0,4.0,49.900000000000006,83.0,1.6633266533066131
2026-05-25 21:30:00,53.8,28.9,82.69999999999999,0.0,53.8,82.69999999999999,1.537174721189591
2026-05-25 22:00:00,53.8,29.0,82.8,1.0,52.8,82.8,1.5681818181818181
2026-05-25 22:30:00,53.8,29.0,82.8,2.0,51.8,82.8,1.5984555984555986
2026-05-25 23:00:00,53.5,29.1,82.6,0.0,53.5,82.6,1.5439252336448597
2026-05-25 23:30:00,53.7,28.9,82.6,2.0,51.7,82.6,1.597678916827853
2026-05-26 00:00:00,54.1,28.9,83.0,3.0,51.1,83.0,1.62426614481409
2026-05-26 00:30:00,53.7,29.0,82.7,3.0,50.7,82.7,1.631163708086785
2026-05-26 01:00:00,53.8,29.1,82.9,1.0,52.8,82.9,1.5700757575757578
2026-05-26 01:30:00,53.900000000000006,29.1,83.0,1.0,52.900000000000006,83.0,1.5689981096408316
2026-05-26 02:00:00,54.0,27.3,81.3,1.0,53.0,81.3,1.5339622641509434
2026-05-26 02:30:00,54.2,29.1,83.30000000000001,1.0,53.2,83.30000000000001,1.5657894736842106
2026-05-26 03:00:00,54.099999999999994,29.1,83.19999999999999,3.0,51.099999999999994,83.19999999999999,1.6281800391389432
2026-05-26 03:30:00,54.099999999999994,29.1,83.19999999999999,3.0,51.099999999999994,83.19999999999999,1.6281800391389432
2026-05-26 04:00:00,53.900000000000006,29.1,83.0,1.0,52.900000000000006,83.0,1.5689981096408316
2026-05-26 04:30:00,54.0,29.0,83.0,0.0,54.0,83.0,1.537037037037037
2026-05-26 05:00:00,54.3,29.2,83.5,1.0,53.3,83.5,1.5666041275797373
2026-05-26 05:30:00,54.0,29.0,83.0,0.0,54.0,83.0,1.537037037037037
2026-05-26 06:00:00,53.599999999999994,28.8,82.39999999999999,2.0,51.599999999999994,82.39999999999999,1.5968992248062015
2026-05-26 06:30:00,53.900000000000006,28.8,82.7,6.0,47.900000000000006,82.7,1.7265135699373693
2026-05-26 07:00:00,53.99999999999999,28.9,82.89999999999999,0.0,53.99999999999999,82.89999999999999,1.5351851851851852
2026-05-26 07:30:00,54.0,28.9,82.9,1.0,53.0,82.9,1.5641509433962266
2026-05-26 08:00:00,53.89999999999999,29.0,82.89999999999999,1.0,52.89999999999999,82.89999999999999,1.5671077504725899
2026-05-26 08:30:00,53.89999999999999,29.0,82.89999999999999,0.0,53.89999999999999,82.89999999999999,1.5380333951762524
2026-05-26 09:00:00,53.7,28.9,82.6,2.0,51.7,82.6,1.597678916827853
2026-05-26 09:30:00,53.900000000000006,29.0,82.9,2.0,51.900000000000006,82.9,1.5973025048169556
2026-05-26 10:00:00,54.300000000000004,29.1,83.4,3.0,51.300000000000004,83.4,1.6257309941520468
2026-05-26 10:30:00,54.400000000000006,29.0,83.4,1.0,53.400000000000006,83.4,1.5617977528089888
2026-05-26 11:00:00,54.3,29.2,83.5,0.0,54.3,83.5,1.537753222836096
2026-05-26 11:30:00,54.5,27.2,81.7,2.0,52.5,81.7,1.5561904761904763
2026-05-26 12:00:00,54.10000000000001,29.4,83.5,1.0,53.10000000000001,83.5,1.5725047080979282
2026-05-26 12:30:00,54.3,29.0,83.3,3.0,51.3,83.3,1.6237816764132553
2026-05-26 13:00:00,54.099999999999994,29.1,83.19999999999999,4.0,50.099999999999994,83.19999999999999,1.6606786427145708
2026-05-26 13:30:00,54.2,29.0,83.2,2.0,52.2,83.2,1.5938697318007662
2026-05-26 14:00:00,54.6,29.2,83.8,0.0,54.6,83.8,1.5347985347985347
2026-05-26 14:30:00,54.4,29.2,83.6,1.0,53.4,83.6,1.5655430711610485
2026-05-26 15:00:00,54.599999999999994,29.1,83.69999999999999,0.0,54.599999999999994,83.69999999999999,1.5329670329670328
2026-05-26 15:30:00,54.599999999999994,29.2,83.8,3.0,51.599999999999994,83.8,1.6240310077519382
2026-05-26 16:00:00,54.3,29.2,83.5,4.0,50.3,83.5,1.6600397614314115
2026-05-26 16:30:00,54.400000000000006,29.1,83.5,0.0,54.400000000000006,83.5,1.534926470588235
2026-05-26 17:00:00,54.10000000000001,29.0,83.10000000000001,1.0,53.10000000000001,83.10000000000001,1.5649717514124293
2026-05-26 17:30:00,54.0,29.1,83.1,0.0,54.0,83.1,1.5388888888888888
2026-05-26 18:00:00,53.599999999999994,29.0,82.6,1.0,52.599999999999994,82.6,1.570342205323194
2026-05-26 18:30:00,53.89999999999999,28.9,82.79999999999998,2.0,51.89999999999999,82.79999999999998,1.5953757225433525
2026-05-26 19:00:00,54.2,29.0,83.2,2.0,52.2,83.2,1.5938697318007662
2026-05-26 19:30:00,54.0,29.0,83.0,3.0,51.0,83.0,1.6274509803921569
2026-05-26 20:00:00,53.599999999999994,29.0,82.6,2.0,51.599999999999994,82.6,1.6007751937984496
2026-05-26 20:30:00,53.8,28.9,82.69999999999999,0.0,53.8,82.69999999999999,1.537174721189591
2026-05-26 21:00:00,53.599999999999994,28.9,82.5,1.0,52.599999999999994,82.5,1.5684410646387834
2026-05-26 21:30:00,53.7,28.9,82.6,1.0,52.7,82.6,1.5673624288425045
2026-05-26 22:00:00,53.599999999999994,28.9,82.5,3.0,50.599999999999994,82.5,1.6304347826086958
2026-05-26 22:30:00,53.900000000000006,28.9,82.80000000000001,3.0,50.900000000000006,82.80000000000001,1.6267190569744598
2026-05-26 23:00:00,53.5,28.7,82.2,2.0,51.5,82.2,1.596116504854369
2026-05-26 23:30:00,53.7,28.9,82.6,0.0,53.7,82.6,1.5381750465549346
2026-05-27 00:00:00,65.9,39.3,105.2,1.0,64.9,105.2,1.62095531587057
2026-05-27 00:30:00,53.7,28.9,82.6,1.0,52.7,82.6,1.5673624288425045
2026-05-27 01:00:00,54.0,29.0,83.0,3.0,51.0,83.0,1.6274509803921569
2026-05-27 01:30:00,53.8,29.0,82.8,3.0,50.8,82.8,1.6299212598425197
2026-05-27 02:00:00,53.60000000000001,27.5,81.10000000000001,1.0,52.60000000000001,81.10000000000001,1.541825095057034
2026-05-27 02:30:00,53.7,29.1,82.80000000000001,1.0,52.7,82.80000000000001,1.571157495256167
2026-05-27 03:00:00,53.900000000000006,29.1,83.0,1.0,52.900000000000006,83.0,1.5689981096408316
2026-05-27 03:30:00,53.89999999999999,29.2,83.1,1.0,52.89999999999999,83.1,1.5708884688090738
2026-05-27 04:00:00,53.599999999999994,29.2,82.8,2.0,51.599999999999994,82.8,1.6046511627906979
2026-05-27 04:30:00,53.8,29.1,82.9,2.0,51.8,82.9,1.6003861003861006
2026-05-27 05:00:00,53.8,29.0,82.8,3.0,50.8,82.8,1.6299212598425197
2026-05-27 05:30:00,53.900000000000006,29.0,82.9,1.0,52.900000000000006,82.9,1.5671077504725897
2026-05-27 06:00:00,54.0,28.9,82.9,0.0,54.0,82.9,1.5351851851851852
2026-05-27 06:30:00,54.0,29.0,83.0,1.0,53.0,83.0,1.5660377358490567
2026-05-27 07:00:00,53.8,29.0,82.8,1.0,52.8,82.8,1.5681818181818181
2026-05-27 07:30:00,53.7,29.0,82.7,3.0,50.7,82.7,1.631163708086785
2026-05-27 08:00:00,53.3,28.8,82.1,3.0,50.3,82.1,1.63220675944334
2026-05-27 08:30:00,53.3,28.8,82.1,0.0,53.3,82.1,1.5403377110694183
2026-05-27 09:00:00,53.8,29.1,82.9,2.0,51.8,82.9,1.6003861003861006
2026-05-27 09:30:00,53.8,31.8,85.6,2.0,51.8,85.6,1.6525096525096525
2026-05-27 10:00:00,55.5,33.3,88.8,2.0,53.5,88.8,1.6598130841121495
2026-05-27 10:30:00,59.2,35.2,94.4,2.0,57.2,94.4,1.6503496503496504
2026-05-27 11:00:00,58.4,35.0,93.4,3.0,55.4,93.4,1.6859205776173287
2026-05-27 11:30:00,58.900000000000006,37.9,96.80000000000001,1.0,57.900000000000006,96.80000000000001,1.6718480138169258
2026-05-27 12:00:00,58.00000000000001,35.3,93.30000000000001,1.0,57.00000000000001,93.30000000000001,1.6368421052631579
2026-05-27 12:30:00,58.9,39.4,98.3,3.0,55.9,98.3,1.7584973166368516
2026-05-27 13:00:00,59.5,32.0,91.5,4.0,55.5,91.5,1.6486486486486487
2026-05-27 13:30:00,59.199999999999996,30.3,89.5,2.0,57.199999999999996,89.5,1.5646853146853148
2026-05-27 14:00:00,59.2,34.8,94.0,0.0,59.2,94.0,1.5878378378378377
2026-05-27 14:30:00,58.9,35.4,94.3,2.0,56.9,94.3,1.657293497363796
2026-05-27 15:00:00,59.8,37.4,97.19999999999999,4.0,55.8,97.19999999999999,1.7419354838709675
2026-05-27 15:30:00,62.5,37.1,99.6,4.0,58.5,99.6,1.7025641025641025
2026-05-27 16:00:00,76.8,40.0,116.8,9.0,67.8,116.8,1.7227138643067847
2026-05-27 16:30:00,96.1,59.9,156.0,5.0,91.1,156.0,1.7124039517014271
2026-05-27 17:00:00,94.99999999999999,60.3,155.29999999999998,5.0,89.99999999999999,155.29999999999998,1.7255555555555557
2026-05-27 17:30:00,94.8,62.2,157.0,7.0,87.8,157.0,1.7881548974943053
2026-05-27 18:00:00,93.39999999999999,62.4,155.79999999999998,3.0,90.39999999999999,155.79999999999998,1.7234513274336283
2026-05-27 18:30:00,89.89999999999999,61.5,151.39999999999998,6.0,83.89999999999999,151.39999999999998,1.804529201430274
2026-05-27 19:00:00,88.6,63.0,151.6,3.0,85.6,151.6,1.7710280373831777
2026-05-27 19:30:00,86.10000000000001,62.0,148.10000000000002,6.0,80.10000000000001,148.10000000000002,1.8489388264669164
2026-05-27 20:00:00,85.0,60.9,145.9,3.0,82.0,145.9,1.7792682926829269
2026-05-27 20:30:00,83.80000000000001,61.2,145.0,7.0,76.80000000000001,145.0,1.888020833333333
2026-05-27 21:00:00,83.1,58.4,141.5,3.0,80.1,141.5,1.766541822721598
2026-05-27 21:30:00,83.5,44.6,128.1,6.0,77.5,128.1,1.6529032258064515
2026-05-27 22:00:00,81.6,59.7,141.3,3.0,78.6,141.3,1.7977099236641225
2026-05-27 22:30:00,82.19999999999999,37.9,120.1,8.0,74.19999999999999,120.1,1.6185983827493262
2026-05-27 23:00:00,82.6,35.4,118.0,4.0,78.6,118.0,1.5012722646310435
2026-05-27 23:30:00,80.8,54.4,135.2,5.0,75.8,135.2,1.783641160949868
2026-05-28 00:00:00,79.5,34.9,114.4,5.0,74.5,114.4,1.5355704697986579
2026-05-28 00:30:00,81.60000000000001,34.2,115.80000000000001,5.0,76.60000000000001,115.80000000000001,1.5117493472584855
2026-05-28 01:00:00,81.2,35.0,116.2,7.0,74.2,116.2,1.5660377358490565
2026-05-28 01:30:00,80.5,35.0,115.5,6.0,74.5,115.5,1.5503355704697988
2026-05-28 02:00:00,80.39999999999999,34.4,114.79999999999998,4.0,76.39999999999999,114.79999999999998,1.5026178010471203
2026-05-28 02:30:00,80.1,34.8,114.89999999999999,9.0,71.1,114.89999999999999,1.6160337552742616
2026-05-28 03:00:00,80.0,34.8,114.8,4.0,76.0,114.8,1.5105263157894737
2026-05-28 03:30:00,79.7,34.7,114.4,6.0,73.7,114.4,1.5522388059701493
2026-05-28 04:00:00,79.3,34.5,113.8,5.0,74.3,113.8,1.531628532974428
2026-05-28 04:30:00,78.6,34.6,113.19999999999999,4.0,74.6,113.19999999999999,1.517426273458445
2026-05-28 05:00:00,78.1,34.2,112.3,6.0,72.1,112.3,1.5575589459084604
2026-05-28 05:30:00,77.7,34.2,111.9,4.0,73.7,111.9,1.5183175033921303
2026-05-28 06:00:00,77.5,34.1,111.6,8.0,69.5,111.6,1.6057553956834532
2026-05-28 06:30:00,77.4,34.0,111.4,3.0,74.4,111.4,1.4973118279569892
2026-05-28 07:00:00,77.2,33.9,111.1,7.0,70.2,111.1,1.5826210826210825
2026-05-28 07:30:00,76.9,33.9,110.80000000000001,5.0,71.9,110.80000000000001,1.541029207232267
2026-05-28 08:00:00,76.9,33.9,110.80000000000001,5.0,71.9,110.80000000000001,1.541029207232267
2026-05-28 08:30:00,77.3,34.0,111.3,5.0,72.3,111.3,1.5394190871369295
2026-05-28 09:00:00,77.39999999999999,34.1,111.5,5.0,72.39999999999999,111.5,1.5400552486187846
2026-05-28 09:30:00,76.9,34.0,110.9,5.0,71.9,110.9,1.5424200278164117
2026-05-28 10:00:00,76.9,33.9,110.80000000000001,4.0,72.9,110.80000000000001,1.5198902606310014
2026-05-28 10:30:00,77.4,34.1,111.5,6.0,71.4,111.5,1.5616246498599438
2026-05-28 11:00:00,78.0,34.3,112.3,3.0,75.0,112.3,1.4973333333333334
2026-05-28 11:30:00,77.6,34.2,111.8,7.0,70.6,111.8,1.5835694050991502
2026-05-28 12:00:00,77.2,34.1,111.30000000000001,5.0,72.2,111.30000000000001,1.5415512465373962
2026-05-28 12:30:00,77.0,34.1,111.1,5.0,72.0,111.1,1.5430555555555554
2026-05-28 13:00:00,77.0,34.2,111.2,6.0,71.0,111.2,1.5661971830985917
2026-05-28 13:30:00,76.8,34.2,111.0,5.0,71.8,111.0,1.5459610027855153
2026-05-28 14:00:00,77.0,34.1,111.1,7.0,70.0,111.1,1.587142857142857
2026-05-28 14:30:00,78.7,34.5,113.2,5.0,73.7,113.2,1.5359565807327
2026-05-28 15:00:00,84.1,35.5,119.6,7.0,77.1,119.6,1.5512321660181583
2026-05-28 15:30:00,83.60000000000001,36.2,119.80000000000001,8.0,75.60000000000001,119.80000000000001,1.5846560846560847
2026-05-28 16:00:00,83.89999999999999,36.2,120.1,8.0,75.89999999999999,120.1,1.5823451910408433
2026-05-28 16:30:00,83.8,36.2,120.0,7.0,76.8,120.0,1.5625
2026-05-28 17:00:00,84.3,36.6,120.9,6.0,78.3,120.9,1.5440613026819925
2026-05-28 17:30:00,84.8,36.6,121.4,8.0,76.8,121.4,1.5807291666666667
2026-05-28 18:00:00,83.6,36.4,120.0,7.0,76.6,120.0,1.566579634464752
2026-05-28 18:30:00,82.69999999999999,36.1,118.79999999999998,5.0,77.69999999999999,118.79999999999998,1.528957528957529
2026-05-28 19:00:00,82.8,36.0,118.8,8.0,74.8,118.8,1.5882352941176472
2026-05-28 19:30:00,82.2,35.8,118.0,8.0,74.2,118.0,1.5902964959568733
2026-05-28 20:00:00,82.2,35.7,117.9,5.0,77.2,117.9,1.5272020725388602
2026-05-28 20:30:00,82.0,35.6,117.6,6.0,76.0,117.6,1.5473684210526315
2026-05-28 21:00:00,80.9,35.6,116.5,7.0,73.9,116.5,1.5764546684709064
2026-05-28 21:30:00,79.9,35.2,115.10000000000001,4.0,75.9,115.10000000000001,1.5164690382081687
2026-05-28 22:00:00,78.89999999999999,34.9,113.79999999999998,6.0,72.89999999999999,113.79999999999998,1.5610425240054868
2026-05-28 22:30:00,78.0,34.6,112.6,7.0,71.0,112.6,1.5859154929577464
2026-05-28 23:00:00,77.1,34.4,111.5,3.0,74.1,111.5,1.50472334682861
2026-05-28 23:30:00,76.2,34.5,110.7,7.0,69.2,110.7,1.5997109826589595
2026-05-29 00:00:00,86.6,37.0,123.6,3.0,83.6,123.6,1.4784688995215312
2026-05-29 00:30:00,75.1,33.8,108.89999999999999,6.0,69.1,108.89999999999999,1.5759768451519538
2026-05-29 01:00:00,74.9,33.7,108.60000000000001,3.0,71.9,108.60000000000001,1.5104311543810849
2026-05-29 01:30:00,74.7,33.7,108.4,7.0,67.7,108.4,1.601181683899557
2026-05-29 02:00:00,74.7,33.2,107.9,3.0,71.7,107.9,1.5048814504881451
2026-05-29 02:30:00,74.6,33.6,108.19999999999999,6.0,68.6,108.19999999999999,1.5772594752186588
2026-05-29 03:00:00,74.9,33.7,108.60000000000001,4.0,70.9,108.60000000000001,1.531734837799718
2026-05-29 03:30:00,74.8,33.5,108.3,5.0,69.8,108.3,1.5515759312320918
2026-05-29 04:00:00,74.5,33.6,108.1,4.0,70.5,108.1,1.5333333333333332
2026-05-29 04:30:00,74.5,33.5,108.0,6.0,68.5,108.0,1.5766423357664234
2026-05-29 05:00:00,74.30000000000001,33.5,107.80000000000001,5.0,69.30000000000001,107.80000000000001,1.5555555555555554
2026-05-29 05:30:00,74.1,33.5,107.6,5.0,69.1,107.6,1.557163531114327
2026-05-29 06:00:00,74.19999999999999,33.3,107.49999999999999,4.0,70.19999999999999,107.49999999999999,1.5313390313390314
2026-05-29 06:30:00,74.0,33.3,107.3,5.0,69.0,107.3,1.555072463768116
2026-05-29 07:00:00,73.7,33.2,106.9,4.0,69.7,106.9,1.533715925394548
2026-05-29 07:30:00,74.19999999999999,33.4,107.6,6.0,68.19999999999999,107.6,1.5777126099706746
2026-05-29 08:00:00,74.60000000000001,33.4,108.0,4.0,70.60000000000001,108.0,1.5297450424929178
2026-05-29 08:30:00,74.69999999999999,33.5,108.19999999999999,6.0,68.69999999999999,108.19999999999999,1.574963609898108
2026-05-29 09:00:00,74.8,33.6,108.4,4.0,70.8,108.4,1.5310734463276838
2026-05-29 09:30:00,74.6,33.3,107.89999999999999,7.0,67.6,107.89999999999999,1.5961538461538463
2026-05-29 10:00:00,78.10000000000001,33.6,111.70000000000002,8.0,70.10000000000001,111.70000000000002,1.5934379457917263
2026-05-29 10:30:00,94.5,37.4,131.9,8.0,86.5,131.9,1.5248554913294798
2026-05-29 11:00:00,97.2,39.6,136.8,8.0,89.2,136.8,1.5336322869955157
2026-05-29 11:30:00,97.19999999999999,40.4,137.6,9.0,88.19999999999999,137.6,1.560090702947846
2026-05-29 12:00:00,97.1,40.5,137.6,5.0,92.1,137.6,1.494028230184582
2026-05-29 12:30:00,97.1,40.6,137.7,9.0,88.1,137.7,1.5629965947786606
2026-05-29 13:00:00,41.9,17.6,59.5,8.0,33.9,59.5,1.7551622418879056
2026-05-29 13:30:00,97.5,40.6,138.1,8.0,89.5,138.1,1.5430167597765363
2026-05-29 14:00:00,97.39999999999999,40.5,137.89999999999998,9.0,88.39999999999999,137.89999999999998,1.5599547511312215
2026-05-29 14:30:00,97.7,40.6,138.3,7.0,90.7,138.3,1.5248070562293274
2026-05-29 15:00:00,97.4,40.5,137.9,10.0,87.4,137.9,1.5778032036613272
2026-05-29 15:30:00,97.9,40.5,138.4,6.0,91.9,138.4,1.5059847660500543
2026-05-29 16:00:00,98.2,40.6,138.8,8.0,90.2,138.8,1.5388026607538803
2026-05-29 16:30:00,98.7,40.6,139.3,9.0,89.7,139.3,1.552954292084727
2026-05-29 17:00:00,98.9,40.8,139.7,8.0,90.9,139.7,1.5368536853685366
2026-05-29 17:30:00,99.5,40.8,140.3,8.0,91.5,140.3,1.5333333333333334
2026-05-29 18:00:00,99.6,40.9,140.5,8.0,91.6,140.5,1.5338427947598254
2026-05-29 18:30:00,99.60000000000001,40.8,140.4,8.0,91.60000000000001,140.4,1.5327510917030567
2026-05-29 19:00:00,99.19999999999999,40.9,140.1,7.0,92.19999999999999,140.1,1.5195227765726682
2026-05-29 19:30:00,98.9,40.8,139.7,8.0,90.9,139.7,1.5368536853685366
2026-05-29 20:00:00,98.5,40.8,139.3,8.0,90.5,139.3,1.5392265193370167
2026-05-29 20:30:00,98.6,40.9,139.5,8.0,90.6,139.5,1.5397350993377485
2026-05-29 21:00:00,98.1,40.8,138.89999999999998,8.0,90.1,138.89999999999998,1.541620421753607
2026-05-29 21:30:00,98.1,40.8,138.89999999999998,10.0,88.1,138.89999999999998,1.5766174801362087
2026-05-29 22:00:00,97.6,40.8,138.39999999999998,6.0,91.6,138.39999999999998,1.5109170305676853
2026-05-29 22:30:00,97.39999999999999,40.9,138.29999999999998,7.0,90.39999999999999,138.29999999999998,1.529867256637168
2026-05-29 23:00:00,96.8,40.8,137.6,8.0,88.8,137.6,1.5495495495495495
2026-05-29 23:30:00,96.5,40.8,137.3,9.0,87.5,137.3,1.5691428571428572
2026-05-30 00:00:00,95.6,40.5,136.1,8.0,87.6,136.1,1.5536529680365296
2026-05-30 00:30:00,96.39999999999999,40.8,137.2,9.0,87.39999999999999,137.2,1.5697940503432495
2026-05-30 01:00:00,95.7,40.8,136.5,8.0,87.7,136.5,1.556442417331813
2026-05-30 01:30:00,96.3,40.8,137.1,7.0,89.3,137.1,1.5352743561030235
2026-05-30 02:00:00,96.2,40.6,136.8,7.0,89.2,136.8,1.5336322869955157
2026-05-30 02:30:00,96.39999999999999,40.7,137.1,8.0,88.39999999999999,137.1,1.5509049773755657
2026-05-30 03:00:00,96.6,40.7,137.3,9.0,87.6,137.3,1.5673515981735162
2026-05-30 03:30:00,95.69999999999999,40.8,136.5,8.0,87.69999999999999,136.5,1.5564424173318132
2026-05-30 04:00:00,95.19999999999999,40.2,135.39999999999998,9.0,86.19999999999999,135.39999999999998,1.5707656612529002
2026-05-30 04:30:00,95.9,40.0,135.9,8.0,87.9,135.9,1.546075085324232
2026-05-30 05:00:00,96.0,40.3,136.3,7.0,89.0,136.3,1.5314606741573036
2026-05-30 05:30:00,95.9,40.4,136.3,7.0,88.9,136.3,1.5331833520809899
2026-05-30 06:00:00,95.4,40.3,135.7,8.0,87.4,135.7,1.5526315789473681
2026-05-30 06:30:00,95.9,40.2,136.10000000000002,7.0,88.9,136.10000000000002,1.530933633295838
2026-05-30 07:00:00,95.8,40.3,136.1,10.0,85.8,136.1,1.5862470862470863
2026-05-30 07:30:00,95.6,40.3,135.89999999999998,8.0,87.6,135.89999999999998,1.5513698630136985
2026-05-30 08:00:00,95.4,40.3,135.7,9.0,86.4,135.7,1.5706018518518516
2026-05-30 08:30:00,95.9,40.3,136.2,6.0,89.9,136.2,1.515016685205784
2026-05-30 09:00:00,95.60000000000001,40.6,136.20000000000002,9.0,86.60000000000001,136.20000000000002,1.5727482678983835
2026-05-30 09:30:00,96.5,40.5,137.0,6.0,90.5,137.0,1.5138121546961325
2026-05-30 10:00:00,96.39999999999999,40.6,137.0,7.0,89.39999999999999,137.0,1.5324384787472036
2026-05-30 10:30:00,96.50000000000001,40.6,137.10000000000002,10.0,86.50000000000001,137.10000000000002,1.584971098265896
2026-05-30 11:00:00,96.0,40.7,136.7,9.0,87.0,136.7,1.5712643678160918
2026-05-30 11:30:00,95.80000000000001,40.7,136.5,8.0,87.80000000000001,136.5,1.554669703872437
2026-05-30 12:00:00,95.80000000000001,40.7,136.5,7.0,88.80000000000001,136.5,1.537162162162162
2026-05-30 12:30:00,95.80000000000001,40.8,136.60000000000002,9.0,86.80000000000001,136.60000000000002,1.5737327188940093
2026-05-30 13:00:00,95.4,40.7,136.10000000000002,9.0,86.4,136.10000000000002,1.5752314814814816
2026-05-30 13:30:00,95.7,40.7,136.4,6.0,89.7,136.4,1.520624303232999
2026-05-30 14:00:00,95.69999999999999,40.7,136.39999999999998,7.0,88.69999999999999,136.39999999999998,1.5377677564825254
2026-05-30 14:30:00,96.0,40.6,136.6,9.0,87.0,136.6,1.5701149425287355
2026-05-30 15:00:00,95.60000000000001,40.8,136.4,8.0,87.60000000000001,136.4,1.5570776255707761
2026-05-30 15:30:00,95.9,40.8,136.7,7.0,88.9,136.7,1.5376827896512935
2026-05-30 16:00:00,95.5,40.7,136.2,9.0,86.5,136.2,1.574566473988439
2026-05-30 16:30:00,95.7,40.8,136.5,9.0,86.7,136.5,1.57439446366782
2026-05-30 17:00:00,95.29999999999998,40.9,136.2,8.0,87.29999999999998,136.2,1.5601374570446738
2026-05-30 17:30:00,95.8,40.8,136.6,7.0,88.8,136.6,1.5382882882882882
2026-05-30 18:00:00,95.5,40.7,136.2,7.0,88.5,136.2,1.5389830508474576
2026-05-30 18:30:00,95.5,40.6,136.1,8.0,87.5,136.1,1.5554285714285714
2026-05-30 19:00:00,95.4,40.5,135.9,8.0,87.4,135.9,1.5549199084668193
2026-05-30 19:30:00,95.4,40.5,135.9,8.0,87.4,135.9,1.5549199084668193
2026-05-30 20:00:00,95.19999999999999,40.4,135.6,8.0,87.19999999999999,135.6,1.5550458715596331
2026-05-30 20:30:00,95.4,40.3,135.7,10.0,85.4,135.7,1.5889929742388755
2026-05-30 21:00:00,95.19999999999999,40.3,135.5,8.0,87.19999999999999,135.5,1.5538990825688075
2026-05-30 21:30:00,94.9,40.2,135.10000000000002,6.0,88.9,135.10000000000002,1.519685039370079
2026-05-30 22:00:00,94.30000000000001,40.1,134.4,7.0,87.30000000000001,134.4,1.5395189003436425
2026-05-30 22:30:00,94.4,40.1,134.5,8.0,86.4,134.5,1.5567129629629628
2026-05-30 23:00:00,94.5,40.0,134.5,9.0,85.5,134.5,1.5730994152046784
2026-05-30 23:30:00,94.80000000000001,40.2,135.0,9.0,85.80000000000001,135.0,1.5734265734265733
2026-05-31 00:00:00,94.99999999999999,40.3,135.29999999999998,9.0,85.99999999999999,135.29999999999998,1.5732558139534885
2026-05-31 00:30:00,95.0,40.1,135.1,9.0,86.0,135.1,1.5709302325581396
2026-05-31 01:00:00,95.1,40.3,135.39999999999998,6.0,89.1,135.39999999999998,1.519640852974186
2026-05-31 01:30:00,95.0,40.3,135.3,7.0,88.0,135.3,1.5375
2026-05-31 02:00:00,94.9,39.5,134.4,7.0,87.9,134.4,1.5290102389078497
2026-05-31 02:30:00,95.10000000000001,40.2,135.3,9.0,86.10000000000001,135.3,1.5714285714285714
2026-05-31 03:00:00,94.80000000000001,39.9,134.70000000000002,8.0,86.80000000000001,134.70000000000002,1.5518433179723503
2026-05-31 03:30:00,95.30000000000001,40.0,135.3,9.0,86.30000000000001,135.3,1.5677867902665121
2026-05-31 04:00:00,95.20000000000002,40.1,135.3,8.0,87.20000000000002,135.3,1.5516055045871557
2026-05-31 04:30:00,95.5,39.9,135.4,9.0,86.5,135.4,1.5653179190751445
2026-05-31 05:00:00,95.0,39.9,134.9,3.0,92.0,134.9,1.466304347826087
2026-05-31 05:30:00,95.4,39.9,135.3,8.0,87.4,135.3,1.5480549199084668
2026-05-31 06:00:00,95.3,39.9,135.2,10.0,85.3,135.2,1.5849941383352872
2026-05-31 06:30:00,95.89999999999999,40.1,136.0,9.0,86.89999999999999,136.0,1.565017261219793
2026-05-31 07:00:00,95.7,40.1,135.8,8.0,87.7,135.8,1.548460661345496
2026-05-31 07:30:00,95.7,40.1,135.8,9.0,86.7,135.8,1.566320645905421
2026-05-31 08:00:00,95.3,39.9,135.2,8.0,87.3,135.2,1.5486827033218784
2026-05-31 08:30:00,95.8,40.0,135.8,6.0,89.8,135.8,1.5122494432071272
2026-05-31 09:00:00,95.5,40.2,135.7,5.0,90.5,135.7,1.4994475138121546
2026-05-31 09:30:00,95.5,40.1,135.6,11.0,84.5,135.6,1.6047337278106508
2026-05-31 10:00:00,94.89999999999999,40.2,135.1,9.0,85.89999999999999,135.1,1.5727590221187429
2026-05-31 10:30:00,95.3,40.2,135.5,9.0,86.3,135.5,1.570104287369641
2026-05-31 11:00:00,95.1,39.8,134.89999999999998,8.0,87.1,134.89999999999998,1.5487944890929963
2026-05-31 11:30:00,95.2,40.1,135.3,7.0,88.2,135.3,1.534013605442177
2026-05-31 12:00:00,94.7,40.3,135.0,7.0,87.7,135.0,1.5393386545039909
2026-05-31 12:30:00,94.89999999999999,40.2,135.1,8.0,86.89999999999999,135.1,1.5546605293440738
2026-05-31 13:00:00,94.89999999999999,40.3,135.2,9.0,85.89999999999999,135.2,1.5739231664726425
2026-05-31 13:30:00,94.8,40.5,135.3,8.0,86.8,135.3,1.5587557603686637
2026-05-31 14:00:00,94.7,40.6,135.3,8.0,86.7,135.3,1.5605536332179932
2026-05-31 14:30:00,94.89999999999999,40.3,135.2,8.0,86.89999999999999,135.2,1.5558112773302646
2026-05-31 15:00:00,94.39999999999999,40.5,134.89999999999998,7.0,87.39999999999999,134.89999999999998,1.5434782608695652
2026-05-31 15:30:00,95.0,40.5,135.5,7.0,88.0,135.5,1.5397727272727273
2026-05-31 16:00:00,94.9,40.6,135.5,8.0,86.9,135.5,1.5592635212888377
2026-05-31 16:30:00,95.0,40.7,135.7,8.0,87.0,135.7,1.5597701149425287
2026-05-31 17:00:00,94.60000000000001,40.8,135.4,8.0,86.60000000000001,135.4,1.5635103926096996
2026-05-31 17:30:00,95.1,40.6,135.7,9.0,86.1,135.7,1.576074332171893
2026-05-31 18:00:00,95.2,40.5,135.7,8.0,87.2,135.7,1.5561926605504586
2026-05-31 18:30:00,95.1,40.8,135.89999999999998,7.0,88.1,135.89999999999998,1.5425652667423382
2026-05-31 19:00:00,94.99999999999999,41.0,136.0,8.0,86.99999999999999,136.0,1.563218390804598
2026-05-31 19:30:00,94.7,40.5,135.2,9.0,85.7,135.2,1.5775962660443406
2026-05-31 20:00:00,95.0,40.9,135.9,8.0,87.0,135.9,1.5620689655172415
2026-05-31 20:30:00,95.1,41.1,136.2,8.0,87.1,136.2,1.563719862227325
2026-05-31 21:00:00,94.9,41.1,136.0,8.0,86.9,136.0,1.5650172612197928
2026-05-31 21:30:00,95.19999999999999,40.7,135.89999999999998,8.0,87.19999999999999,135.89999999999998,1.55848623853211
2026-05-31 22:00:00,94.5,40.9,135.4,7.0,87.5,135.4,1.5474285714285716
2026-05-31 22:30:00,94.89999999999999,40.8,135.7,8.0,86.89999999999999,135.7,1.5615650172612199
2026-05-31 23:00:00,94.3,40.8,135.1,9.0,85.3,135.1,1.5838218053927315
2026-05-31 23:30:00,94.8,40.2,135.0,9.0,85.8,135.0,1.5734265734265735
2026-06-01 00:00:00,97.0,40.8,137.8,9.0,88.0,137.8,1.5659090909090911
2026-06-01 00:30:00,95.0,40.3,135.3,7.0,88.0,135.3,1.5375
2026-06-01 01:00:00,94.6,40.3,134.89999999999998,6.0,88.6,134.89999999999998,1.5225733634311511
2026-06-01 01:30:00,95.1,40.6,135.7,7.0,88.1,135.7,1.5402951191827468
2026-06-01 02:00:00,94.7,40.3,135.0,9.0,85.7,135.0,1.575262543757293
2026-06-01 02:30:00,95.0,40.0,135.0,8.0,87.0,135.0,1.5517241379310345
2026-06-01 03:00:00,94.89999999999999,40.6,135.5,9.0,85.89999999999999,135.5,1.5774155995343424
2026-06-01 03:30:00,95.2,40.6,135.8,9.0,86.2,135.8,1.5754060324825987
2026-06-01 04:00:00,95.10000000000001,40.4,135.5,9.0,86.10000000000001,135.5,1.5737514518002322
2026-06-01 04:30:00,95.10000000000001,39.9,135.0,5.0,90.10000000000001,135.0,1.4983351831298555
2026-06-01 05:00:00,94.8,40.0,134.8,6.0,88.8,134.8,1.5180180180180183
2026-06-01 05:30:00,95.0,39.8,134.8,8.0,87.0,134.8,1.549425287356322
2026-06-01 06:00:00,94.5,39.6,134.1,8.0,86.5,134.1,1.5502890173410404
2026-06-01 06:30:00,94.6,39.7,134.3,9.0,85.6,134.3,1.56892523364486
2026-06-01 07:00:00,93.9,39.6,133.5,10.0,83.9,133.5,1.5911799761620977
2026-06-01 07:30:00,94.1,39.6,133.7,9.0,85.1,133.7,1.5710928319623971
2026-06-01 08:00:00,93.69999999999999,39.4,133.1,7.0,86.69999999999999,133.1,1.5351787773933103
2026-06-01 08:30:00,94.1,39.4,133.5,5.0,89.1,133.5,1.4983164983164985
2026-06-01 09:00:00,93.69999999999999,40.3,134.0,9.0,84.69999999999999,134.0,1.5820543093270367
2026-06-01 09:30:00,94.5,40.0,134.5,8.0,86.5,134.5,1.5549132947976878
2026-06-01 10:00:00,96.5,40.3,136.8,8.0,88.5,136.8,1.5457627118644068
2026-06-01 10:30:00,97.7,40.6,138.3,9.0,88.7,138.3,1.5591882750845547
2026-06-01 11:00:00,97.80000000000001,40.7,138.5,9.0,88.80000000000001,138.5,1.5596846846846846
2026-06-01 11:30:00,98.50000000000001,40.8,139.3,8.0,90.50000000000001,139.3,1.5392265193370165
2026-06-01 12:00:00,97.69999999999999,41.0,138.7,6.0,91.69999999999999,138.7,1.5125408942202836
2026-06-01 12:30:00,98.0,41.0,139.0,8.0,90.0,139.0,1.5444444444444445
2026-06-01 13:00:00,98.2,41.2,139.4,8.0,90.2,139.4,1.5454545454545454
2026-06-01 13:30:00,98.10000000000001,41.0,139.10000000000002,8.0,90.10000000000001,139.10000000000002,1.5438401775804662
2026-06-01 14:00:00,97.89999999999999,41.1,139.0,8.0,89.89999999999999,139.0,1.546162402669633
2026-06-01 14:30:00,98.5,41.2,139.7,9.0,89.5,139.7,1.5608938547486033
2026-06-01 15:00:00,98.19999999999999,41.1,139.29999999999998,9.0,89.19999999999999,139.29999999999998,1.561659192825112
2026-06-01 15:30:00,98.2,41.1,139.3,8.0,90.2,139.3,1.5443458980044347
2026-06-01 16:00:00,97.3,41.0,138.3,6.0,91.3,138.3,1.5147864184008764
2026-06-01 16:30:00,98.7,41.3,140.0,7.0,91.7,140.0,1.5267175572519083
2026-06-01 17:00:00,99.2,41.5,140.7,8.0,91.2,140.7,1.5427631578947367
2026-06-01 17:30:00,99.7,41.6,141.3,10.0,89.7,141.3,1.5752508361204014
2026-06-01 18:00:00,99.8,41.8,141.6,8.0,91.8,141.6,1.542483660130719
2026-06-01 18:30:00,100.1,41.9,142.0,9.0,91.1,142.0,1.5587266739846324
2026-06-01 19:00:00,99.7,41.8,141.5,9.0,90.7,141.5,1.5600882028665932
2026-06-01 19:30:00,99.9,41.9,141.8,8.0,91.9,141.8,1.542981501632209
2026-06-01 20:00:00,99.3,41.8,141.1,7.0,92.3,141.1,1.5287107258938244
2026-06-01 20:30:00,99.80000000000001,42.3,142.10000000000002,5.0,94.80000000000001,142.10000000000002,1.498945147679325
2026-06-01 21:00:00,99.3,41.9,141.2,8.0,91.3,141.2,1.5465498357064622
2026-06-01 21:30:00,99.6,41.7,141.3,9.0,90.6,141.3,1.5596026490066228
2026-06-01 22:00:00,99.0,41.8,140.8,9.0,90.0,140.8,1.5644444444444445
2026-06-01 22:30:00,99.5,41.5,141.0,9.0,90.5,141.0,1.558011049723757
2026-06-01 23:00:00,99.2,41.5,140.7,9.0,90.2,140.7,1.5598669623059864
2026-06-01 23:30:00,98.9,41.3,140.2,9.0,89.9,140.2,1.5595105672969964
2026-06-02 00:00:00,98.4,41.5,139.9,4.0,94.4,139.9,1.4819915254237288
2026-06-02 00:30:00,98.69999999999999,41.4,140.1,7.0,91.69999999999999,140.1,1.5278080697928027
2026-06-02 01:00:00,98.0,41.1,139.1,8.0,90.0,139.1,1.5455555555555556
2026-06-02 01:30:00,98.4,41.1,139.5,9.0,89.4,139.5,1.5604026845637582
2026-06-02 02:00:00,98.30000000000001,40.8,139.10000000000002,9.0,89.30000000000001,139.10000000000002,1.5576707726763719
2026-06-02 02:30:00,98.4,40.8,139.2,9.0,89.4,139.2,1.5570469798657716
2026-06-02 03:00:00,97.8,40.8,138.6,9.0,88.8,138.6,1.5608108108108107
2026-06-02 03:30:00,97.89999999999999,41.2,139.1,7.0,90.89999999999999,139.1,1.5302530253025304
2026-06-02 04:00:00,97.5,40.9,138.4,6.0,91.5,138.4,1.512568306010929
2026-06-02 04:30:00,97.5,40.8,138.3,9.0,88.5,138.3,1.56271186440678
2026-06-02 05:00:00,96.9,40.9,137.8,7.0,89.9,137.8,1.5328142380422691
2026-06-02 05:30:00,97.1,40.8,137.89999999999998,9.0,88.1,137.89999999999998,1.5652667423382518
2026-06-02 06:00:00,96.6,40.8,137.39999999999998,9.0,87.6,137.39999999999998,1.5684931506849313
2026-06-02 06:30:00,97.1,40.4,137.5,9.0,88.1,137.5,1.5607264472190694
2026-06-02 07:00:00,96.80000000000001,40.5,137.3,9.0,87.80000000000001,137.3,1.5637813211845102
2026-06-02 07:30:00,96.9,40.5,137.4,7.0,89.9,137.4,1.528364849833148
2026-06-02 08:00:00,96.6,40.3,136.89999999999998,4.0,92.6,136.89999999999998,1.478401727861771
2026-06-02 08:30:00,96.60000000000001,40.4,137.0,8.0,88.60000000000001,137.0,1.54627539503386
2026-06-02 09:00:00,96.3,40.3,136.6,8.0,88.3,136.6,1.5469988674971686
2026-06-02 09:30:00,96.7,40.4,137.1,9.0,87.7,137.1,1.5632839224629418
2026-06-02 10:00:00,97.19999999999999,40.8,138.0,9.0,88.19999999999999,138.0,1.5646258503401362
2026-06-02 10:30:00,97.4,40.7,138.10000000000002,9.0,88.4,138.10000000000002,1.562217194570136
2026-06-02 11:00:00,97.0,41.0,138.0,10.0,87.0,138.0,1.5862068965517242
2026-06-02 11:30:00,99.19999999999999,37.1,136.29999999999998,5.0,94.19999999999999,136.29999999999998,1.4469214437367304
2026-06-02 12:00:00,100.9,42.1,143.0,9.0,91.9,143.0,1.5560391730141456
2026-06-02 12:30:00,103.4,37.5,140.9,11.0,92.4,140.9,1.524891774891775
2026-06-02 13:00:00,78.5,34.3,112.8,12.0,66.5,112.8,1.6962406015037594
2026-06-02 13:30:00,58.9,34.9,93.8,11.0,47.9,93.8,1.9582463465553235
2026-06-02 14:00:00,54.2,11.8,66.0,13.0,41.2,66.0,1.6019417475728155
2026-06-02 16:00:00,31.799999999999997,20.4,52.199999999999996,5.0,26.799999999999997,52.199999999999996,1.9477611940298507
2026-06-02 16:30:00,32.8,2.1,34.9,10.0,22.799999999999997,34.9,1.5307017543859651
2026-06-02 17:00:00,33.8,6.9,40.699999999999996,1.0,32.8,40.699999999999996,1.2408536585365852
2026-06-02 18:00:00,21.1,15.6,36.7,1.0,20.1,36.7,1.8258706467661692
2026-06-02 19:30:00,21.1,18.3,39.400000000000006,1.0,20.1,39.400000000000006,1.9601990049751246
2026-06-02 20:00:00,21.0,9.3,30.3,0.0,21.0,30.3,1.4428571428571428
2026-06-02 21:30:00,21.1,8.8,29.900000000000002,0.0,21.1,29.900000000000002,1.4170616113744077
2026-06-02 22:00:00,21.1,17.6,38.7,0.0,21.1,38.7,1.8341232227488151
2026-06-02 23:00:00,21.1,18.8,39.900000000000006,0.0,21.1,39.900000000000006,1.8909952606635072
2026-06-02 23:30:00,21.1,6.6,27.700000000000003,0.0,21.1,27.700000000000003,1.3127962085308058
2026-06-03 00:00:00,21.1,20.1,41.2,0.0,21.1,41.2,1.95260663507109
2026-06-03 01:00:00,21.1,17.6,38.7,0.0,21.1,38.7,1.8341232227488151
2026-06-03 01:30:00,21.2,7.3,28.5,1.0,20.2,28.5,1.410891089108911
2026-06-03 02:00:00,21.2,15.3,36.5,0.0,21.2,36.5,1.7216981132075473
2026-06-03 02:30:00,21.1,16.7,37.8,0.0,21.1,37.8,1.791469194312796
2026-06-03 03:00:00,21.1,15.3,36.400000000000006,0.0,21.1,36.400000000000006,1.7251184834123223
2026-06-03 03:30:00,21.1,5.6,26.700000000000003,1.0,20.1,26.700000000000003,1.328358208955224
2026-06-03 04:00:00,21.1,15.4,36.5,2.0,19.1,36.5,1.9109947643979057
2026-06-03 04:30:00,21.1,15.0,36.1,1.0,20.1,36.1,1.7960199004975124
2026-06-03 05:00:00,21.1,11.7,32.8,0.0,21.1,32.8,1.5545023696682463
2026-06-03 05:30:00,21.1,8.1,29.200000000000003,3.0,18.1,29.200000000000003,1.6132596685082874
2026-06-03 06:00:00,21.1,14.7,35.8,0.0,21.1,35.8,1.696682464454976
2026-06-03 06:30:00,21.1,14.4,35.5,0.0,21.1,35.5,1.6824644549763033
2026-06-03 07:00:00,21.1,6.5,27.6,0.0,21.1,27.6,1.3080568720379147
2026-06-03 07:30:00,21.1,12.6,33.7,1.0,20.1,33.7,1.6766169154228856
2026-06-03 08:00:00,21.1,14.3,35.400000000000006,1.0,20.1,35.400000000000006,1.7611940298507465
2026-06-03 08:30:00,21.0,9.2,30.2,0.0,21.0,30.2,1.438095238095238
2026-06-03 09:00:00,20.9,10.4,31.299999999999997,0.0,20.9,31.299999999999997,1.4976076555023923
2026-06-03 09:30:00,20.799999999999997,15.0,35.8,0.0,20.799999999999997,35.8,1.7211538461538463
2026-06-03 10:00:00,20.700000000000003,14.1,34.800000000000004,0.0,20.700000000000003,34.800000000000004,1.681159420289855
2026-06-03 10:30:00,27.799999999999997,7.2,35.0,0.0,27.799999999999997,35.0,1.2589928057553958
2026-06-03 11:00:00,30.1,14.8,44.900000000000006,0.0,30.1,44.900000000000006,1.4916943521594686
2026-06-03 11:30:00,30.5,17.9,48.4,1.0,29.5,48.4,1.6406779661016948
2026-06-03 12:00:00,31.099999999999998,20.2,51.3,1.0,30.099999999999998,51.3,1.7043189368770764
2026-06-03 12:30:00,31.1,22.5,53.6,0.0,31.1,53.6,1.7234726688102893
2026-06-03 13:00:00,31.400000000000002,14.4,45.800000000000004,2.0,29.400000000000002,45.800000000000004,1.5578231292517006
2026-06-03 13:30:00,35.2,19.1,54.300000000000004,1.0,34.2,54.300000000000004,1.587719298245614
2026-06-03 14:00:00,42.3,26.2,68.5,2.0,40.3,68.5,1.6997518610421838
2026-06-03 14:30:00,45.099999999999994,30.0,75.1,4.0,41.099999999999994,75.1,1.8272506082725062
2026-06-03 15:00:00,44.5,29.1,73.6,0.0,44.5,73.6,1.6539325842696628
2026-06-03 15:30:00,49.1,30.7,79.8,0.0,49.1,79.8,1.6252545824847249
2026-06-03 16:00:00,51.400000000000006,33.4,84.80000000000001,0.0,51.400000000000006,84.80000000000001,1.6498054474708173
2026-06-03 16:30:00,60.7,38.8,99.5,9.0,51.7,99.5,1.9245647969052224
2026-06-03 17:00:00,78.7,39.5,118.2,4.0,74.7,118.2,1.5823293172690762
2026-06-03 17:30:00,86.5,46.9,133.4,5.0,81.5,133.4,1.6368098159509203
2026-06-03 18:00:00,83.0,58.6,141.6,2.0,81.0,141.6,1.748148148148148
2026-06-03 18:30:00,83.1,61.2,144.3,8.0,75.1,144.3,1.9214380825565915
2026-06-03 19:00:00,82.69999999999999,61.4,144.1,2.0,80.69999999999999,144.1,1.7856257744733584
2026-06-03 19:30:00,83.4,45.7,129.10000000000002,7.0,76.4,129.10000000000002,1.6897905759162306
2026-06-03 20:00:00,82.7,71.2,153.9,2.0,80.7,153.9,1.9070631970260223
2026-06-03 21:00:00,81.9,75.4,157.3,1.0,80.9,157.3,1.9443757725587145
2026-06-03 22:00:00,81.1,76.2,157.3,1.0,80.1,157.3,1.9637952559300877
2026-06-03 23:00:00,80.6,75.7,156.3,1.0,79.6,156.3,1.96356783919598
2026-06-04 00:00:00,79.10000000000001,76.4,155.5,0.0,79.10000000000001,155.5,1.9658659924146649
2026-06-04 03:30:00,79.6,70.4,150.0,1.0,78.6,150.0,1.9083969465648856
2026-06-04 04:30:00,79.5,67.7,147.2,2.0,77.5,147.2,1.8993548387096773
2026-06-04 05:00:00,79.0,65.7,144.7,5.0,74.0,144.7,1.9554054054054053
2026-06-04 05:30:00,79.4,64.6,144.0,5.0,74.4,144.0,1.9354838709677418
2026-06-04 06:00:00,79.3,63.5,142.8,2.0,77.3,142.8,1.847347994825356
2026-06-04 06:30:00,79.7,62.6,142.3,7.0,72.7,142.3,1.9573590096286109
2026-06-04 07:00:00,80.1,36.9,117.0,3.0,77.1,117.0,1.5175097276264593
2026-06-04 07:30:00,81.9,33.8,115.7,6.0,75.9,115.7,1.5243741765480896
2026-06-04 08:00:00,82.1,35.2,117.3,8.0,74.1,117.3,1.5829959514170042
2026-06-04 08:30:00,82.1,35.5,117.6,3.0,79.1,117.6,1.4867256637168142
2026-06-04 09:00:00,81.6,35.3,116.89999999999999,7.0,74.6,116.89999999999999,1.5670241286863271
2026-06-04 09:30:00,81.4,35.1,116.5,7.0,74.4,116.5,1.5658602150537633
2026-06-04 10:00:00,81.7,35.6,117.30000000000001,2.0,79.7,117.30000000000001,1.4717691342534505
2026-06-04 10:30:00,81.8,56.5,138.3,5.0,76.8,138.3,1.8007812500000002
2026-06-04 11:00:00,83.70000000000002,54.2,137.90000000000003,5.0,78.70000000000002,137.90000000000003,1.7522236340533672
2026-06-04 11:30:00,86.69999999999999,63.6,150.29999999999998,8.0,78.69999999999999,150.29999999999998,1.909783989834816
2026-06-04 12:00:00,91.1,71.5,162.6,8.0,83.1,162.6,1.9566787003610109
2026-06-04 12:30:00,94.0,65.5,159.5,11.0,83.0,159.5,1.9216867469879517
2026-06-04 13:00:00,95.0,34.7,129.7,7.0,88.0,129.7,1.4738636363636362
2026-06-04 13:30:00,60.0,36.0,96.0,11.0,49.0,96.0,1.9591836734693877
2026-06-04 14:00:00,53.1,43.4,96.5,0.0,53.1,96.5,1.8173258003766477
2026-06-04 14:30:00,45.099999999999994,38.0,83.1,2.0,43.099999999999994,83.1,1.9280742459396754
2026-06-04 15:00:00,43.699999999999996,24.8,68.5,2.0,41.699999999999996,68.5,1.642685851318945
2026-06-04 15:30:00,44.7,25.2,69.9,1.0,43.7,69.9,1.59954233409611
2026-06-04 16:00:00,44.6,24.8,69.4,2.0,42.6,69.4,1.6291079812206573
2026-06-04 16:30:00,44.6,25.1,69.7,0.0,44.6,69.7,1.562780269058296
2026-06-04 17:00:00,44.2,24.8,69.0,0.0,44.2,69.0,1.5610859728506787
2026-06-04 17:30:00,44.3,25.1,69.4,0.0,44.3,69.4,1.5665914221218964
2026-06-04 18:00:00,44.1,25.8,69.9,1.0,43.1,69.9,1.6218097447795825
2026-06-04 18:30:00,43.8,25.7,69.5,1.0,42.8,69.5,1.6238317757009346
2026-06-04 19:00:00,43.400000000000006,25.2,68.60000000000001,0.0,43.400000000000006,68.60000000000001,1.5806451612903225
2026-06-04 19:30:00,43.800000000000004,25.4,69.2,4.0,39.800000000000004,69.2,1.7386934673366834
2026-06-04 20:00:00,43.6,25.5,69.1,0.0,43.6,69.1,1.5848623853211008
2026-06-04 20:30:00,43.599999999999994,25.7,69.3,4.0,39.599999999999994,69.3,1.7500000000000002
2026-06-04 21:00:00,43.3,25.6,68.9,3.0,40.3,68.9,1.709677419354839
2026-06-04 21:30:00,43.39999999999999,25.6,69.0,0.0,43.39999999999999,69.0,1.589861751152074
2026-06-04 22:00:00,43.2,25.8,69.0,0.0,43.2,69.0,1.597222222222222
2026-06-04 22:30:00,43.0,25.8,68.8,0.0,43.0,68.8,1.5999999999999999
2026-06-04 23:00:00,42.5,25.6,68.1,0.0,42.5,68.1,1.6023529411764705
2026-06-04 23:30:00,43.0,24.9,67.9,1.0,42.0,67.9,1.6166666666666667
2026-06-05 00:00:00,43.3,24.8,68.1,1.0,42.3,68.1,1.6099290780141844
2026-06-05 00:30:00,43.5,24.9,68.4,0.0,43.5,68.4,1.5724137931034483
2026-06-05 01:00:00,43.3,24.6,67.9,1.0,42.3,67.9,1.6052009456264777
2026-06-05 01:30:00,43.5,22.1,65.6,1.0,42.5,65.6,1.5435294117647058
2026-06-05 02:00:00,43.5,21.8,65.3,3.0,40.5,65.3,1.6123456790123456
2026-06-05 02:30:00,43.3,21.9,65.19999999999999,1.0,42.3,65.19999999999999,1.5413711583924348
2026-06-05 03:00:00,43.0,21.6,64.6,1.0,42.0,64.6,1.538095238095238
2026-06-05 03:30:00,43.2,21.4,64.6,0.0,43.2,64.6,1.4953703703703702
2026-06-05 04:00:00,43.0,21.3,64.3,0.0,43.0,64.3,1.4953488372093022
2026-06-05 04:30:00,43.2,21.2,64.4,0.0,43.2,64.4,1.4907407407407407
2026-06-05 05:00:00,42.8,20.7,63.5,1.0,41.8,63.5,1.5191387559808613
2026-06-05 05:30:00,43.2,20.9,64.1,1.0,42.2,64.1,1.5189573459715637
2026-06-05 06:00:00,43.099999999999994,20.4,63.49999999999999,0.0,43.099999999999994,63.49999999999999,1.4733178654292343
2026-06-05 06:30:00,43.2,19.6,62.800000000000004,1.0,42.2,62.800000000000004,1.4881516587677726
2026-06-05 07:00:00,42.89999999999999,19.1,61.99999999999999,2.0,40.89999999999999,61.99999999999999,1.5158924205378974
2026-06-05 07:30:00,43.2,19.0,62.2,2.0,41.2,62.2,1.5097087378640777
2026-06-05 08:00:00,42.900000000000006,20.0,62.900000000000006,2.0,40.900000000000006,62.900000000000006,1.5378973105134475
2026-06-05 08:30:00,43.099999999999994,21.0,64.1,3.0,40.099999999999994,64.1,1.598503740648379
2026-06-05 09:00:00,42.900000000000006,21.2,64.10000000000001,0.0,42.900000000000006,64.10000000000001,1.494172494172494
2026-06-05 09:30:00,43.199999999999996,21.3,64.5,0.0,43.199999999999996,64.5,1.4930555555555558
2026-06-05 10:00:00,43.2,21.8,65.0,2.0,41.2,65.0,1.5776699029126213
2026-06-05 10:30:00,51.199999999999996,21.9,73.1,3.0,48.199999999999996,73.1,1.516597510373444
2026-06-05 11:00:00,74.89999999999999,41.0,115.89999999999999,6.0,68.89999999999999,115.89999999999999,1.6821480406386067
2026-06-05 11:30:00,92.89999999999999,44.8,137.7,8.0,84.89999999999999,137.7,1.6219081272084805
2026-06-05 12:00:00,93.9,45.2,139.10000000000002,4.0,89.9,139.10000000000002,1.5472747497219135
2026-06-05 12:30:00,94.10000000000001,45.4,139.5,6.0,88.10000000000001,139.5,1.5834279228149828
2026-06-05 13:00:00,94.0,45.0,139.0,8.0,86.0,139.0,1.6162790697674418
2026-06-05 13:30:00,94.1,45.2,139.3,3.0,91.1,139.3,1.5290889132821077
2026-06-05 14:00:00,93.39999999999999,44.9,138.29999999999998,7.0,86.39999999999999,138.29999999999998,1.6006944444444444
2026-06-05 14:30:00,93.7,44.9,138.6,7.0,86.7,138.6,1.5986159169550171
2026-06-05 15:00:00,92.60000000000001,45.2,137.8,4.0,88.60000000000001,137.8,1.5553047404063205
2026-06-05 15:30:00,92.8,44.6,137.4,7.0,85.8,137.4,1.6013986013986015
2026-06-05 16:00:00,92.6,45.3,137.89999999999998,5.0,87.6,137.89999999999998,1.574200913242009
2026-06-05 16:30:00,93.89999999999999,44.8,138.7,6.0,87.89999999999999,138.7,1.577929465301479
2026-06-05 17:00:00,93.9,45.1,139.0,7.0,86.9,139.0,1.5995397008055234
2026-06-05 17:30:00,94.6,45.1,139.7,5.0,89.6,139.7,1.5591517857142856
2026-06-05 18:00:00,94.30000000000001,45.4,139.70000000000002,7.0,87.30000000000001,139.70000000000002,1.600229095074456
2026-06-05 18:30:00,94.30000000000001,44.3,138.60000000000002,7.0,87.30000000000001,138.60000000000002,1.5876288659793816
2026-06-05 19:00:00,94.2,45.1,139.3,5.0,89.2,139.3,1.5616591928251122
2026-06-05 19:30:00,94.6,44.9,139.5,6.0,88.6,139.5,1.574492099322799
2026-06-05 20:00:00,94.19999999999999,44.9,139.1,7.0,87.19999999999999,139.1,1.5951834862385323
2026-06-05 20:30:00,94.4,44.6,139.0,5.0,89.4,139.0,1.5548098434004474
2026-06-05 21:00:00,94.6,45.1,139.7,7.0,87.6,139.7,1.5947488584474885
2026-06-05 21:30:00,95.1,45.3,140.39999999999998,8.0,87.1,140.39999999999998,1.6119402985074625
2026-06-05 22:00:00,95.0,44.9,139.9,6.0,89.0,139.9,1.5719101123595507
2026-06-05 22:30:00,95.1,46.2,141.3,6.0,89.1,141.3,1.585858585858586
2026-06-05 23:00:00,94.69999999999999,45.3,140.0,7.0,87.69999999999999,140.0,1.5963511972633981
2026-06-05 23:30:00,94.6,44.7,139.3,6.0,88.6,139.3,1.5722347629796842
2026-06-06 00:00:00,94.3,44.9,139.2,6.0,88.3,139.2,1.5764439411098528
2026-06-06 00:30:00,94.19999999999999,45.4,139.6,6.0,88.19999999999999,139.6,1.582766439909297
2026-06-06 01:00:00,94.9,45.8,140.7,6.0,88.9,140.7,1.5826771653543306
2026-06-06 01:30:00,95.19999999999999,45.5,140.7,6.0,89.19999999999999,140.7,1.5773542600896862
2026-06-06 02:00:00,94.8,46.2,141.0,6.0,88.8,141.0,1.587837837837838
2026-06-06 02:30:00,94.4,45.9,140.3,5.0,89.4,140.3,1.5693512304250559
2026-06-06 03:00:00,93.8,45.3,139.1,6.0,87.8,139.1,1.5842824601366743
2026-06-06 03:30:00,93.6,46.0,139.6,7.0,86.6,139.6,1.6120092378752888
2026-06-06 04:00:00,93.5,45.7,139.2,5.0,88.5,139.2,1.5728813559322032
2026-06-06 04:30:00,93.7,45.3,139.0,7.0,86.7,139.0,1.6032295271049595
2026-06-06 05:00:00,93.89999999999999,45.7,139.6,7.0,86.89999999999999,139.6,1.60644418872267
2026-06-06 05:30:00,93.8,45.8,139.6,4.0,89.8,139.6,1.55456570155902
2026-06-06 06:00:00,93.39999999999999,45.1,138.5,7.0,86.39999999999999,138.5,1.6030092592592595
2026-06-06 06:30:00,93.8,45.1,138.9,6.0,87.8,138.9,1.5820045558086562
2026-06-06 07:00:00,93.5,45.3,138.8,5.0,88.5,138.8,1.568361581920904
2026-06-06 07:30:00,93.8,45.7,139.5,7.0,86.8,139.5,1.6071428571428572
2026-06-06 08:00:00,93.7,45.2,138.9,6.0,87.7,138.9,1.5838084378563284
2026-06-06 08:30:00,93.89999999999999,44.8,138.7,5.0,88.89999999999999,138.7,1.5601799775028122
2026-06-06 09:00:00,93.8,45.0,138.8,7.0,86.8,138.8,1.5990783410138252
2026-06-06 09:30:00,94.2,45.4,139.6,5.0,89.2,139.6,1.5650224215246635
2026-06-06 10:00:00,94.5,45.2,139.7,5.0,89.5,139.7,1.5608938547486033
2026-06-06 10:30:00,93.8,44.8,138.6,9.0,84.8,138.6,1.6344339622641508
2026-06-06 11:00:00,93.39999999999999,44.6,138.0,6.0,87.39999999999999,138.0,1.5789473684210529
2026-06-06 11:30:00,93.89999999999999,44.5,138.39999999999998,6.0,87.89999999999999,138.39999999999998,1.5745164960182023
2026-06-06 12:00:00,94.30000000000001,45.2,139.5,7.0,87.30000000000001,139.5,1.5979381443298968
2026-06-06 12:30:00,93.8,44.5,138.3,7.0,86.8,138.3,1.5933179723502306
2026-06-06 13:00:00,94.2,45.1,139.3,5.0,89.2,139.3,1.5616591928251122
2026-06-06 13:30:00,93.50000000000001,44.6,138.10000000000002,7.0,86.50000000000001,138.10000000000002,1.5965317919075144
2026-06-06 14:00:00,92.9,44.5,137.4,5.0,87.9,137.4,1.5631399317406143
2026-06-06 14:30:00,93.5,45.0,138.5,6.0,87.5,138.5,1.582857142857143
2026-06-06 15:00:00,93.3,44.8,138.1,8.0,85.3,138.1,1.618991793669402
2026-06-06 15:30:00,93.5,44.6,138.1,5.0,88.5,138.1,1.5604519774011298
2026-06-06 16:00:00,93.4,45.0,138.4,6.0,87.4,138.4,1.5835240274599542
2026-06-06 16:30:00,93.8,45.2,139.0,7.0,86.8,139.0,1.6013824884792627
2026-06-06 17:00:00,94.19999999999999,44.5,138.7,5.0,89.19999999999999,138.7,1.554932735426009
2026-06-06 17:30:00,94.2,44.7,138.9,6.0,88.2,138.9,1.5748299319727892
2026-06-06 18:00:00,94.1,44.6,138.7,7.0,87.1,138.7,1.592422502870264
2026-06-06 18:30:00,94.2,44.8,139.0,5.0,89.2,139.0,1.5582959641255605
2026-06-06 19:00:00,94.3,45.1,139.4,6.0,88.3,139.4,1.578708946772367
2026-06-06 19:30:00,93.60000000000001,44.8,138.4,6.0,87.60000000000001,138.4,1.5799086757990866
2026-06-06 20:00:00,92.7,44.8,137.5,6.0,86.7,137.5,1.585928489042676
2026-06-06 20:30:00,92.2,45.0,137.2,5.0,87.2,137.2,1.5733944954128438
2026-06-06 21:00:00,91.0,44.4,135.4,5.0,86.0,135.4,1.5744186046511628
2026-06-06 21:30:00,91.0,44.3,135.3,6.0,85.0,135.3,1.591764705882353
2026-06-06 22:00:00,91.30000000000001,44.8,136.10000000000002,5.0,86.30000000000001,136.10000000000002,1.5770567786790266
2026-06-06 22:30:00,91.6,44.3,135.89999999999998,5.0,86.6,135.89999999999998,1.569284064665127
2026-06-06 23:00:00,91.8,44.8,136.6,6.0,85.8,136.6,1.592074592074592
2026-06-06 23:30:00,92.39999999999999,44.6,137.0,4.0,88.39999999999999,137.0,1.5497737556561086
2026-06-07 00:00:00,91.69999999999999,44.9,136.6,8.0,83.69999999999999,136.6,1.6320191158900839
2026-06-07 00:30:00,92.5,44.7,137.2,6.0,86.5,137.2,1.5861271676300577
2026-06-07 01:00:00,91.9,44.9,136.8,4.0,87.9,136.8,1.5563139931740615
2026-06-07 01:30:00,92.0,45.3,137.3,6.0,86.0,137.3,1.5965116279069769
2026-06-07 02:00:00,91.9,44.8,136.7,7.0,84.9,136.7,1.610129564193168
2026-06-07 02:30:00,91.9,45.0,136.9,6.0,85.9,136.9,1.5937136204889406
2026-06-07 03:00:00,92.1,45.1,137.2,6.0,86.1,137.2,1.5934959349593496
2026-06-07 03:30:00,93.1,45.4,138.5,4.0,89.1,138.5,1.554433221099888
2026-06-07 04:00:00,93.19999999999999,45.4,138.6,6.0,87.19999999999999,138.6,1.5894495412844039
2026-06-07 04:30:00,93.5,45.7,139.2,5.0,88.5,139.2,1.5728813559322032
2026-06-07 05:00:00,93.30000000000001,45.4,138.70000000000002,7.0,86.30000000000001,138.70000000000002,1.6071842410196988
2026-06-07 05:30:00,93.5,46.0,139.5,5.0,88.5,139.5,1.576271186440678
2026-06-07 06:00:00,93.8,46.0,139.8,6.0,87.8,139.8,1.5922551252847381
2026-06-07 06:30:00,94.4,45.5,139.9,7.0,87.4,139.9,1.6006864988558351
2026-06-07 07:00:00,93.7,45.8,139.5,5.0,88.7,139.5,1.57271702367531
2026-06-07 07:30:00,94.1,45.6,139.7,4.0,90.1,139.7,1.5504994450610432
2026-06-07 08:00:00,93.30000000000001,45.6,138.9,6.0,87.30000000000001,138.9,1.5910652920962198
2026-06-07 08:30:00,94.19999999999999,45.7,139.89999999999998,7.0,87.19999999999999,139.89999999999998,1.6043577981651376
2026-06-07 09:00:00,93.69999999999999,45.7,139.39999999999998,5.0,88.69999999999999,139.39999999999998,1.5715896279594137
2026-06-07 09:30:00,94.0,45.3,139.3,6.0,88.0,139.3,1.5829545454545455
2026-06-07 10:00:00,93.9,45.3,139.2,5.0,88.9,139.2,1.5658042744656915
2026-06-07 10:30:00,94.0,44.9,138.9,7.0,87.0,138.9,1.596551724137931
2026-06-07 11:00:00,93.6,45.3,138.89999999999998,5.0,88.6,138.89999999999998,1.5677200902934536
2026-06-07 11:30:00,94.0,44.8,138.8,6.0,88.0,138.8,1.5772727272727274
2026-06-07 12:00:00,94.2,44.8,139.0,6.0,88.2,139.0,1.5759637188208617
2026-06-07 12:30:00,94.1,44.6,138.7,7.0,87.1,138.7,1.592422502870264
2026-06-07 13:00:00,94.0,44.9,138.9,7.0,87.0,138.9,1.596551724137931
2026-06-07 13:30:00,94.1,44.6,138.7,6.0,88.1,138.7,1.5743473325766175
2026-06-07 14:00:00,94.1,44.3,138.39999999999998,7.0,87.1,138.39999999999998,1.5889781859931111
2026-06-07 14:30:00,94.4,44.5,138.9,4.0,90.4,138.9,1.536504424778761
2026-06-07 15:00:00,93.69999999999999,44.3,138.0,8.0,85.69999999999999,138.0,1.6102683780630107
2026-06-07 15:30:00,93.9,44.4,138.3,5.0,88.9,138.3,1.5556805399325084
2026-06-07 16:00:00,94.19999999999999,44.9,139.1,6.0,88.19999999999999,139.1,1.5770975056689345
2026-06-07 16:30:00,94.80000000000001,44.5,139.3,7.0,87.80000000000001,139.3,1.5865603644646924
2026-06-07 17:00:00,94.5,44.7,139.2,5.0,89.5,139.2,1.5553072625698323
2026-06-07 17:30:00,94.5,44.4,138.9,6.0,88.5,138.9,1.569491525423729
2026-06-07 18:00:00,94.69999999999999,44.7,139.39999999999998,6.0,88.69999999999999,139.39999999999998,1.5715896279594137
2026-06-07 18:30:00,94.60000000000001,44.7,139.3,5.0,89.60000000000001,139.3,1.5546875
2026-06-07 19:00:00,94.29999999999998,44.5,138.79999999999998,6.0,88.29999999999998,138.79999999999998,1.5719139297848246
2026-06-07 19:30:00,94.5,45.4,139.9,6.0,88.5,139.9,1.5807909604519774
2026-06-07 20:00:00,94.7,45.0,139.7,6.0,88.7,139.7,1.5749718151071024
2026-06-07 20:30:00,94.5,45.3,139.8,6.0,88.5,139.8,1.5796610169491527
2026-06-07 21:00:00,94.4,44.9,139.3,6.0,88.4,139.3,1.5757918552036199
2026-06-07 21:30:00,94.5,44.8,139.3,5.0,89.5,139.3,1.5564245810055868
2026-06-07 22:00:00,94.4,44.8,139.2,7.0,87.4,139.2,1.5926773455377572
2026-06-07 22:30:00,94.4,45.3,139.7,6.0,88.4,139.7,1.5803167420814477
2026-06-07 23:00:00,93.79999999999998,45.1,138.89999999999998,5.0,88.79999999999998,138.89999999999998,1.5641891891891893
2026-06-07 23:30:00,93.9,45.2,139.10000000000002,7.0,86.9,139.10000000000002,1.6006904487917148
2026-06-08 00:00:00,93.6,44.8,138.39999999999998,6.0,87.6,138.39999999999998,1.5799086757990866
2026-06-08 00:30:00,94.0,44.9,138.9,4.0,90.0,138.9,1.5433333333333334
2026-06-08 01:00:00,93.9,45.3,139.2,8.0,85.9,139.2,1.6204889406286378
2026-06-08 01:30:00,94.19999999999999,45.1,139.29999999999998,6.0,88.19999999999999,139.29999999999998,1.5793650793650793
2026-06-08 02:00:00,94.0,44.9,138.9,5.0,89.0,138.9,1.560674157303371
2026-06-08 02:30:00,94.19999999999999,44.9,139.1,8.0,86.19999999999999,139.1,1.6136890951276104
2026-06-08 03:00:00,94.1,44.9,139.0,5.0,89.1,139.0,1.5600448933782267
2026-06-08 03:30:00,93.8,45.1,138.9,6.0,87.8,138.9,1.5820045558086562
2026-06-08 04:00:00,94.0,45.2,139.2,7.0,87.0,139.2,1.5999999999999999
2026-06-08 04:30:00,94.30000000000001,44.8,139.10000000000002,5.0,89.30000000000001,139.10000000000002,1.5576707726763719
2026-06-08 05:00:00,93.9,44.9,138.8,7.0,86.9,138.8,1.5972382048331415
2026-06-08 05:30:00,94.1,45.2,139.3,5.0,89.1,139.3,1.5634118967452304
2026-06-08 06:00:00,93.80000000000001,45.1,138.9,4.0,89.80000000000001,138.9,1.5467706013363027
2026-06-08 06:30:00,94.1,44.6,138.7,8.0,86.1,138.7,1.610917537746806
2026-06-08 07:00:00,93.4,44.8,138.2,6.0,87.4,138.2,1.5812356979405031
2026-06-08 07:30:00,94.2,45.2,139.4,4.0,90.2,139.4,1.5454545454545454
2026-06-08 08:00:00,94.6,45.0,139.6,8.0,86.6,139.6,1.6120092378752888
2026-06-08 08:30:00,94.5,44.6,139.1,6.0,88.5,139.1,1.5717514124293785
2026-06-08 09:00:00,93.69999999999999,45.0,138.7,4.0,89.69999999999999,138.7,1.5462653288740247
2026-06-08 09:30:00,94.30000000000001,45.0,139.3,8.0,86.30000000000001,139.3,1.6141367323290845
2026-06-08 10:00:00,94.19999999999999,44.8,139.0,6.0,88.19999999999999,139.0,1.575963718820862
2026-06-08 10:30:00,94.0,44.4,138.4,5.0,89.0,138.4,1.5550561797752809
2026-06-08 11:00:00,93.3,44.1,137.4,8.0,85.3,137.4,1.6107854630715124
2026-06-08 11:30:00,93.0,44.2,137.2,2.0,91.0,137.2,1.5076923076923077
2026-06-08 12:00:00,92.80000000000001,44.4,137.20000000000002,8.0,84.80000000000001,137.20000000000002,1.6179245283018868
2026-06-08 12:30:00,90.79999999999998,44.6,135.39999999999998,5.0,85.79999999999998,135.39999999999998,1.578088578088578
2026-06-08 13:00:00,87.8,43.8,131.6,4.0,83.8,131.6,1.5704057279236276
2026-06-08 13:30:00,84.8,43.0,127.8,3.0,81.8,127.8,1.5623471882640587
2026-06-08 14:00:00,82.2,42.5,124.7,5.0,77.2,124.7,1.6152849740932642
2026-06-08 14:30:00,78.8,42.1,120.9,2.0,76.8,120.9,1.5742187500000002
2026-06-08 15:00:00,77.0,42.0,119.0,6.0,71.0,119.0,1.676056338028169
2026-06-08 15:30:00,76.0,41.9,117.9,3.0,73.0,117.9,1.615068493150685
2026-06-08 16:00:00,74.3,42.0,116.3,2.0,72.3,116.3,1.6085753803596128
2026-06-08 16:30:00,74.80000000000001,42.2,117.00000000000001,7.0,67.80000000000001,117.00000000000001,1.7256637168141593
2026-06-08 17:00:00,73.6,42.1,115.69999999999999,1.0,72.6,115.69999999999999,1.59366391184573
2026-06-08 17:30:00,72.5,42.3,114.8,3.0,69.5,114.8,1.651798561151079
2026-06-08 18:00:00,72.3,42.2,114.5,5.0,67.3,114.5,1.7013372956909363
2026-06-08 18:30:00,71.9,42.1,114.0,2.0,69.9,114.0,1.630901287553648
2026-06-08 19:00:00,71.7,42.2,113.9,3.0,68.7,113.9,1.6579330422125182
2026-06-08 19:30:00,72.8,42.2,115.0,5.0,67.8,115.0,1.696165191740413
2026-06-08 20:00:00,73.9,42.1,116.0,1.0,72.9,116.0,1.5912208504801095
2026-06-08 20:30:00,73.6,42.3,115.89999999999999,5.0,68.6,115.89999999999999,1.6895043731778425
2026-06-08 21:00:00,72.7,42.2,114.9,4.0,68.7,114.9,1.6724890829694323
2026-06-08 21:30:00,73.4,42.5,115.9,1.0,72.4,115.9,1.600828729281768
2026-06-08 22:00:00,73.6,42.3,115.89999999999999,4.0,69.6,115.89999999999999,1.6652298850574714
2026-06-08 22:30:00,73.8,42.3,116.1,4.0,69.8,116.1,1.663323782234957
2026-06-08 23:00:00,73.39999999999999,41.8,115.19999999999999,1.0,72.39999999999999,115.19999999999999,1.591160220994475
2026-06-08 23:30:00,72.5,42.6,115.1,1.0,71.5,115.1,1.6097902097902097
2026-06-09 00:00:00,71.7,43.0,114.7,5.0,66.7,114.7,1.719640179910045
2026-06-09 00:30:00,71.6,42.6,114.19999999999999,3.0,68.6,114.19999999999999,1.6647230320699709
2026-06-09 01:00:00,70.8,42.3,113.1,0.0,70.8,113.1,1.597457627118644
2026-06-09 01:30:00,71.8,42.2,114.0,5.0,66.8,114.0,1.7065868263473054
2026-06-09 02:00:00,71.7,42.0,113.7,3.0,68.7,113.7,1.6550218340611353
2026-06-09 02:30:00,70.6,41.8,112.39999999999999,1.0,69.6,112.39999999999999,1.6149425287356323
2026-06-09 03:00:00,69.0,41.6,110.6,1.0,68.0,110.6,1.6264705882352941
2026-06-09 03:30:00,68.8,27.4,96.19999999999999,5.0,63.8,96.19999999999999,1.5078369905956113
2026-06-09 04:00:00,67.7,40.7,108.4,3.0,64.7,108.4,1.6754250386398764
2026-06-09 04:30:00,67.7,27.2,94.9,2.0,65.7,94.9,1.4444444444444444
2026-06-09 05:00:00,66.2,40.5,106.7,1.0,65.2,106.7,1.6365030674846626
2026-06-09 05:30:00,66.3,26.3,92.6,4.0,62.3,92.6,1.4863563402889246
2026-06-09 06:00:00,66.4,40.4,106.80000000000001,3.0,63.400000000000006,106.80000000000001,1.6845425867507886
2026-06-09 06:30:00,67.60000000000001,26.2,93.80000000000001,1.0,66.60000000000001,93.80000000000001,1.4084084084084083
2026-06-09 07:00:00,67.2,40.4,107.6,2.0,65.2,107.6,1.6503067484662575
2026-06-09 07:30:00,68.1,26.4,94.5,5.0,63.099999999999994,94.5,1.497622820919176
2026-06-09 08:00:00,67.10000000000001,40.4,107.5,3.0,64.10000000000001,107.5,1.6770670826833072
2026-06-09 08:30:00,66.8,26.9,93.69999999999999,1.0,65.8,93.69999999999999,1.4240121580547112
2026-06-09 09:00:00,65.6,41.6,107.19999999999999,1.0,64.6,107.19999999999999,1.6594427244582044
2026-06-09 09:30:00,65.9,42.0,107.9,4.0,61.900000000000006,107.9,1.7431340872374796
2026-06-09 10:00:00,65.9,42.8,108.7,3.0,62.900000000000006,108.7,1.7281399046104928
2026-06-09 10:30:00,66.2,42.6,108.80000000000001,1.0,65.2,108.80000000000001,1.668711656441718
2026-06-09 11:00:00,65.9,41.7,107.60000000000001,1.0,64.9,107.60000000000001,1.657935285053929
2026-06-09 11:30:00,65.9,35.8,101.7,4.0,61.900000000000006,101.7,1.6429725363489498
2026-06-09 12:00:00,65.4,30.1,95.5,3.0,62.400000000000006,95.5,1.5304487179487178
2026-06-09 12:30:00,65.8,37.2,103.0,1.0,64.8,103.0,1.5895061728395063
2026-06-09 13:00:00,65.0,33.2,98.2,1.0,64.0,98.2,1.534375
2026-06-09 13:30:00,65.6,26.8,92.39999999999999,4.0,61.599999999999994,92.39999999999999,1.5
2026-06-09 14:00:00,63.7,43.9,107.6,3.0,60.7,107.6,1.772652388797364
2026-06-09 14:30:00,64.7,24.8,89.5,1.0,63.7,89.5,1.4050235478806907
2026-06-09 15:00:00,65.5,31.7,97.2,1.0,64.5,97.2,1.5069767441860467
2026-06-09 15:30:00,66.5,33.2,99.7,4.0,62.5,99.7,1.5952
2026-06-09 16:00:00,67.1,34.0,101.1,3.0,64.1,101.1,1.577223088923557
2026-06-09 16:30:00,66.7,55.8,122.5,3.0,63.7,122.5,1.923076923076923
2026-06-09 17:00:00,71.3,7.0,78.3,12.0,59.3,78.3,1.3204047217537942
2026-06-09 17:30:00,73.6,34.9,108.5,8.0,65.6,108.5,1.6539634146341464
2026-06-09 18:00:00,72.5,37.3,109.8,5.0,67.5,109.8,1.6266666666666667
2026-06-09 18:30:00,54.3,45.8,100.1,1.0,53.3,100.1,1.8780487804878048
2026-06-09 19:00:00,50.099999999999994,25.5,75.6,2.0,48.099999999999994,75.6,1.5717255717255718
2026-06-09 19:30:00,52.099999999999994,21.1,73.19999999999999,1.0,51.099999999999994,73.19999999999999,1.4324853228962817
2026-06-09 20:00:00,52.099999999999994,21.6,73.69999999999999,0.0,52.099999999999994,73.69999999999999,1.4145873320537428
2026-06-09 20:30:00,52.0,21.8,73.8,1.0,51.0,73.8,1.4470588235294117
2026-06-09 21:00:00,52.199999999999996,21.3,73.5,1.0,51.199999999999996,73.5,1.4355468750000002
2026-06-09 21:30:00,52.800000000000004,20.7,73.5,3.0,49.800000000000004,73.5,1.4759036144578312
2026-06-09 22:00:00,52.9,20.3,73.2,3.0,49.9,73.2,1.466933867735471
2026-06-09 22:30:00,53.599999999999994,18.8,72.39999999999999,2.0,51.599999999999994,72.39999999999999,1.4031007751937985
2026-06-09 23:00:00,53.5,18.9,72.4,2.0,51.5,72.4,1.4058252427184468
2026-06-09 23:30:00,52.900000000000006,18.3,71.2,0.0,52.900000000000006,71.2,1.3459357277882797
2026-06-10 00:00:00,53.199999999999996,16.6,69.8,1.0,52.199999999999996,69.8,1.3371647509578544
2026-06-10 00:30:00,54.400000000000006,16.0,70.4,3.0,51.400000000000006,70.4,1.3696498054474708
2026-06-10 01:00:00,54.599999999999994,15.3,69.89999999999999,1.0,53.599999999999994,69.89999999999999,1.3041044776119404
2026-06-10 01:30:00,54.7,14.8,69.5,2.0,52.7,69.5,1.318785578747628
2026-06-10 02:00:00,56.7,14.7,71.4,2.0,54.7,71.4,1.3053016453382085
2026-06-10 02:30:00,58.39999999999999,15.1,73.49999999999999,1.0,57.39999999999999,73.49999999999999,1.2804878048780488
2026-06-10 03:00:00,58.3,14.9,73.2,1.0,57.3,73.2,1.2774869109947644
2026-06-10 03:30:00,58.400000000000006,14.7,73.10000000000001,4.0,54.400000000000006,73.10000000000001,1.34375
2026-06-10 04:00:00,59.5,14.6,74.1,1.0,58.5,74.1,1.2666666666666666
2026-06-10 04:30:00,60.2,14.6,74.8,2.0,58.2,74.8,1.2852233676975944
2026-06-10 05:00:00,60.3,14.6,74.89999999999999,1.0,59.3,74.89999999999999,1.263069139966273
2026-06-10 05:30:00,60.099999999999994,14.4,74.5,1.0,59.099999999999994,74.5,1.2605752961082912
2026-06-10 06:00:00,60.2,14.6,74.8,3.0,57.2,74.8,1.3076923076923075
2026-06-10 06:30:00,60.0,14.7,74.7,2.0,58.0,74.7,1.2879310344827586
2026-06-10 07:00:00,59.900000000000006,14.7,74.60000000000001,2.0,57.900000000000006,74.60000000000001,1.2884283246977548
2026-06-10 07:30:00,60.0,15.0,75.0,1.0,59.0,75.0,1.271186440677966
2026-06-10 08:00:00,59.400000000000006,15.2,74.60000000000001,1.0,58.400000000000006,74.60000000000001,1.2773972602739727
2026-06-10 08:30:00,59.099999999999994,15.3,74.39999999999999,2.0,57.099999999999994,74.39999999999999,1.3029772329246936
2026-06-10 09:00:00,58.800000000000004,15.8,74.60000000000001,3.0,55.800000000000004,74.60000000000001,1.3369175627240144
2026-06-10 09:30:00,58.5,16.2,74.7,3.0,55.5,74.7,1.345945945945946
2026-06-10 10:00:00,58.199999999999996,16.3,74.5,1.0,57.199999999999996,74.5,1.3024475524475525
2026-06-10 10:30:00,58.6,16.4,75.0,0.0,58.6,75.0,1.2798634812286689
2026-06-10 11:00:00,63.099999999999994,18.3,81.39999999999999,6.0,57.099999999999994,81.39999999999999,1.425569176882662
2026-06-10 11:30:00,68.3,20.8,89.1,4.0,64.3,89.1,1.385692068429238
2026-06-10 12:00:00,75.89999999999999,23.2,99.1,6.0,69.89999999999999,99.1,1.4177396280400574
2026-06-10 12:30:00,80.6,26.0,106.6,5.0,75.6,106.6,1.41005291005291
2026-06-10 13:00:00,79.8,27.6,107.4,5.0,74.8,107.4,1.4358288770053478
2026-06-10 13:30:00,75.2,27.6,102.80000000000001,4.0,71.2,102.80000000000001,1.4438202247191012
2026-06-10 14:00:00,74.9,34.9,109.80000000000001,4.0,70.9,109.80000000000001,1.5486600846262342
2026-06-10 14:30:00,74.0,33.8,107.8,4.0,70.0,107.8,1.54
2026-06-10 15:00:00,75.5,26.3,101.8,6.0,69.5,101.8,1.4647482014388489
2026-06-10 15:30:00,78.0,30.8,108.8,5.0,73.0,108.8,1.4904109589041095
2026-06-10 16:00:00,76.3,41.1,117.4,4.0,72.3,117.4,1.6237897648686033
2026-06-10 16:30:00,80.1,26.9,107.0,6.0,74.1,107.0,1.4439946018893388
2026-06-10 17:00:00,81.80000000000001,28.1,109.9,8.0,73.80000000000001,109.9,1.489159891598916
2026-06-10 17:30:00,80.3,36.9,117.19999999999999,1.0,79.3,117.19999999999999,1.4779319041614123
2026-06-10 18:00:00,76.69999999999999,35.3,111.99999999999999,8.0,68.69999999999999,111.99999999999999,1.6302765647743813
2026-06-10 18:30:00,80.8,25.6,106.4,5.0,75.8,106.4,1.403693931398417
2026-06-10 19:00:00,81.7,26.4,108.1,5.0,76.7,108.1,1.409387222946545
2026-06-10 19:30:00,79.3,27.7,107.0,6.0,73.3,107.0,1.4597544338335608
2026-06-10 20:00:00,78.0,36.2,114.2,4.0,74.0,114.2,1.5432432432432432
2026-06-10 20:30:00,77.1,30.2,107.3,4.0,73.1,107.3,1.4678522571819426
2026-06-10 21:00:00,78.7,23.9,102.6,5.0,73.7,102.6,1.3921302578018995
2026-06-10 21:30:00,78.2,23.9,102.1,8.0,70.2,102.1,1.4544159544159543
2026-06-10 22:00:00,78.80000000000001,23.6,102.4,4.0,74.80000000000001,102.4,1.3689839572192513
2026-06-10 22:30:00,79.0,23.8,102.8,6.0,73.0,102.8,1.4082191780821918
2026-06-10 23:00:00,79.19999999999999,23.8,102.99999999999999,6.0,73.19999999999999,102.99999999999999,1.4071038251366121
2026-06-10 23:30:00,79.1,23.6,102.69999999999999,5.0,74.1,102.69999999999999,1.3859649122807016
2026-06-11 00:00:00,79.0,23.0,102.0,7.0,72.0,102.0,1.4166666666666667
2026-06-11 00:30:00,78.80000000000001,22.3,101.10000000000001,5.0,73.80000000000001,101.10000000000001,1.3699186991869918
2026-06-11 01:00:00,78.3,21.3,99.6,6.0,72.3,99.6,1.3775933609958506
2026-06-11 01:30:00,78.4,20.7,99.10000000000001,7.0,71.4,99.10000000000001,1.387955182072829
2026-06-11 02:00:00,78.5,20.4,98.9,5.0,73.5,98.9,1.345578231292517
2026-06-11 02:30:00,78.2,20.3,98.5,6.0,72.2,98.5,1.3642659279778393
2026-06-11 03:00:00,77.39999999999999,19.8,97.19999999999999,4.0,73.39999999999999,97.19999999999999,1.32425068119891
2026-06-11 03:30:00,77.0,19.6,96.6,5.0,72.0,96.6,1.3416666666666666
2026-06-11 04:00:00,77.0,19.3,96.3,7.0,70.0,96.3,1.3757142857142857
2026-06-11 04:30:00,76.8,19.2,96.0,5.0,71.8,96.0,1.3370473537604457
2026-06-11 05:00:00,76.8,19.1,95.9,6.0,70.8,95.9,1.3545197740112995
2026-06-11 05:30:00,76.4,19.2,95.60000000000001,5.0,71.4,95.60000000000001,1.3389355742296918
2026-06-11 06:00:00,76.2,19.2,95.4,6.0,70.2,95.4,1.358974358974359
2026-06-11 06:30:00,76.0,19.0,95.0,4.0,72.0,95.0,1.3194444444444444
2026-06-11 07:00:00,76.2,19.2,95.4,5.0,71.2,95.4,1.3398876404494382
2026-06-11 07:30:00,76.1,19.1,95.19999999999999,5.0,71.1,95.19999999999999,1.3389592123769338
2026-06-11 08:00:00,75.9,19.3,95.2,4.0,71.9,95.2,1.3240611961057023
2026-06-11 08:30:00,76.1,19.5,95.6,7.0,69.1,95.6,1.3835021707670043
2026-06-11 09:00:00,76.1,20.5,96.6,3.0,73.1,96.6,1.3214774281805746
2026-06-11 09:30:00,75.9,21.4,97.30000000000001,6.0,69.9,97.30000000000001,1.391988555078684
2026-06-11 10:00:00,75.7,22.6,98.30000000000001,4.0,71.7,98.30000000000001,1.370990237099024
2026-06-11 10:30:00,75.30000000000001,22.7,98.00000000000001,6.0,69.30000000000001,98.00000000000001,1.4141414141414141
2026-06-11 11:00:00,75.0,22.5,97.5,3.0,72.0,97.5,1.3541666666666667
2026-06-11 11:30:00,74.5,22.8,97.3,6.0,68.5,97.3,1.4204379562043796
2026-06-11 12:00:00,74.4,22.6,97.0,3.0,71.4,97.0,1.3585434173669466
2026-06-11 12:30:00,74.2,23.2,97.4,6.0,68.2,97.4,1.4281524926686218
2026-06-11 13:00:00,74.19999999999999,22.4,96.6,4.0,70.19999999999999,96.6,1.3760683760683763
2026-06-11 13:30:00,74.30000000000001,23.0,97.30000000000001,6.0,68.30000000000001,97.30000000000001,1.4245973645680818
2026-06-11 14:00:00,74.9,23.4,98.30000000000001,4.0,70.9,98.30000000000001,1.386459802538787
2026-06-11 14:30:00,76.39999999999999,23.3,99.69999999999999,7.0,69.39999999999999,99.69999999999999,1.436599423631124
2026-06-11 15:00:00,82.19999999999999,24.6,106.79999999999998,8.0,74.19999999999999,106.79999999999998,1.4393530997304582
2026-06-11 15:30:00,90.7,26.2,116.9,9.0,81.7,116.9,1.430844553243574
2026-06-11 16:00:00,94.19999999999999,28.1,122.29999999999998,6.0,88.19999999999999,122.29999999999998,1.3866213151927438
2026-06-11 16:30:00,92.7,39.7,132.4,8.0,84.7,132.4,1.563164108618654
2026-06-11 17:00:00,93.30000000000001,27.1,120.4,7.0,86.30000000000001,120.4,1.3951332560834298
2026-06-11 17:30:00,92.7,40.5,133.2,8.0,84.7,133.2,1.5726092089728452
2026-06-11 18:00:00,89.5,45.7,135.2,7.0,82.5,135.2,1.6387878787878787
2026-06-11 18:30:00,92.1,30.2,122.3,6.0,86.1,122.3,1.4204413472706157
2026-06-11 19:00:00,91.7,45.9,137.6,7.0,84.7,137.6,1.6245572609208971
2026-06-11 19:30:00,92.8,34.1,126.9,7.0,85.8,126.9,1.4790209790209792
2026-06-11 20:00:00,91.70000000000002,49.0,140.70000000000002,6.0,85.70000000000002,140.70000000000002,1.6417736289381561
2026-06-11 20:30:00,91.7,35.9,127.6,6.0,85.7,127.6,1.4889148191365227
2026-06-11 21:00:00,92.6,48.5,141.1,6.0,86.6,141.1,1.6293302540415704
2026-06-11 21:30:00,92.0,38.0,130.0,9.0,83.0,130.0,1.5662650602409638
2026-06-11 22:00:00,94.0,45.1,139.1,4.0,90.0,139.1,1.5455555555555556
2026-06-11 22:30:00,91.39999999999999,43.7,135.1,7.0,84.39999999999999,135.1,1.6007109004739337
2026-06-11 23:00:00,93.8,39.9,133.7,7.0,86.8,133.7,1.5403225806451613
2026-06-11 23:30:00,92.4,45.9,138.3,7.0,85.4,138.3,1.6194379391100704
2026-06-12 00:00:00,94.19999999999999,37.4,131.6,5.0,89.19999999999999,131.6,1.4753363228699552
2026-06-12 00:30:00,93.1,45.5,138.6,6.0,87.1,138.6,1.5912743972445464
2026-06-12 01:00:00,95.39999999999999,38.0,133.39999999999998,9.0,86.39999999999999,133.39999999999998,1.5439814814814814
2026-06-12 01:30:00,94.7,46.1,140.8,6.0,88.7,140.8,1.5873731679819618
2026-06-12 02:00:00,95.30000000000001,34.2,129.5,8.0,87.30000000000001,129.5,1.4833906071019471
2026-06-12 02:30:00,95.0,48.8,143.8,6.0,89.0,143.8,1.6157303370786518
2026-06-12 03:00:00,93.9,39.1,133.0,9.0,84.9,133.0,1.5665488810365134
2026-06-12 03:30:00,94.99999999999999,44.7,139.7,7.0,87.99999999999999,139.7,1.5875000000000001
2026-06-12 04:00:00,92.9,42.2,135.10000000000002,7.0,85.9,135.10000000000002,1.5727590221187429
2026-06-12 04:30:00,94.9,41.7,136.60000000000002,5.0,89.9,136.60000000000002,1.5194660734149057
2026-06-12 05:00:00,93.6,46.4,140.0,9.0,84.6,140.0,1.6548463356973997
2026-06-12 05:30:00,95.2,38.0,133.2,6.0,89.2,133.2,1.4932735426008967
2026-06-12 06:00:00,92.99999999999999,46.3,139.29999999999998,6.0,86.99999999999999,139.29999999999998,1.6011494252873564
2026-06-12 06:30:00,93.89999999999999,36.7,130.6,7.0,86.89999999999999,130.6,1.5028768699654775
2026-06-12 07:00:00,93.5,46.3,139.8,9.0,84.5,139.8,1.6544378698224853
2026-06-12 07:30:00,94.7,36.1,130.8,7.0,87.7,130.8,1.491448118586089
2026-06-12 08:00:00,94.7,48.5,143.2,4.0,90.7,143.2,1.5788313120176405
2026-06-12 08:30:00,94.5,36.9,131.4,8.0,86.5,131.4,1.5190751445086705
2026-06-12 09:00:00,95.3,48.5,143.8,7.0,88.3,143.8,1.6285390713476786
2026-06-12 09:30:00,94.1,40.1,134.2,9.0,85.1,134.2,1.5769682726204466
2026-06-12 10:00:00,95.3,43.6,138.9,2.0,93.3,138.9,1.4887459807073955
2026-06-12 10:30:00,93.5,41.2,134.7,9.0,84.5,134.7,1.5940828402366862
2026-06-12 11:00:00,95.1,42.8,137.89999999999998,7.0,88.1,137.89999999999998,1.5652667423382518
2026-06-12 11:30:00,92.89999999999999,41.7,134.6,9.0,83.89999999999999,134.6,1.6042908224076282
2026-06-12 12:00:00,95.3,41.5,136.8,4.0,91.3,136.8,1.498357064622125
2026-06-12 12:30:00,94.6,39.9,134.5,7.0,87.6,134.5,1.5353881278538815
2026-06-12 13:00:00,96.0,45.7,141.7,8.0,88.0,141.7,1.6102272727272726
2026-06-12 13:30:00,93.7,42.5,136.2,8.0,85.7,136.2,1.5892648774795797
2026-06-12 14:00:00,95.6,42.1,137.7,7.0,88.6,137.7,1.554176072234763
2026-06-12 14:30:00,94.1,40.4,134.5,5.0,89.1,134.5,1.5095398428731763
2026-06-12 15:00:00,95.5,44.1,139.6,9.0,86.5,139.6,1.613872832369942
2026-06-12 15:30:00,93.8,44.6,138.4,9.0,84.8,138.4,1.6320754716981134
2026-06-12 16:00:00,95.39999999999999,40.2,135.6,5.0,90.39999999999999,135.6,1.5
2026-06-12 16:30:00,93.9,41.5,135.4,6.0,87.9,135.4,1.540386803185438
2026-06-12 17:00:00,95.5,42.3,137.8,8.0,87.5,137.8,1.574857142857143
2026-06-12 17:30:00,93.4,46.4,139.8,8.0,85.4,139.8,1.6370023419203747
2026-06-12 18:00:00,95.6,38.2,133.8,7.0,88.6,133.8,1.5101580135440182
2026-06-12 18:30:00,94.49999999999999,44.1,138.6,5.0,89.49999999999999,138.6,1.5486033519553075
2026-06-12 19:00:00,95.89999999999999,40.5,136.39999999999998,8.0,87.89999999999999,136.39999999999998,1.551763367463026
2026-06-12 19:30:00,93.89999999999999,44.3,138.2,8.0,85.89999999999999,138.2,1.6088474970896391
2026-06-12 20:00:00,95.8,31.2,127.0,9.0,86.8,127.0,1.4631336405529953
2026-06-12 20:30:00,95.0,48.0,143.0,6.0,89.0,143.0,1.6067415730337078
2026-06-12 21:00:00,94.6,35.3,129.89999999999998,5.0,89.6,129.89999999999998,1.4497767857142856
2026-06-12 21:30:00,94.5,48.4,142.9,8.0,86.5,142.9,1.6520231213872834
2026-06-12 22:00:00,93.9,37.0,130.9,8.0,85.9,130.9,1.5238649592549476
2026-06-12 22:30:00,94.89999999999999,46.3,141.2,6.0,88.89999999999999,141.2,1.5883014623172105
2026-06-12 23:00:00,95.0,34.8,129.8,5.0,90.0,129.8,1.4422222222222223
2026-06-12 23:30:00,94.60000000000001,49.5,144.10000000000002,8.0,86.60000000000001,144.10000000000002,1.663972286374134
2026-06-13 00:00:00,94.4,36.8,131.2,8.0,86.4,131.2,1.5185185185185184
2026-06-13 00:30:00,94.6,49.9,144.5,6.0,88.6,144.5,1.6309255079006773
2026-06-13 01:00:00,93.9,41.1,135.0,9.0,84.9,135.0,1.5901060070671378
2026-06-13 01:30:00,95.69999999999999,42.3,138.0,5.0,90.69999999999999,138.0,1.521499448732084
2026-06-13 02:00:00,94.19999999999999,36.6,130.79999999999998,8.0,86.19999999999999,130.79999999999998,1.517401392111369
2026-06-13 02:30:00,96.2,27.0,123.2,9.0,87.2,123.2,1.4128440366972477
2026-06-13 03:00:00,96.4,31.8,128.20000000000002,6.0,90.4,128.2,1.4181415929203538
2026-06-13 03:30:00,95.1,34.3,129.39999999999998,8.0,87.1,129.39999999999998,1.4856486796785302
2026-06-13 04:00:00,96.5,25.8,122.3,7.0,89.5,122.3,1.3664804469273744
2026-06-13 04:30:00,95.9,37.5,133.4,9.0,86.9,133.4,1.5350978135788262
2026-06-13 05:00:00,94.9,28.2,123.10000000000001,8.0,86.9,123.10000000000001,1.4165707710011508
2026-06-13 05:30:00,96.4,27.5,123.9,8.0,88.4,123.9,1.4015837104072397
2026-06-13 06:00:00,94.9,40.0,134.9,7.0,87.9,134.9,1.534698521046644
2026-06-13 06:30:00,95.4,24.8,120.2,7.0,88.4,120.2,1.3597285067873304
2026-06-13 07:00:00,96.5,29.3,125.8,7.0,89.5,125.8,1.405586592178771
2026-06-13 07:30:00,95.0,40.8,135.8,7.0,88.0,135.8,1.5431818181818182
2026-06-13 08:00:00,93.69999999999999,38.3,132.0,6.0,87.69999999999999,132.0,1.5051311288483469
2026-06-13 08:30:00,94.3,39.5,133.8,6.0,88.3,133.8,1.5152887882219708
2026-06-13 09:00:00,94.2,40.8,135.0,7.0,87.2,135.0,1.5481651376146788
2026-06-13 09:30:00,94.3,43.7,138.0,6.0,88.3,138.0,1.5628539071347678
2026-06-13 10:00:00,94.6,47.2,141.8,6.0,88.6,141.8,1.6004514672686232
2026-06-13 10:30:00,94.30000000000001,45.5,139.8,6.0,88.30000000000001,139.8,1.5832389580973951
2026-06-13 11:00:00,94.4,43.4,137.8,6.0,88.4,137.8,1.5588235294117647
2026-06-13 11:30:00,94.5,43.8,138.3,7.0,87.5,138.3,1.5805714285714287
2026-06-13 12:00:00,94.8,43.3,138.1,6.0,88.8,138.1,1.5551801801801801
2026-06-13 12:30:00,95.1,44.7,139.8,7.0,88.1,139.8,1.5868331441543702
2026-06-13 13:00:00,94.8,47.3,142.1,7.0,87.8,142.1,1.6184510250569475
2026-06-13 13:30:00,94.4,45.6,140.0,4.0,90.4,140.0,1.5486725663716814
2026-06-13 14:00:00,94.30000000000001,45.8,140.10000000000002,7.0,87.30000000000001,140.10000000000002,1.604810996563574
2026-06-13 14:30:00,94.2,45.2,139.4,7.0,87.2,139.4,1.598623853211009
2026-06-13 15:00:00,94.4,46.3,140.7,5.0,89.4,140.7,1.5738255033557045
2026-06-13 15:30:00,94.80000000000001,45.5,140.3,7.0,87.80000000000001,140.3,1.5979498861047836
2026-06-13 16:00:00,94.80000000000001,46.1,140.9,6.0,88.80000000000001,140.9,1.5867117117117115
2026-06-13 16:30:00,94.9,44.0,138.9,7.0,87.9,138.9,1.5802047781569966
2026-06-13 17:00:00,95.0,46.6,141.6,6.0,89.0,141.6,1.5910112359550561
2026-06-13 17:30:00,95.2,45.0,140.2,8.0,87.2,140.2,1.6077981651376145
2026-06-13 18:00:00,95.0,43.2,138.2,6.0,89.0,138.2,1.5528089887640448
2026-06-13 18:30:00,94.30000000000001,42.8,137.10000000000002,5.0,89.30000000000001,137.10000000000002,1.5352743561030235
2026-06-13 19:00:00,94.6,42.9,137.5,8.0,86.6,137.5,1.5877598152424943
2026-06-13 19:30:00,94.30000000000001,45.8,140.10000000000002,7.0,87.30000000000001,140.10000000000002,1.604810996563574
2026-06-13 20:00:00,94.2,45.4,139.6,4.0,90.2,139.6,1.5476718403547671
2026-06-13 20:30:00,94.5,44.0,138.5,7.0,87.5,138.5,1.582857142857143
2026-06-13 21:00:00,94.5,45.3,139.8,7.0,87.5,139.8,1.5977142857142859
2026-06-13 21:30:00,94.20000000000002,44.1,138.3,6.0,88.20000000000002,138.3,1.5680272108843536
2026-06-13 22:00:00,94.4,45.7,140.10000000000002,7.0,87.4,140.10000000000002,1.6029748283752863
2026-06-13 22:30:00,94.1,47.8,141.89999999999998,7.0,87.1,141.89999999999998,1.629161882893226
2026-06-13 23:00:00,94.0,46.6,140.6,6.0,88.0,140.6,1.5977272727272727
2026-06-13 23:30:00,94.49999999999999,46.9,141.39999999999998,6.0,88.49999999999999,141.39999999999998,1.5977401129943503
2026-06-14 00:00:00,94.2,45.9,140.1,6.0,88.2,140.1,1.5884353741496597
2026-06-14 00:30:00,94.10000000000001,47.0,141.10000000000002,6.0,88.10000000000001,141.10000000000002,1.601589103291714
2026-06-14 01:00:00,93.8,47.3,141.1,6.0,87.8,141.1,1.6070615034168565
2026-06-14 01:30:00,93.9,47.3,141.2,6.0,87.9,141.2,1.6063708759954491
2026-06-14 02:00:00,93.5,43.3,136.8,6.0,87.5,136.8,1.5634285714285716
2026-06-14 02:30:00,93.4,43.8,137.2,6.0,87.4,137.2,1.5697940503432493
2026-06-14 03:00:00,93.0,41.7,134.7,6.0,87.0,134.7,1.5482758620689654
2026-06-14 03:30:00,93.0,39.1,132.1,6.0,87.0,132.1,1.518390804597701
2026-06-14 04:00:00,92.80000000000001,37.8,130.60000000000002,6.0,86.80000000000001,130.60000000000002,1.5046082949308757
2026-06-14 04:30:00,92.6,36.2,128.8,6.0,86.6,128.8,1.4872979214780602
2026-06-14 05:00:00,92.80000000000001,36.2,129.0,5.0,87.80000000000001,129.0,1.4692482915717537
2026-06-14 05:30:00,92.69999999999999,37.3,130.0,6.0,86.69999999999999,130.0,1.4994232987312575
2026-06-14 06:00:00,92.69999999999999,36.9,129.6,7.0,85.69999999999999,129.6,1.5122520420070014
2026-06-14 06:30:00,92.1,35.4,127.5,6.0,86.1,127.5,1.480836236933798
2026-06-14 07:00:00,92.20000000000002,36.9,129.10000000000002,5.0,87.20000000000002,129.10000000000002,1.4805045871559632
2026-06-14 07:30:00,93.0,37.1,130.1,8.0,85.0,130.1,1.5305882352941176
2026-06-14 08:00:00,93.3,37.0,130.3,5.0,88.3,130.3,1.475651189127973
2026-06-14 08:30:00,93.4,37.8,131.2,6.0,87.4,131.2,1.5011441647597252
2026-06-14 09:00:00,93.5,39.2,132.7,9.0,84.5,132.7,1.570414201183432
2026-06-14 09:30:00,94.0,41.1,135.1,4.0,90.0,135.1,1.501111111111111
2026-06-14 10:00:00,93.9,44.0,137.9,7.0,86.9,137.9,1.5868814729574223
2026-06-14 10:30:00,93.6,47.2,140.8,7.0,86.6,140.8,1.6258660508083143
2026-06-14 11:00:00,93.4,45.9,139.3,4.0,89.4,139.3,1.558165548098434
2026-06-14 11:30:00,93.4,43.4,136.8,8.0,85.4,136.8,1.6018735362997658
2026-06-14 12:00:00,93.4,44.9,138.3,7.0,86.4,138.3,1.6006944444444444
2026-06-14 12:30:00,93.19999999999999,44.3,137.5,4.0,89.19999999999999,137.5,1.5414798206278029
2026-06-14 13:00:00,93.4,45.2,138.60000000000002,7.0,86.4,138.60000000000002,1.6041666666666667
2026-06-14 13:30:00,93.69999999999999,43.8,137.5,7.0,86.69999999999999,137.5,1.5859284890426761
2026-06-14 14:00:00,93.89999999999999,43.4,137.29999999999998,5.0,88.89999999999999,137.29999999999998,1.544431946006749
2026-06-14 14:30:00,93.60000000000001,43.6,137.20000000000002,6.0,87.60000000000001,137.20000000000002,1.5662100456621004
2026-06-14 15:00:00,93.80000000000001,43.6,137.4,7.0,86.80000000000001,137.4,1.5829493087557602
2026-06-14 15:30:00,93.8,43.6,137.4,5.0,88.8,137.4,1.5472972972972974
2026-06-14 16:00:00,94.2,43.7,137.9,6.0,88.2,137.9,1.5634920634920635
2026-06-14 16:30:00,94.3,43.9,138.2,7.0,87.3,138.2,1.5830469644902634
2026-06-14 17:00:00,94.39999999999999,43.4,137.79999999999998,6.0,88.39999999999999,137.79999999999998,1.5588235294117647
2026-06-14 17:30:00,94.6,43.6,138.2,7.0,87.6,138.2,1.5776255707762556
2026-06-14 18:00:00,94.3,43.6,137.9,5.0,89.3,137.9,1.544232922732363
2026-06-14 18:30:00,94.8,43.9,138.7,7.0,87.8,138.7,1.5797266514806378
2026-06-14 19:00:00,94.39999999999999,43.6,138.0,6.0,88.39999999999999,138.0,1.561085972850679
2026-06-14 19:30:00,94.7,43.8,138.5,9.0,85.7,138.5,1.61610268378063
2026-06-14 20:00:00,94.39999999999999,43.7,138.1,7.0,87.39999999999999,138.1,1.580091533180778
2026-06-14 20:30:00,94.49999999999999,43.8,138.29999999999998,6.0,88.49999999999999,138.29999999999998,1.5627118644067797
2026-06-14 21:00:00,94.39999999999999,43.8,138.2,6.0,88.39999999999999,138.2,1.5633484162895928
2026-06-14 21:30:00,94.2,43.6,137.8,6.0,88.2,137.8,1.562358276643991
2026-06-14 22:00:00,93.9,43.4,137.3,6.0,87.9,137.3,1.5620022753128555
2026-06-14 22:30:00,93.30000000000001,43.7,137.0,7.0,86.30000000000001,137.0,1.5874855156431051
2026-06-14 23:00:00,93.8,43.6,137.4,5.0,88.8,137.4,1.5472972972972974
2026-06-14 23:30:00,93.69999999999999,43.7,137.39999999999998,7.0,86.69999999999999,137.39999999999998,1.5847750865051902
2026-06-15 00:00:00,93.5,44.4,137.9,6.0,87.5,137.9,1.576
2026-06-15 00:30:00,93.19999999999999,46.2,139.39999999999998,5.0,88.19999999999999,139.39999999999998,1.5804988662131518
2026-06-15 01:00:00,93.3,46.2,139.5,8.0,85.3,139.5,1.6354044548651818
2026-06-15 01:30:00,93.5,45.2,138.7,6.0,87.5,138.7,1.585142857142857
2026-06-15 02:00:00,93.3,45.1,138.4,5.0,88.3,138.4,1.5673839184597962
2026-06-15 02:30:00,93.4,44.7,138.10000000000002,7.0,86.4,138.10000000000002,1.5983796296296298
2026-06-15 03:00:00,93.1,46.3,139.39999999999998,6.0,87.1,139.39999999999998,1.6004592422502868
2026-06-15 03:30:00,92.8,46.5,139.3,5.0,87.8,139.3,1.5865603644646926
2026-06-15 04:00:00,92.6,46.3,138.89999999999998,7.0,85.6,138.89999999999998,1.622663551401869
2026-06-15 04:30:00,93.19999999999999,44.1,137.29999999999998,6.0,87.19999999999999,137.29999999999998,1.5745412844036697
2026-06-15 05:00:00,92.69999999999999,43.1,135.79999999999998,5.0,87.69999999999999,135.79999999999998,1.548460661345496
2026-06-15 05:30:00,92.4,42.3,134.7,7.0,85.4,134.7,1.5772833723653394
2026-06-15 06:00:00,92.7,42.0,134.7,7.0,85.7,134.7,1.571761960326721
2026-06-15 06:30:00,92.4,41.8,134.2,4.0,88.4,134.2,1.518099547511312
2026-06-15 07:00:00,92.6,41.7,134.3,8.0,84.6,134.3,1.587470449172577
2026-06-15 07:30:00,92.5,41.7,134.2,6.0,86.5,134.2,1.551445086705202
2026-06-15 08:00:00,92.7,43.0,135.7,4.0,88.7,135.7,1.5298759864712512
2026-06-15 08:30:00,93.1,46.0,139.1,9.0,84.1,139.1,1.6539833531510106
2026-06-15 09:00:00,92.6,45.3,137.89999999999998,7.0,85.6,137.89999999999998,1.6109813084112148
2026-06-15 09:30:00,92.4,45.0,137.4,4.0,88.4,137.4,1.5542986425339367
2026-06-15 10:00:00,92.6,46.9,139.5,7.0,85.6,139.5,1.6296728971962617
2026-06-15 10:30:00,93.1,43.8,136.89999999999998,6.0,87.1,136.89999999999998,1.5717566016073476
2026-06-15 11:00:00,93.29999999999998,45.5,138.79999999999998,5.0,88.29999999999998,138.79999999999998,1.5719139297848246
2026-06-15 11:30:00,93.3,45.1,138.4,8.0,85.3,138.4,1.6225087924970694
2026-06-15 12:00:00,93.10000000000001,44.7,137.8,5.0,88.10000000000001,137.8,1.5641316685584563
2026-06-15 12:30:00,93.4,43.8,137.2,5.0,88.4,137.2,1.5520361990950224
2026-06-15 13:00:00,93.19999999999999,44.8,138.0,8.0,85.19999999999999,138.0,1.6197183098591552
2026-06-15 13:30:00,93.2,44.8,138.0,5.0,88.2,138.0,1.564625850340136
2026-06-15 14:00:00,93.6,45.1,138.7,6.0,87.6,138.7,1.5833333333333333
2026-06-15 14:30:00,93.7,46.3,140.0,8.0,85.7,140.0,1.633605600933489
2026-06-15 15:00:00,94.1,44.9,139.0,5.0,89.1,139.0,1.5600448933782267
2026-06-15 15:30:00,94.1,44.0,138.1,5.0,89.1,138.1,1.5499438832772165
2026-06-15 16:00:00,94.19999999999999,44.3,138.5,9.0,85.19999999999999,138.5,1.6255868544600942
2026-06-15 16:30:00,94.9,44.0,138.9,5.0,89.9,138.9,1.5450500556173525
2026-06-15 17:00:00,94.9,43.9,138.8,8.0,86.9,138.8,1.5972382048331415
2026-06-15 17:30:00,95.1,44.3,139.39999999999998,6.0,89.1,139.39999999999998,1.5645342312008976
2026-06-15 18:00:00,94.9,43.9,138.8,8.0,86.9,138.8,1.5972382048331415
2026-06-15 18:30:00,94.4,43.9,138.3,4.0,90.4,138.3,1.5298672566371683
2026-06-15 19:00:00,94.5,44.0,138.5,6.0,88.5,138.5,1.5649717514124293
2026-06-15 19:30:00,94.5,44.3,138.8,8.0,86.5,138.8,1.6046242774566475
2026-06-15 20:00:00,94.6,44.3,138.89999999999998,5.0,89.6,138.89999999999998,1.5502232142857142
2026-06-15 20:30:00,95.4,44.0,139.4,6.0,89.4,139.4,1.5592841163310962
2026-06-15 21:00:00,94.8,44.1,138.9,8.0,86.8,138.9,1.6002304147465438
2026-06-15 21:30:00,94.6,46.2,140.8,5.0,89.6,140.8,1.5714285714285716
2026-06-15 22:00:00,95.0,45.8,140.8,9.0,86.0,140.8,1.6372093023255816
2026-06-15 22:30:00,95.4,46.3,141.7,6.0,89.4,141.7,1.5850111856823264
2026-06-15 23:00:00,95.89999999999999,46.2,142.1,8.0,87.89999999999999,142.1,1.6166097838452789
2026-06-15 23:30:00,95.80000000000001,46.4,142.20000000000002,4.0,91.80000000000001,142.20000000000002,1.5490196078431373
2026-06-16 00:00:00,95.4,45.5,140.9,7.0,88.4,140.9,1.593891402714932
2026-06-16 00:30:00,95.5,46.8,142.3,8.0,87.5,142.3,1.6262857142857143
2026-06-16 01:00:00,95.69999999999999,46.3,142.0,4.0,91.69999999999999,142.0,1.548527808069793
2026-06-16 01:30:00,95.5,45.4,140.9,8.0,87.5,140.9,1.6102857142857143
2026-06-16 02:00:00,95.2,45.2,140.4,7.0,88.2,140.4,1.5918367346938775
2026-06-16 02:30:00,95.1,46.2,141.3,5.0,90.1,141.3,1.5682574916759158
2026-06-16 03:00:00,95.1,45.3,140.39999999999998,7.0,88.1,140.39999999999998,1.593643586833144
2026-06-16 03:30:00,95.4,45.6,141.0,8.0,87.4,141.0,1.6132723112128144
2026-06-16 04:00:00,94.7,45.6,140.3,8.0,86.7,140.3,1.6182237600922722
2026-06-16 04:30:00,94.5,45.8,140.3,4.0,90.5,140.3,1.5502762430939228
2026-06-16 05:00:00,94.89999999999999,46.0,140.89999999999998,6.0,88.89999999999999,140.89999999999998,1.5849268841394824
2026-06-16 05:30:00,95.1,45.7,140.8,8.0,87.1,140.8,1.6165327210103333
2026-06-16 06:00:00,95.0,44.4,139.4,6.0,89.0,139.4,1.5662921348314607
2026-06-16 06:30:00,94.8,44.9,139.7,6.0,88.8,139.7,1.5731981981981982
2026-06-16 07:00:00,94.60000000000001,44.2,138.8,7.0,87.60000000000001,138.8,1.5844748858447488
2026-06-16 07:30:00,94.2,44.4,138.6,5.0,89.2,138.6,1.553811659192825
2026-06-16 08:00:00,93.69999999999999,43.7,137.39999999999998,6.0,87.69999999999999,137.39999999999998,1.5667046750285063
2026-06-16 08:30:00,93.6,43.7,137.3,7.0,86.6,137.3,1.5854503464203236
2026-06-16 09:00:00,93.3,43.6,136.9,5.0,88.3,136.9,1.55039637599094
2026-06-16 09:30:00,92.80000000000001,43.2,136.0,6.0,86.80000000000001,136.0,1.5668202764976957
2026-06-16 10:00:00,93.6,44.0,137.6,7.0,86.6,137.6,1.5889145496535797
2026-06-16 10:30:00,94.39999999999999,43.7,138.1,6.0,88.39999999999999,138.1,1.5622171945701357
2026-06-16 11:00:00,94.39999999999999,43.6,138.0,10.0,84.39999999999999,138.0,1.6350710900473935
2026-06-16 11:30:00,96.0,41.7,137.7,5.0,91.0,137.7,1.5131868131868131
2026-06-16 12:00:00,94.5,45.9,140.4,8.0,86.5,140.4,1.623121387283237
2026-06-16 12:30:00,94.0,44.0,138.0,5.0,89.0,138.0,1.550561797752809
2026-06-16 13:00:00,94.6,44.1,138.7,6.0,88.6,138.7,1.5654627539503385
2026-06-16 13:30:00,95.3,44.2,139.5,7.0,88.3,139.5,1.5798414496036242
2026-06-16 14:00:00,95.1,54.5,149.6,6.0,89.1,149.6,1.6790123456790125
2026-06-16 14:30:00,94.3,54.6,148.9,5.0,89.3,148.9,1.6674132138857785
2026-06-16 15:00:00,93.69999999999999,54.7,148.39999999999998,4.0,89.69999999999999,148.39999999999998,1.6544035674470456
2026-06-16 16:00:00,29.0,20.6,49.6,1.0,28.0,49.6,1.7714285714285716
2026-06-16 16:30:00,29.700000000000003,21.7,51.400000000000006,3.0,26.700000000000003,51.400000000000006,1.9250936329588015
2026-06-16 17:00:00,48.1,12.3,60.400000000000006,1.0,47.1,60.400000000000006,1.2823779193205946
2026-06-16 17:30:00,61.7,30.2,91.9,2.0,59.7,91.9,1.5393634840871022
2026-06-16 18:00:00,68.6,30.5,99.1,7.0,61.599999999999994,99.1,1.6087662337662338
2026-06-16 18:30:00,76.4,31.6,108.0,5.0,71.4,108.0,1.5126050420168067
2026-06-16 19:00:00,86.80000000000001,34.3,121.10000000000001,6.0,80.80000000000001,121.10000000000001,1.4987623762376237
2026-06-16 19:30:00,87.5,35.6,123.1,7.0,80.5,123.1,1.529192546583851
2026-06-16 20:00:00,87.6,35.4,123.0,9.0,78.6,123.0,1.5648854961832062
2026-06-16 20:30:00,87.4,35.3,122.7,8.0,79.4,122.7,1.5453400503778336
2026-06-16 21:00:00,87.5,35.8,123.3,8.0,79.5,123.3,1.550943396226415
2026-06-16 21:30:00,87.1,35.0,122.1,7.0,80.1,122.1,1.5243445692883895
2026-06-16 22:00:00,86.1,35.2,121.3,5.0,81.1,121.3,1.495684340320592
2026-06-16 22:30:00,85.6,34.8,120.39999999999999,7.0,78.6,120.39999999999999,1.5318066157760815
2026-06-16 23:00:00,84.2,34.7,118.9,6.0,78.2,118.9,1.520460358056266
2026-06-16 23:30:00,79.9,33.3,113.2,5.0,74.9,113.2,1.5113484646194926
2026-06-17 00:00:00,76.7,32.5,109.2,6.0,70.7,109.2,1.5445544554455446
2026-06-17 00:30:00,75.0,31.9,106.9,4.0,71.0,106.9,1.5056338028169014
2026-06-17 01:00:00,73.8,31.7,105.5,2.0,71.8,105.5,1.4693593314763231
2026-06-17 01:30:00,72.69999999999999,30.9,103.6,6.0,66.69999999999999,103.6,1.5532233883058473
2026-06-17 02:00:00,71.4,30.9,102.30000000000001,2.0,69.4,102.30000000000001,1.4740634005763689
2026-06-17 02:30:00,70.0,30.6,100.6,3.0,67.0,100.6,1.5014925373134327
2026-06-17 03:00:00,68.3,29.7,98.0,4.0,64.3,98.0,1.5241057542768275
2026-06-17 03:30:00,67.1,29.6,96.69999999999999,1.0,66.1,96.69999999999999,1.4629349470499242
2026-06-17 04:00:00,66.9,29.6,96.5,2.0,64.9,96.5,1.4869029275808936
2026-06-17 04:30:00,66.60000000000001,30.0,96.60000000000001,4.0,62.60000000000001,96.60000000000001,1.5431309904153354
2026-06-17 05:00:00,65.3,29.2,94.5,3.0,62.3,94.5,1.5168539325842698
2026-06-17 05:30:00,62.7,28.7,91.4,1.0,61.7,91.4,1.481361426256078
2026-06-17 06:00:00,61.39999999999999,28.4,89.79999999999998,1.0,60.39999999999999,89.79999999999998,1.4867549668874172
2026-06-17 06:30:00,60.199999999999996,28.2,88.39999999999999,2.0,58.199999999999996,88.39999999999999,1.5189003436426116
2026-06-17 07:00:00,58.9,27.6,86.5,3.0,55.9,86.5,1.5474060822898033
2026-06-17 07:30:00,57.89999999999999,27.8,85.69999999999999,2.0,55.89999999999999,85.69999999999999,1.5330948121645795
2026-06-17 08:00:00,57.60000000000001,27.1,84.70000000000002,1.0,56.60000000000001,84.70000000000002,1.4964664310954063
2026-06-17 08:30:00,56.5,27.2,83.7,0.0,56.5,83.7,1.4814159292035398
2026-06-17 09:00:00,56.5,34.9,91.4,1.0,55.5,91.4,1.646846846846847
2026-06-17 09:30:00,56.2,24.8,81.0,2.0,54.2,81.0,1.4944649446494465
2026-06-17 10:00:00,56.50000000000001,21.5,78.0,4.0,52.50000000000001,78.0,1.4857142857142855
2026-06-17 10:30:00,56.199999999999996,20.5,76.69999999999999,2.0,54.199999999999996,76.69999999999999,1.4151291512915127
2026-06-17 11:00:00,55.6,20.1,75.7,1.0,54.6,75.7,1.3864468864468864
2026-06-17 11:30:00,55.1,20.2,75.3,0.0,55.1,75.3,1.366606170598911
2026-06-17 12:00:00,56.60000000000001,20.4,77.0,2.0,54.60000000000001,77.0,1.4102564102564101
2026-06-17 12:30:00,56.400000000000006,21.1,77.5,2.0,54.400000000000006,77.5,1.4246323529411764
2026-06-17 13:00:00,55.9,21.4,77.3,4.0,51.9,77.3,1.489402697495183
2026-06-17 13:30:00,55.5,21.8,77.3,2.0,53.5,77.3,1.4448598130841122
2026-06-17 14:00:00,55.5,22.4,77.9,1.0,54.5,77.9,1.4293577981651377
2026-06-17 14:30:00,56.1,23.5,79.6,0.0,56.1,79.6,1.4188948306595364
2026-06-17 15:00:00,55.8,24.8,80.6,1.0,54.8,80.6,1.4708029197080292
2026-06-17 15:30:00,55.800000000000004,27.5,83.30000000000001,2.0,53.800000000000004,83.30000000000001,1.5483271375464684
2026-06-17 16:00:00,56.5,27.2,83.7,3.0,53.5,83.7,1.5644859813084113
2026-06-17 16:30:00,56.2,27.1,83.30000000000001,2.0,54.2,83.30000000000001,1.5369003690036902
2026-06-17 17:00:00,56.2,27.4,83.6,1.0,55.2,83.6,1.5144927536231882
2026-06-17 17:30:00,56.300000000000004,27.3,83.60000000000001,0.0,56.300000000000004,83.60000000000001,1.4849023090586146
2026-06-17 18:00:00,56.5,27.2,83.7,2.0,54.5,83.7,1.5357798165137615
2026-06-17 18:30:00,55.7,27.2,82.9,2.0,53.7,82.9,1.5437616387337059
2026-06-17 19:00:00,55.7,27.2,82.9,3.0,52.7,82.9,1.573055028462998
2026-06-17 19:30:00,55.7,27.3,83.0,2.0,53.7,83.0,1.5456238361266292
2026-06-17 20:00:00,55.6,27.0,82.6,2.0,53.6,82.6,1.5410447761194028
2026-06-17 20:30:00,55.4,26.7,82.1,0.0,55.4,82.1,1.4819494584837545
2026-06-17 21:00:00,55.199999999999996,26.3,81.5,0.0,55.199999999999996,81.5,1.4764492753623188
2026-06-17 21:30:00,54.2,26.9,81.1,3.0,51.2,81.1,1.5839843749999998
2026-06-17 22:00:00,54.400000000000006,26.3,80.7,1.0,53.400000000000006,80.7,1.5112359550561796
2026-06-17 22:30:00,53.900000000000006,26.1,80.0,3.0,50.900000000000006,80.0,1.5717092337917484
2026-06-17 23:00:00,54.5,26.8,81.3,1.0,53.5,81.3,1.519626168224299
2026-06-17 23:30:00,53.900000000000006,26.1,80.0,1.0,52.900000000000006,80.0,1.5122873345935726
2026-06-18 00:00:00,53.7,26.1,79.80000000000001,0.0,53.7,79.80000000000001,1.4860335195530727
2026-06-18 00:30:00,53.3,26.4,79.69999999999999,1.0,52.3,79.69999999999999,1.5239005736137665
2026-06-18 01:00:00,52.599999999999994,26.1,78.69999999999999,3.0,49.599999999999994,78.69999999999999,1.5866935483870968
2026-06-18 01:30:00,52.3,25.3,77.6,3.0,49.3,77.6,1.5740365111561865
2026-06-18 02:00:00,53.0,26.7,79.7,2.0,51.0,79.7,1.5627450980392157
2026-06-18 02:30:00,52.7,25.2,77.9,1.0,51.7,77.9,1.506769825918762
2026-06-18 03:00:00,53.099999999999994,26.7,79.8,1.0,52.099999999999994,79.8,1.5316698656429943
2026-06-18 03:30:00,52.8,25.6,78.4,0.0,52.8,78.4,1.484848484848485
2026-06-18 04:00:00,52.3,26.5,78.8,1.0,51.3,78.8,1.5360623781676415
2026-06-18 04:30:00,51.8,24.9,76.69999999999999,2.0,49.8,76.69999999999999,1.540160642570281
2026-06-18 05:00:00,51.5,25.2,76.7,2.0,49.5,76.7,1.5494949494949495
2026-06-18 05:30:00,50.599999999999994,25.6,76.19999999999999,3.0,47.599999999999994,76.19999999999999,1.6008403361344536
2026-06-18 06:00:00,49.2,25.5,74.7,1.0,48.2,74.7,1.549792531120332
2026-06-18 06:30:00,48.10000000000001,23.0,71.10000000000001,1.0,47.10000000000001,71.10000000000001,1.5095541401273884
2026-06-18 07:00:00,48.3,24.1,72.4,1.0,47.3,72.4,1.5306553911205076
2026-06-18 07:30:00,48.99999999999999,25.9,74.89999999999999,0.0,48.99999999999999,74.89999999999999,1.5285714285714287
2026-06-18 08:00:00,49.5,24.1,73.6,1.0,48.5,73.6,1.5175257731958762
2026-06-18 08:30:00,49.199999999999996,26.5,75.69999999999999,2.0,47.199999999999996,75.69999999999999,1.6038135593220337
2026-06-18 09:00:00,48.699999999999996,24.6,73.3,1.0,47.699999999999996,73.3,1.5366876310272537
2026-06-18 09:30:00,48.3,21.6,69.9,3.0,45.3,69.9,1.5430463576158944
2026-06-18 10:00:00,48.099999999999994,23.1,71.19999999999999,0.0,48.099999999999994,71.19999999999999,1.48024948024948
2026-06-18 10:30:00,47.0,22.7,69.7,1.0,46.0,69.7,1.5152173913043478
2026-06-18 11:00:00,49.099999999999994,22.2,71.3,1.0,48.099999999999994,71.3,1.4823284823284824
2026-06-18 11:30:00,51.8,25.5,77.3,0.0,51.8,77.3,1.4922779922779923
2026-06-18 12:00:00,52.0,26.1,78.1,2.0,50.0,78.1,1.5619999999999998
2026-06-18 12:30:00,51.5,26.5,78.0,2.0,49.5,78.0,1.5757575757575757
2026-06-18 13:00:00,51.6,26.1,77.7,3.0,48.6,77.7,1.5987654320987654
2026-06-18 13:30:00,52.0,25.7,77.7,1.0,51.0,77.7,1.523529411764706
2026-06-18 14:00:00,51.9,26.2,78.1,2.0,49.9,78.1,1.565130260521042
2026-06-18 14:30:00,51.7,26.3,78.0,0.0,51.7,78.0,1.5087040618955512
2026-06-18 15:00:00,52.1,25.6,77.7,1.0,51.1,77.7,1.5205479452054795
2026-06-18 15:30:00,51.9,25.6,77.5,4.0,47.9,77.5,1.6179540709812108
2026-06-18 16:00:00,52.2,26.7,78.9,3.0,49.2,78.9,1.603658536585366
2026-06-18 16:30:00,52.0,25.6,77.6,2.0,50.0,77.6,1.5519999999999998
2026-06-18 17:00:00,52.3,25.8,78.1,0.0,52.3,78.1,1.4933078393881454
2026-06-18 17:30:00,52.3,26.1,78.4,1.0,51.3,78.4,1.5282651072124758
2026-06-18 18:00:00,51.6,25.4,77.0,0.0,51.6,77.0,1.4922480620155039
2026-06-18 18:30:00,51.4,26.1,77.5,2.0,49.4,77.5,1.5688259109311742
2026-06-18 19:00:00,52.0,25.2,77.2,2.0,50.0,77.2,1.544
2026-06-18 19:30:00,51.1,26.4,77.5,3.0,48.1,77.5,1.6112266112266111
2026-06-18 20:00:00,51.3,25.3,76.6,2.0,49.3,76.6,1.5537525354969575
2026-06-18 20:30:00,51.6,25.8,77.4,1.0,50.6,77.4,1.5296442687747036
2026-06-18 21:00:00,51.0,25.6,76.6,0.0,51.0,76.6,1.5019607843137255
2026-06-18 21:30:00,51.099999999999994,26.0,77.1,0.0,51.099999999999994,77.1,1.5088062622309197
2026-06-18 22:00:00,51.099999999999994,25.6,76.69999999999999,3.0,48.099999999999994,76.69999999999999,1.5945945945945945
2026-06-18 22:30:00,51.099999999999994,25.6,76.69999999999999,1.0,50.099999999999994,76.69999999999999,1.530938123752495
2026-06-18 23:00:00,51.5,25.5,77.0,3.0,48.5,77.0,1.5876288659793814
2026-06-18 23:30:00,51.199999999999996,26.2,77.39999999999999,1.0,50.199999999999996,77.39999999999999,1.5418326693227091
2026-06-19 00:00:00,51.300000000000004,25.7,77.0,1.0,50.300000000000004,77.0,1.5308151093439362
2026-06-19 00:30:00,50.900000000000006,25.2,76.10000000000001,0.0,50.900000000000006,76.10000000000001,1.4950884086444007
2026-06-19 01:00:00,51.5,25.8,77.3,0.0,51.5,77.3,1.5009708737864078
2026-06-19 01:30:00,51.300000000000004,25.6,76.9,4.0,47.300000000000004,76.9,1.6257928118393234
2026-06-19 02:00:00,51.5,26.2,77.7,2.0,49.5,77.7,1.5696969696969698
2026-06-19 02:30:00,51.4,25.8,77.2,2.0,49.4,77.2,1.562753036437247
2026-06-19 03:00:00,51.0,25.3,76.3,1.0,50.0,76.3,1.526
2026-06-19 03:30:00,51.0,26.3,77.3,3.0,48.0,77.3,1.6104166666666666
2026-06-19 04:00:00,50.8,24.6,75.4,0.0,50.8,75.4,1.4842519685039373
2026-06-19 04:30:00,51.0,25.8,76.8,1.0,50.0,76.8,1.536
2026-06-19 05:00:00,51.3,25.3,76.6,2.0,49.3,76.6,1.5537525354969575
2026-06-19 05:30:00,51.2,25.9,77.1,4.0,47.2,77.1,1.6334745762711862
2026-06-19 06:00:00,51.7,25.1,76.80000000000001,1.0,50.7,76.80000000000001,1.5147928994082842
2026-06-19 06:30:00,51.900000000000006,26.0,77.9,0.0,51.900000000000006,77.9,1.5009633911368014
2026-06-19 07:00:00,51.8,25.4,77.19999999999999,1.0,50.8,77.19999999999999,1.5196850393700787
2026-06-19 07:30:00,51.7,25.8,77.5,0.0,51.7,77.5,1.4990328820116052
2026-06-19 08:00:00,51.400000000000006,25.8,77.2,2.0,49.400000000000006,77.2,1.5627530364372468
2026-06-19 08:30:00,50.39999999999999,25.3,75.69999999999999,2.0,48.39999999999999,75.69999999999999,1.5640495867768596
2026-06-19 09:00:00,50.2,26.2,76.4,4.0,46.2,76.4,1.6536796536796536
2026-06-19 09:30:00,49.5,25.1,74.6,1.0,48.5,74.6,1.538144329896907
2026-06-19 10:00:00,49.8,25.5,75.3,0.0,49.8,75.3,1.5120481927710843
2026-06-19 10:30:00,49.0,25.3,74.3,1.0,48.0,74.3,1.5479166666666666
2026-06-19 11:00:00,50.3,25.4,75.69999999999999,1.0,49.3,75.69999999999999,1.535496957403651
2026-06-19 11:30:00,51.7,26.5,78.2,3.0,48.7,78.2,1.6057494866529773
2026-06-19 12:00:00,52.5,26.1,78.6,3.0,49.5,78.6,1.5878787878787877
2026-06-19 12:30:00,52.0,26.4,78.4,2.0,50.0,78.4,1.568
2026-06-19 13:00:00,51.7,26.2,77.9,0.0,51.7,77.9,1.506769825918762
2026-06-19 13:30:00,51.4,26.4,77.8,1.0,50.4,77.8,1.5436507936507937
2026-06-19 14:00:00,51.9,26.1,78.0,0.0,51.9,78.0,1.5028901734104048
2026-06-19 14:30:00,54.9,26.5,81.4,7.0,47.9,81.4,1.69937369519833
2026-06-19 15:00:00,69.60000000000001,30.8,100.4,2.0,67.60000000000001,100.4,1.4852071005917158
2026-06-19 15:30:00,77.1,46.2,123.3,5.0,72.1,123.3,1.7101248266296811
2026-06-19 16:00:00,82.8,37.5,120.3,4.0,78.8,120.3,1.5266497461928934
2026-06-19 16:30:00,81.6,51.6,133.2,6.0,75.6,133.2,1.7619047619047619
2026-06-19 17:00:00,83.0,38.8,121.8,5.0,78.0,121.8,1.5615384615384615
2026-06-19 17:30:00,80.9,44.9,125.80000000000001,7.0,73.9,125.80000000000001,1.702300405953992
2026-06-19 18:00:00,83.5,34.1,117.6,3.0,80.5,117.6,1.4608695652173913
2026-06-19 18:30:00,83.7,36.6,120.30000000000001,7.0,76.7,120.30000000000001,1.5684485006518907
2026-06-19 19:00:00,83.30000000000001,31.2,114.50000000000001,9.0,74.30000000000001,114.50000000000001,1.541049798115747
2026-06-19 19:30:00,85.19999999999999,33.7,118.89999999999999,3.0,82.19999999999999,118.89999999999999,1.4464720194647203
2026-06-19 20:00:00,82.1,42.1,124.19999999999999,6.0,76.1,124.19999999999999,1.6320630749014455
2026-06-19 20:30:00,79.8,43.0,122.8,1.0,78.8,122.8,1.5583756345177666
2026-06-19 21:00:00,79.2,41.9,121.1,8.0,71.2,121.1,1.7008426966292134
2026-06-19 21:30:00,78.30000000000001,41.8,120.10000000000001,3.0,75.30000000000001,120.10000000000001,1.594953519256308
2026-06-19 22:00:00,78.0,42.6,120.6,2.0,76.0,120.6,1.5868421052631578
2026-06-19 22:30:00,77.0,42.3,119.3,6.0,71.0,119.3,1.680281690140845
2026-06-19 23:00:00,77.1,42.2,119.3,1.0,76.1,119.3,1.5676741130091985
2026-06-19 23:30:00,74.89999999999999,41.9,116.79999999999998,3.0,71.89999999999999,116.79999999999998,1.6244784422809457
2026-06-20 00:00:00,74.7,30.2,104.9,5.0,69.7,104.9,1.5050215208034434
2026-06-20 00:30:00,74.4,29.3,103.7,2.0,72.4,103.7,1.4323204419889501
2026-06-20 01:00:00,73.5,28.1,101.6,6.0,67.5,101.6,1.5051851851851852
2026-06-20 01:30:00,72.60000000000001,27.7,100.30000000000001,1.0,71.60000000000001,100.30000000000001,1.4008379888268156
2026-06-20 02:00:00,72.1,28.1,100.19999999999999,3.0,69.1,100.19999999999999,1.4500723589001447
2026-06-20 02:30:00,71.3,26.8,98.1,5.0,66.3,98.1,1.4796380090497738
2026-06-20 03:00:00,70.2,27.1,97.30000000000001,1.0,69.2,97.30000000000001,1.4060693641618498
2026-06-20 03:30:00,68.6,26.1,94.69999999999999,3.0,65.6,94.69999999999999,1.4435975609756098
2026-06-20 04:00:00,67.2,25.0,92.2,2.0,65.2,92.2,1.4141104294478528
2026-06-20 04:30:00,66.0,24.8,90.8,4.0,62.0,90.8,1.464516129032258
2026-06-20 05:00:00,65.2,24.8,90.0,1.0,64.2,90.0,1.4018691588785046
2026-06-20 05:30:00,64.10000000000001,24.7,88.80000000000001,1.0,63.10000000000001,88.80000000000001,1.4072900158478605
2026-06-20 06:00:00,63.60000000000001,24.2,87.80000000000001,3.0,60.60000000000001,87.80000000000001,1.4488448844884487
2026-06-20 06:30:00,63.199999999999996,24.4,87.6,5.0,58.199999999999996,87.6,1.5051546391752577
2026-06-20 07:00:00,62.50000000000001,23.8,86.30000000000001,2.0,60.50000000000001,86.30000000000001,1.4264462809917355
2026-06-20 08:00:00,21.2,20.4,41.599999999999994,0.0,21.2,41.599999999999994,1.962264150943396
2026-06-20 09:00:00,21.4,1.8,23.2,1.0,20.4,23.2,1.1372549019607843
2026-06-20 09:30:00,21.6,18.1,39.7,0.0,21.6,39.7,1.837962962962963
2026-06-20 10:00:00,21.5,6.7,28.2,0.0,21.5,28.2,1.3116279069767443
2026-06-20 10:30:00,21.6,13.1,34.7,1.0,20.6,34.7,1.6844660194174756
2026-06-20 11:00:00,21.6,9.8,31.400000000000002,1.0,20.6,31.400000000000002,1.5242718446601942
2026-06-20 11:30:00,21.5,9.9,31.4,1.0,20.5,31.4,1.5317073170731708
2026-06-20 12:00:00,21.6,12.3,33.900000000000006,0.0,21.6,33.900000000000006,1.5694444444444446
2026-06-20 12:30:00,21.5,7.1,28.6,0.0,21.5,28.6,1.330232558139535
2026-06-20 13:00:00,21.4,17.2,38.599999999999994,1.0,20.4,38.599999999999994,1.892156862745098
2026-06-20 13:30:00,21.6,2.8,24.400000000000002,0.0,21.6,24.400000000000002,1.1296296296296298
2026-06-20 14:00:00,21.4,18.0,39.4,0.0,21.4,39.4,1.841121495327103
2026-06-20 14:30:00,21.5,3.9,25.4,1.0,20.5,25.4,1.2390243902439024
2026-06-20 15:00:00,21.4,15.8,37.2,1.0,20.4,37.2,1.823529411764706
2026-06-20 15:30:00,21.5,8.7,30.2,1.0,20.5,30.2,1.473170731707317
2026-06-20 16:00:00,21.5,11.1,32.6,0.0,21.5,32.6,1.516279069767442
2026-06-20 16:30:00,21.299999999999997,12.9,34.199999999999996,2.0,19.299999999999997,34.199999999999996,1.7720207253886011
2026-06-20 17:00:00,21.4,6.8,28.2,1.0,20.4,28.2,1.3823529411764706
2026-06-20 17:30:00,21.4,15.6,37.0,0.0,21.4,37.0,1.7289719626168225
2026-06-20 18:00:00,21.4,4.1,25.5,0.0,21.4,25.5,1.191588785046729
2026-06-20 18:30:00,21.4,18.2,39.599999999999994,0.0,21.4,39.599999999999994,1.850467289719626
2026-06-20 19:00:00,21.5,3.9,25.4,1.0,20.5,25.4,1.2390243902439024
2026-06-20 19:30:00,21.5,15.6,37.1,0.0,21.5,37.1,1.7255813953488373
2026-06-20 20:00:00,21.5,7.4,28.9,1.0,20.5,28.9,1.4097560975609755
2026-06-20 20:30:00,21.5,12.1,33.6,1.0,20.5,33.6,1.6390243902439026
2026-06-20 21:00:00,21.4,12.4,33.8,1.0,20.4,33.8,1.656862745098039
2026-06-20 21:30:00,21.4,7.5,28.9,1.0,20.4,28.9,1.4166666666666667
2026-06-20 22:00:00,21.4,16.2,37.599999999999994,0.0,21.4,37.599999999999994,1.7570093457943923
2026-06-20 22:30:00,21.4,3.5,24.9,0.0,21.4,24.9,1.1635514018691588
2026-06-20 23:00:00,21.5,17.8,39.3,1.0,20.5,39.3,1.9170731707317072
2026-06-20 23:30:00,21.4,2.1,23.5,1.0,20.4,23.5,1.1519607843137256
2026-06-21 00:00:00,21.1,17.3,38.400000000000006,0.0,21.1,38.400000000000006,1.8199052132701423
2026-06-21 00:30:00,20.700000000000003,4.5,25.200000000000003,0.0,20.700000000000003,25.200000000000003,1.2173913043478262
2026-06-21 01:00:00,20.5,14.7,35.2,1.0,19.5,35.2,1.8051282051282054
2026-06-21 01:30:00,20.6,6.0,26.6,0.0,20.6,26.6,1.29126213592233
2026-06-21 02:00:00,20.700000000000003,12.4,33.1,2.0,18.700000000000003,33.1,1.7700534759358286
2026-06-21 02:30:00,20.700000000000003,7.7,28.400000000000002,0.0,20.700000000000003,28.400000000000002,1.3719806763285023
2026-06-21 03:00:00,20.6,11.4,32.0,1.0,19.6,32.0,1.6326530612244896
2026-06-21 03:30:00,20.7,9.3,30.0,0.0,20.7,30.0,1.4492753623188406
2026-06-21 04:00:00,20.7,9.4,30.1,1.0,19.7,30.1,1.5279187817258884
2026-06-21 04:30:00,20.7,10.9,31.6,0.0,20.7,31.6,1.5265700483091789
2026-06-21 05:00:00,20.6,7.8,28.400000000000002,0.0,20.6,28.400000000000002,1.3786407766990292
2026-06-21 05:30:00,20.7,12.3,33.0,0.0,20.7,33.0,1.5942028985507246
2026-06-21 06:00:00,20.7,6.4,27.1,1.0,19.7,27.1,1.3756345177664975
2026-06-21 06:30:00,20.6,13.0,33.6,1.0,19.6,33.6,1.7142857142857142
2026-06-21 07:00:00,20.8,5.7,26.5,1.0,19.8,26.5,1.3383838383838382
2026-06-21 07:30:00,20.8,14.4,35.2,1.0,19.8,35.2,1.777777777777778
2026-06-21 08:00:00,20.8,4.6,25.4,0.0,20.8,25.4,1.221153846153846
2026-06-21 08:30:00,20.8,16.2,37.0,1.0,19.8,37.0,1.8686868686868687
2026-06-21 09:00:00,20.700000000000003,2.9,23.6,0.0,20.700000000000003,23.6,1.1400966183574879
2026-06-21 09:30:00,20.5,17.8,38.3,0.0,20.5,38.3,1.8682926829268292
2026-06-21 10:00:00,20.5,2.0,22.5,2.0,18.5,22.5,1.2162162162162162
2026-06-21 10:30:00,20.5,17.2,37.7,0.0,20.5,37.7,1.8390243902439025
2026-06-21 11:00:00,20.5,6.0,26.5,0.0,20.5,26.5,1.2926829268292683
2026-06-21 11:30:00,20.5,13.4,33.9,2.0,18.5,33.9,1.8324324324324324
2026-06-21 12:00:00,20.5,9.5,30.0,0.0,20.5,30.0,1.4634146341463414
2026-06-21 12:30:00,20.6,9.9,30.5,2.0,18.6,30.5,1.639784946236559
2026-06-21 13:00:00,21.1,13.9,35.0,0.0,21.1,35.0,1.6587677725118481
2026-06-21 13:30:00,21.5,6.0,27.5,1.0,20.5,27.5,1.3414634146341464
2026-06-21 14:00:00,21.5,18.2,39.7,0.0,21.5,39.7,1.8465116279069769
2026-06-21 14:30:00,21.6,2.2,23.8,1.0,20.6,23.8,1.1553398058252426
2026-06-21 15:00:00,21.5,17.8,39.3,0.0,21.5,39.3,1.827906976744186
2026-06-21 15:30:00,21.6,6.0,27.6,0.0,21.6,27.6,1.2777777777777777
2026-06-21 16:00:00,21.3,14.0,35.3,0.0,21.3,35.3,1.657276995305164
2026-06-21 16:30:00,21.4,11.3,32.7,0.0,21.4,32.7,1.5280373831775704
2026-06-21 17:00:00,21.299999999999997,8.9,30.199999999999996,2.0,19.299999999999997,30.199999999999996,1.5647668393782384
2026-06-21 17:30:00,21.099999999999998,15.1,36.199999999999996,1.0,20.099999999999998,36.199999999999996,1.800995024875622
2026-06-21 18:00:00,21.3,4.6,25.9,0.0,21.3,25.9,1.2159624413145538
2026-06-21 18:30:00,21.3,18.0,39.3,0.0,21.3,39.3,1.845070422535211
2026-06-21 19:00:00,21.3,2.8,24.1,0.0,21.3,24.1,1.131455399061033
2026-06-21 19:30:00,21.4,16.8,38.2,1.0,20.4,38.2,1.8725490196078434
2026-06-21 20:00:00,21.4,5.9,27.299999999999997,0.0,21.4,27.299999999999997,1.2757009345794392
2026-06-21 20:30:00,21.3,13.8,35.1,0.0,21.3,35.1,1.647887323943662
2026-06-21 21:00:00,21.2,9.3,30.5,1.0,20.2,30.5,1.50990099009901
2026-06-21 21:30:00,21.2,10.4,31.6,0.0,21.2,31.6,1.4905660377358492
2026-06-21 22:00:00,21.4,11.0,32.4,1.0,20.4,32.4,1.5882352941176472
2026-06-21 22:30:00,21.3,8.3,29.6,2.0,19.3,29.6,1.533678756476684
2026-06-21 23:00:00,21.4,12.8,34.2,2.0,19.4,34.2,1.7628865979381445
2026-06-21 23:30:00,21.2,6.6,27.799999999999997,0.0,21.2,27.799999999999997,1.311320754716981
2026-06-22 00:00:00,21.0,14.8,35.8,1.0,20.0,35.8,1.7899999999999998
2026-06-22 00:30:00,21.099999999999998,4.7,25.799999999999997,1.0,20.099999999999998,25.799999999999997,1.2835820895522387
2026-06-22 01:00:00,21.099999999999998,16.5,37.599999999999994,1.0,20.099999999999998,37.599999999999994,1.8706467661691542
2026-06-22 01:30:00,21.2,2.8,24.0,0.0,21.2,24.0,1.1320754716981132
2026-06-22 02:00:00,21.2,15.5,36.7,0.0,21.2,36.7,1.7311320754716983
2026-06-22 02:30:00,21.2,2.9,24.099999999999998,0.0,21.2,24.099999999999998,1.1367924528301887
2026-06-22 03:00:00,21.1,17.1,38.2,1.0,20.1,38.2,1.900497512437811
2026-06-22 03:30:00,21.1,1.8,22.900000000000002,0.0,21.1,22.900000000000002,1.085308056872038
2026-06-22 04:30:00,21.0,2.1,23.1,0.0,21.0,23.1,1.1
2026-06-22 05:00:00,21.1,16.4,37.5,0.0,21.1,37.5,1.777251184834123
2026-06-22 05:30:00,21.0,2.8,23.8,0.0,21.0,23.8,1.1333333333333333
2026-06-22 06:00:00,20.9,15.7,36.599999999999994,0.0,20.9,36.599999999999994,1.7511961722488036
2026-06-22 06:30:00,20.9,3.2,24.099999999999998,0.0,20.9,24.099999999999998,1.1531100478468899
2026-06-22 07:00:00,20.9,15.1,36.0,0.0,20.9,36.0,1.722488038277512
2026-06-22 07:30:00,21.0,3.8,24.8,1.0,20.0,24.8,1.24
2026-06-22 08:00:00,20.9,14.4,35.3,0.0,20.9,35.3,1.6889952153110048
2026-06-22 08:30:00,20.9,4.4,25.299999999999997,0.0,20.9,25.299999999999997,1.2105263157894737
2026-06-22 09:00:00,21.0,14.1,35.1,2.0,19.0,35.1,1.8473684210526315
2026-06-22 09:30:00,20.9,5.2,26.099999999999998,1.0,19.9,26.099999999999998,1.3115577889447236
2026-06-22 10:00:00,21.2,13.5,34.7,1.0,20.2,34.7,1.717821782178218
2026-06-22 10:30:00,21.299999999999997,6.3,27.599999999999998,1.0,20.299999999999997,27.599999999999998,1.3596059113300494
2026-06-22 11:00:00,21.2,12.3,33.5,1.0,20.2,33.5,1.6584158415841586
2026-06-22 11:30:00,23.4,7.7,31.099999999999998,1.0,22.4,31.099999999999998,1.3883928571428572
2026-06-22 12:00:00,24.200000000000003,12.2,36.400000000000006,1.0,23.200000000000003,36.400000000000006,1.5689655172413794
2026-06-22 12:30:00,30.500000000000004,11.4,41.900000000000006,1.0,29.500000000000004,41.900000000000006,1.4203389830508475
2026-06-22 13:00:00,34.5,20.3,54.8,1.0,33.5,54.8,1.635820895522388
2026-06-22 13:30:00,34.0,21.7,55.7,0.0,34.0,55.7,1.6382352941176472
2026-06-22 14:00:00,33.3,15.5,48.8,1.0,32.3,48.8,1.5108359133126936
2026-06-22 14:30:00,32.2,15.7,47.900000000000006,1.0,31.200000000000003,47.900000000000006,1.5352564102564104
2026-06-22 15:00:00,34.3,23.9,58.199999999999996,0.0,34.3,58.199999999999996,1.6967930029154519
2026-06-22 15:30:00,37.900000000000006,29.6,67.5,0.0,37.900000000000006,67.5,1.7810026385224271
2026-06-22 16:00:00,43.1,30.6,73.7,1.0,42.1,73.7,1.7505938242280286
2026-06-22 16:30:00,48.5,22.0,70.5,1.0,47.5,70.5,1.4842105263157894
2026-06-22 17:00:00,48.5,21.6,70.1,3.0,45.5,70.1,1.5406593406593405
2026-06-22 17:30:00,50.699999999999996,21.0,71.69999999999999,1.0,49.699999999999996,71.69999999999999,1.4426559356136819
2026-06-22 18:00:00,56.0,24.3,80.3,1.0,55.0,80.3,1.46
2026-06-22 18:30:00,57.699999999999996,27.8,85.5,2.0,55.699999999999996,85.5,1.5350089766606823
2026-06-22 19:00:00,58.3,27.6,85.9,0.0,58.3,85.9,1.4734133790737567
2026-06-22 19:30:00,57.199999999999996,27.3,84.5,1.0,56.199999999999996,84.5,1.50355871886121
2026-06-22 20:00:00,56.0,26.9,82.9,3.0,53.0,82.9,1.5641509433962266
2026-06-22 20:30:00,54.8,27.1,81.9,2.0,52.8,81.9,1.5511363636363638
2026-06-22 21:00:00,54.5,27.3,81.8,1.0,53.5,81.8,1.5289719626168223
2026-06-22 21:30:00,49.1,25.0,74.1,0.0,49.1,74.1,1.5091649694501017
2026-06-22 22:00:00,48.199999999999996,25.3,73.5,2.0,46.199999999999996,73.5,1.590909090909091
2026-06-22 22:30:00,47.5,24.5,72.0,1.0,46.5,72.0,1.5483870967741935
2026-06-22 23:00:00,47.10000000000001,25.1,72.20000000000002,0.0,47.10000000000001,72.20000000000002,1.5329087048832273
2026-06-22 23:30:00,47.300000000000004,24.5,71.80000000000001,0.0,47.300000000000004,71.80000000000001,1.517970401691332
2026-06-23 00:00:00,48.5,24.8,73.3,2.0,46.5,73.3,1.5763440860215052
2026-06-23 00:30:00,50.0,25.8,75.8,2.0,48.0,75.8,1.5791666666666666
2026-06-23 01:00:00,50.5,25.1,75.6,4.0,46.5,75.6,1.6258064516129032
2026-06-23 01:30:00,49.4,26.3,75.7,1.0,48.4,75.7,1.5640495867768596
2026-06-23 02:00:00,48.599999999999994,22.1,70.69999999999999,1.0,47.599999999999994,70.69999999999999,1.4852941176470587
2026-06-23 02:30:00,47.0,23.0,70.0,1.0,46.0,70.0,1.5217391304347827
2026-06-23 03:00:00,47.4,26.6,74.0,1.0,46.4,74.0,1.5948275862068966
2026-06-23 03:30:00,47.9,22.9,70.8,0.0,47.9,70.8,1.4780793319415448
2026-06-23 04:00:00,49.400000000000006,27.1,76.5,1.0,48.400000000000006,76.5,1.580578512396694
2026-06-23 04:30:00,48.5,24.3,72.8,1.0,47.5,72.8,1.5326315789473683
2026-06-23 05:00:00,49.099999999999994,25.8,74.89999999999999,3.0,46.099999999999994,74.89999999999999,1.6247288503253796
2026-06-23 05:30:00,50.3,25.8,76.1,1.0,49.3,76.1,1.5436105476673427
2026-06-23 06:00:00,50.7,25.7,76.4,1.0,49.7,76.4,1.5372233400402415
2026-06-23 06:30:00,50.1,26.0,76.1,1.0,49.1,76.1,1.5498981670061098
2026-06-23 07:00:00,49.7,24.6,74.30000000000001,1.0,48.7,74.30000000000001,1.5256673511293637
2026-06-23 07:30:00,49.900000000000006,25.5,75.4,0.0,49.900000000000006,75.4,1.5110220440881763
2026-06-23 08:00:00,49.0,25.7,74.7,0.0,49.0,74.7,1.5244897959183674
2026-06-23 08:30:00,48.9,25.1,74.0,1.0,47.9,74.0,1.5448851774530272
2026-06-23 09:00:00,50.400000000000006,26.1,76.5,4.0,46.400000000000006,76.5,1.648706896551724
2026-06-23 09:30:00,52.6,26.2,78.8,2.0,50.6,78.8,1.5573122529644268
2026-06-23 10:00:00,54.0,26.7,80.7,1.0,53.0,80.7,1.5226415094339623
2026-06-23 10:30:00,55.7,27.2,82.9,1.0,54.7,82.9,1.5155393053016453
2026-06-23 11:00:00,55.800000000000004,27.4,83.2,1.0,54.800000000000004,83.2,1.5182481751824817
2026-06-23 12:00:00,55.4,26.6,82.0,4.0,51.4,82.0,1.595330739299611
2026-06-23 12:30:00,53.900000000000006,28.7,82.60000000000001,2.0,51.900000000000006,82.60000000000001,1.5915221579961465
2026-06-23 13:00:00,50.7,44.6,95.30000000000001,0.0,50.7,95.30000000000001,1.8796844181459567
2026-06-23 13:30:00,48.699999999999996,17.6,66.3,1.0,47.699999999999996,66.3,1.3899371069182391
2026-06-23 14:00:00,49.7,28.5,78.2,2.0,47.7,78.2,1.6394129979035639
2026-06-23 14:30:00,50.6,32.6,83.2,2.0,48.6,83.2,1.7119341563786008
2026-06-23 15:00:00,50.599999999999994,25.3,75.89999999999999,1.0,49.599999999999994,75.89999999999999,1.530241935483871
2026-06-23 15:30:00,50.900000000000006,26.9,77.80000000000001,4.0,46.900000000000006,77.80000000000001,1.6588486140724947
2026-06-23 16:00:00,51.900000000000006,27.0,78.9,2.0,49.900000000000006,78.9,1.5811623246492985
2026-06-23 16:30:00,54.2,28.8,83.0,1.0,53.2,83.0,1.5601503759398496
2026-06-23 17:00:00,52.900000000000006,26.8,79.7,1.0,51.900000000000006,79.7,1.535645472061657
2026-06-23 17:30:00,54.199999999999996,27.6,81.8,3.0,51.199999999999996,81.8,1.59765625
2026-06-23 18:00:00,57.4,28.7,86.1,3.0,54.4,86.1,1.5827205882352942
2026-06-23 18:30:00,58.8,29.1,87.9,2.0,56.8,87.9,1.5475352112676057
2026-06-23 19:00:00,59.3,29.3,88.6,0.0,59.3,88.6,1.494097807757167
2026-06-23 19:30:00,59.0,29.4,88.4,3.0,56.0,88.4,1.5785714285714287
2026-06-23 20:00:00,59.5,29.3,88.8,1.0,58.5,88.8,1.5179487179487179
2026-06-23 20:30:00,59.5,29.3,88.8,2.0,57.5,88.8,1.5443478260869565
2026-06-23 21:00:00,59.400000000000006,29.4,88.80000000000001,2.0,57.400000000000006,88.80000000000001,1.5470383275261324
2026-06-23 21:30:00,59.8,29.1,88.9,1.0,58.8,88.9,1.511904761904762
2026-06-23 22:00:00,59.599999999999994,29.3,88.89999999999999,3.0,56.599999999999994,88.89999999999999,1.5706713780918728
2026-06-23 22:30:00,58.8,28.9,87.69999999999999,1.0,57.8,87.69999999999999,1.5173010380622836
2026-06-23 23:00:00,59.10000000000001,29.1,88.20000000000002,3.0,56.10000000000001,88.20000000000002,1.572192513368984
2026-06-23 23:30:00,59.1,28.8,87.9,2.0,57.1,87.9,1.5394045534150613
2026-06-24 00:00:00,58.800000000000004,28.9,87.7,1.0,57.800000000000004,87.7,1.5173010380622838
2026-06-24 00:30:00,58.199999999999996,29.1,87.3,2.0,56.199999999999996,87.3,1.5533807829181496
2026-06-24 01:00:00,58.6,28.8,87.4,1.0,57.6,87.4,1.5173611111111112
2026-06-24 01:30:00,58.599999999999994,29.1,87.69999999999999,3.0,55.599999999999994,87.69999999999999,1.5773381294964028
2026-06-24 02:00:00,58.5,28.8,87.3,3.0,55.5,87.3,1.572972972972973
2026-06-24 02:30:00,57.9,28.8,86.7,2.0,55.9,86.7,1.5509838998211092
2026-06-24 03:00:00,58.7,28.9,87.6,2.0,56.7,87.6,1.5449735449735449
2026-06-24 03:30:00,58.6,29.0,87.6,1.0,57.6,87.6,1.5208333333333333
2026-06-24 04:00:00,58.9,28.8,87.7,2.0,56.9,87.7,1.5413005272407734
2026-06-24 04:30:00,58.4,28.8,87.2,3.0,55.4,87.2,1.5740072202166067
2026-06-24 05:00:00,58.6,29.1,87.7,0.0,58.6,87.7,1.4965870307167235
2026-06-24 05:30:00,58.9,28.7,87.6,4.0,54.9,87.6,1.5956284153005464
2026-06-24 06:00:00,59.2,29.1,88.30000000000001,1.0,58.2,88.30000000000001,1.5171821305841926
2026-06-24 06:30:00,58.9,28.9,87.8,2.0,56.9,87.8,1.5430579964850615
2026-06-24 07:00:00,59.2,28.7,87.9,3.0,56.2,87.9,1.5640569395017794
2026-06-24 07:30:00,59.400000000000006,29.5,88.9,0.0,59.400000000000006,88.9,1.4966329966329965
2026-06-24 08:00:00,59.5,30.3,89.8,3.0,56.5,89.8,1.5893805309734512
2026-06-24 08:30:00,59.5,29.9,89.4,1.0,58.5,89.4,1.5282051282051283
2026-06-24 09:00:00,59.599999999999994,30.1,89.69999999999999,4.0,55.599999999999994,89.69999999999999,1.6133093525179856
2026-06-24 09:30:00,59.6,27.5,87.1,1.0,58.6,87.1,1.486348122866894
2026-06-24 10:00:00,59.2,30.1,89.30000000000001,1.0,58.2,89.30000000000001,1.534364261168385
2026-06-24 10:30:00,58.5,28.3,86.8,3.0,55.5,86.8,1.563963963963964
2026-06-24 11:00:00,58.900000000000006,27.7,86.60000000000001,1.0,57.900000000000006,86.60000000000001,1.4956822107081174
2026-06-24 11:30:00,58.599999999999994,27.6,86.19999999999999,3.0,55.599999999999994,86.19999999999999,1.5503597122302157
2026-06-24 12:00:00,59.1,28.3,87.4,1.0,58.1,87.4,1.504302925989673
2026-06-24 12:30:00,59.7,28.2,87.9,1.0,58.7,87.9,1.4974446337308347
2026-06-24 13:00:00,59.6,27.8,87.4,3.0,56.6,87.4,1.5441696113074206
2026-06-24 13:30:00,59.50000000000001,28.2,87.7,1.0,58.50000000000001,87.7,1.499145299145299
2026-06-24 14:00:00,58.699999999999996,28.5,87.19999999999999,2.0,56.699999999999996,87.19999999999999,1.5379188712522045
2026-06-24 14:30:00,59.400000000000006,27.6,87.0,2.0,57.400000000000006,87.0,1.5156794425087106
2026-06-24 15:00:00,59.099999999999994,28.4,87.5,1.0,58.099999999999994,87.5,1.5060240963855422
2026-06-24 15:30:00,58.99999999999999,27.5,86.5,1.0,57.99999999999999,86.5,1.4913793103448278
2026-06-24 16:00:00,59.7,28.6,88.30000000000001,2.0,57.7,88.30000000000001,1.5303292894280764
2026-06-24 16:30:00,59.300000000000004,28.0,87.30000000000001,4.0,55.300000000000004,87.30000000000001,1.5786618444846294
2026-06-24 17:00:00,61.400000000000006,35.1,96.5,2.0,59.400000000000006,96.5,1.6245791245791243
2026-06-24 17:30:00,58.099999999999994,31.6,89.69999999999999,1.0,57.099999999999994,89.69999999999999,1.5709281961471102
2026-06-24 18:00:00,58.9,35.8,94.69999999999999,2.0,56.9,94.69999999999999,1.664323374340949
2026-06-24 18:30:00,58.3,34.4,92.69999999999999,4.0,54.3,92.69999999999999,1.707182320441989
2026-06-24 19:00:00,58.8,27.5,86.3,2.0,56.8,86.3,1.5193661971830985
2026-06-24 19:30:00,58.400000000000006,28.3,86.7,2.0,56.400000000000006,86.7,1.5372340425531914
2026-06-24 20:00:00,59.0,27.5,86.5,1.0,58.0,86.5,1.4913793103448276
2026-06-24 20:30:00,58.900000000000006,28.3,87.2,2.0,56.900000000000006,87.2,1.532513181019332
2026-06-24 21:00:00,58.900000000000006,27.5,86.4,1.0,57.900000000000006,86.4,1.4922279792746114
2026-06-24 21:30:00,58.699999999999996,28.1,86.8,3.0,55.699999999999996,86.8,1.5583482944344704
2026-06-24 22:00:00,59.2,27.6,86.80000000000001,0.0,59.2,86.80000000000001,1.4662162162162162
2026-06-24 22:30:00,59.0,28.3,87.3,2.0,57.0,87.3,1.531578947368421
2026-06-24 23:00:00,58.9,27.7,86.6,2.0,56.9,86.6,1.5219683655536027
2026-06-24 23:30:00,58.8,28.1,86.9,2.0,56.8,86.9,1.529929577464789
2026-06-25 00:00:00,59.2,27.9,87.1,1.0,58.2,87.1,1.4965635738831613
2026-06-25 00:30:00,58.99999999999999,28.1,87.1,2.0,56.99999999999999,87.1,1.5280701754385966
2026-06-25 01:00:00,58.8,27.9,86.69999999999999,1.0,57.8,86.69999999999999,1.4999999999999998
2026-06-25 01:30:00,57.900000000000006,27.7,85.60000000000001,2.0,55.900000000000006,85.60000000000001,1.5313059033989267
2026-06-25 02:00:00,58.099999999999994,27.1,85.19999999999999,2.0,56.099999999999994,85.19999999999999,1.5187165775401068
2026-06-25 02:30:00,58.3,27.9,86.19999999999999,1.0,57.3,86.19999999999999,1.5043630017452005
2026-06-25 03:00:00,58.6,27.6,86.2,2.0,56.6,86.2,1.5229681978798586
2026-06-25 03:30:00,58.7,27.9,86.6,3.0,55.7,86.6,1.5547576301615798
2026-06-25 04:00:00,58.800000000000004,27.9,86.7,0.0,58.800000000000004,86.7,1.4744897959183674
2026-06-25 04:30:00,58.9,27.8,86.7,3.0,55.9,86.7,1.5509838998211092
2026-06-25 05:00:00,59.2,27.9,87.1,1.0,58.2,87.1,1.4965635738831613
2026-06-25 05:30:00,58.9,27.4,86.3,4.0,54.9,86.3,1.5719489981785064
2026-06-25 06:00:00,58.9,27.8,86.7,1.0,57.9,86.7,1.4974093264248705
2026-06-25 06:30:00,59.6,27.8,87.4,2.0,57.6,87.4,1.5173611111111112
2026-06-25 07:00:00,59.9,28.2,88.1,0.0,59.9,88.1,1.4707846410684473
2026-06-25 07:30:00,59.8,28.1,87.9,3.0,56.8,87.9,1.5475352112676057
2026-06-25 08:00:00,59.5,28.3,87.8,1.0,58.5,87.8,1.5008547008547009
2026-06-25 08:30:00,59.50000000000001,28.0,87.5,2.0,57.50000000000001,87.5,1.5217391304347825
2026-06-25 09:00:00,59.6,28.3,87.9,1.0,58.6,87.9,1.5
2026-06-25 09:30:00,59.4,28.2,87.6,2.0,57.4,87.6,1.5261324041811846
2026-06-25 10:00:00,59.5,27.8,87.3,1.0,58.5,87.3,1.4923076923076923
2026-06-25 10:30:00,59.3,28.2,87.5,2.0,57.3,87.5,1.5270506108202444
2026-06-25 11:00:00,59.6,28.0,87.6,1.0,58.6,87.6,1.4948805460750851
2026-06-25 11:30:00,59.8,28.4,88.19999999999999,2.0,57.8,88.19999999999999,1.5259515570934254
2026-06-25 12:00:00,59.7,28.4,88.1,3.0,56.7,88.1,1.5537918871252203
2026-06-25 12:30:00,59.8,28.1,87.9,3.0,56.8,87.9,1.5475352112676057
2026-06-25 13:00:00,59.800000000000004,28.3,88.10000000000001,1.0,58.800000000000004,88.10000000000001,1.498299319727891
2026-06-25 13:30:00,59.9,28.7,88.6,2.0,57.9,88.6,1.5302245250431779
2026-06-25 14:00:00,59.7,27.9,87.6,1.0,58.7,87.6,1.492333901192504
2026-06-25 14:30:00,59.2,27.9,87.1,1.0,58.2,87.1,1.4965635738831613
2026-06-25 15:00:00,59.7,28.2,87.9,4.0,55.7,87.9,1.5780969479353681
2026-06-25 15:30:00,59.9,28.7,88.6,1.0,58.9,88.6,1.5042444821731749
2026-06-25 16:00:00,60.2,28.3,88.5,1.0,59.2,88.5,1.4949324324324325
2026-06-25 16:30:00,60.0,28.2,88.2,2.0,58.0,88.2,1.5206896551724138
2026-06-25 17:00:00,59.7,28.5,88.2,2.0,57.7,88.2,1.5285961871750433
2026-06-25 17:30:00,59.6,28.1,87.7,2.0,57.6,87.7,1.5225694444444444
2026-06-25 18:00:00,59.6,27.9,87.5,3.0,56.6,87.5,1.5459363957597172
2026-06-25 18:30:00,59.699999999999996,29.0,88.69999999999999,0.0,59.699999999999996,88.69999999999999,1.4857621440536013
2026-06-25 19:00:00,59.4,27.9,87.3,2.0,57.4,87.3,1.5209059233449478
2026-06-25 19:30:00,58.699999999999996,27.6,86.3,1.0,57.699999999999996,86.3,1.4956672443674177
2026-06-25 20:00:00,58.8,27.8,86.6,3.0,55.8,86.6,1.5519713261648744
2026-06-25 20:30:00,58.3,27.8,86.1,1.0,57.3,86.1,1.5026178010471205
2026-06-25 21:00:00,58.10000000000001,27.8,85.9,3.0,55.10000000000001,85.9,1.5589836660617058
2026-06-25 21:30:00,57.5,27.5,85.0,0.0,57.5,85.0,1.4782608695652173
2026-06-25 22:00:00,57.2,27.1,84.30000000000001,1.0,56.2,84.30000000000001,1.5000000000000002
2026-06-25 22:30:00,56.699999999999996,27.2,83.89999999999999,2.0,54.699999999999996,83.89999999999999,1.5338208409506398
2026-06-25 23:00:00,57.3,27.0,84.3,3.0,54.3,84.3,1.5524861878453038
2026-06-25 23:30:00,57.0,27.4,84.4,0.0,57.0,84.4,1.480701754385965
2026-06-26 00:00:00,56.8,26.8,83.6,2.0,54.8,83.6,1.5255474452554745
2026-06-26 00:30:00,56.8,27.1,83.9,2.0,54.8,83.9,1.5310218978102192
2026-06-26 01:00:00,56.2,27.0,83.2,0.0,56.2,83.2,1.480427046263345
2026-06-26 01:30:00,56.300000000000004,26.6,82.9,3.0,53.300000000000004,82.9,1.5553470919324577
2026-06-26 02:00:00,57.49999999999999,27.1,84.6,2.0,55.49999999999999,84.6,1.5243243243243245
2026-06-26 02:30:00,57.3,28.0,85.3,2.0,55.3,85.3,1.54249547920434
2026-06-26 03:00:00,57.2,27.1,84.30000000000001,1.0,56.2,84.30000000000001,1.5000000000000002
2026-06-26 03:30:00,56.8,26.9,83.69999999999999,2.0,54.8,83.69999999999999,1.5273722627737225
2026-06-26 04:00:00,56.2,27.0,83.2,0.0,56.2,83.2,1.480427046263345
2026-06-26 04:30:00,56.4,27.0,83.4,2.0,54.4,83.4,1.5330882352941178
2026-06-26 05:00:00,57.0,26.9,83.9,2.0,55.0,83.9,1.5254545454545456
2026-06-26 05:30:00,56.8,26.9,83.69999999999999,4.0,52.8,83.69999999999999,1.5852272727272727
2026-06-26 06:00:00,57.1,27.2,84.3,0.0,57.1,84.3,1.4763572679509631
2026-06-26 06:30:00,57.2,27.2,84.4,1.0,56.2,84.4,1.501779359430605
2026-06-26 07:00:00,56.6,26.9,83.5,2.0,54.6,83.5,1.5293040293040292
2026-06-26 07:30:00,55.900000000000006,23.0,78.9,1.0,54.900000000000006,78.9,1.4371584699453552
2026-06-26 08:00:00,55.9,24.3,80.2,2.0,53.9,80.2,1.4879406307977738
2026-06-26 08:30:00,55.5,27.3,82.8,2.0,53.5,82.8,1.547663551401869
2026-06-26 09:00:00,56.1,27.2,83.3,1.0,55.1,83.3,1.5117967332123412
2026-06-26 09:30:00,55.9,26.9,82.8,1.0,54.9,82.8,1.5081967213114753
2026-06-26 10:00:00,56.7,26.7,83.4,3.0,53.7,83.4,1.553072625698324
2026-06-26 10:30:00,56.7,27.3,84.0,0.0,56.7,84.0,1.4814814814814814
2026-06-26 11:00:00,56.599999999999994,27.0,83.6,1.0,55.599999999999994,83.6,1.5035971223021583
2026-06-26 11:30:00,57.6,27.4,85.0,3.0,54.6,85.0,1.5567765567765568
2026-06-26 12:00:00,57.7,27.5,85.2,2.0,55.7,85.2,1.5296229802513466
2026-06-26 12:30:00,57.5,27.0,84.5,2.0,55.5,84.5,1.5225225225225225
2026-06-26 13:00:00,57.599999999999994,28.2,85.8,4.0,53.599999999999994,85.8,1.6007462686567164
2026-06-26 13:30:00,58.0,28.3,86.3,0.0,58.0,86.3,1.4879310344827585
2026-06-26 14:00:00,57.7,27.6,85.30000000000001,2.0,55.7,85.30000000000001,1.5314183123877918
2026-06-26 14:30:00,58.00000000000001,27.4,85.4,2.0,56.00000000000001,85.4,1.525
2026-06-26 15:00:00,57.800000000000004,28.0,85.80000000000001,2.0,55.800000000000004,85.80000000000001,1.5376344086021507
2026-06-26 15:30:00,57.2,27.1,84.30000000000001,2.0,55.2,84.30000000000001,1.5271739130434785
2026-06-26 16:00:00,58.1,28.1,86.2,2.0,56.1,86.2,1.536541889483066
2026-06-26 16:30:00,57.9,28.0,85.9,0.0,57.9,85.9,1.4835924006908465
2026-06-26 17:00:00,58.0,27.2,85.2,2.0,56.0,85.2,1.5214285714285716
2026-06-26 17:30:00,57.800000000000004,27.8,85.60000000000001,2.0,55.800000000000004,85.60000000000001,1.5340501792114696
2026-06-26 18:00:00,58.3,27.4,85.69999999999999,2.0,56.3,85.69999999999999,1.5222024866785078
2026-06-26 18:30:00,58.300000000000004,27.9,86.2,2.0,56.300000000000004,86.2,1.5310834813499112
2026-06-26 19:00:00,58.2,27.8,86.0,2.0,56.2,86.0,1.5302491103202847
2026-06-26 19:30:00,58.0,27.7,85.7,0.0,58.0,85.7,1.4775862068965517
2026-06-26 20:00:00,58.00000000000001,27.3,85.30000000000001,1.0,57.00000000000001,85.30000000000001,1.4964912280701754
2026-06-26 20:30:00,57.5,27.8,85.3,2.0,55.5,85.3,1.5369369369369368
2026-06-26 21:00:00,57.7,27.4,85.1,3.0,54.7,85.1,1.555758683729433
2026-06-26 21:30:00,57.5,27.7,85.2,0.0,57.5,85.2,1.4817391304347827
2026-06-26 22:00:00,57.4,27.5,84.9,2.0,55.4,84.9,1.5324909747292421
2026-06-26 22:30:00,57.4,27.0,84.4,3.0,54.4,84.4,1.5514705882352942
2026-06-26 23:00:00,57.3,27.6,84.9,2.0,55.3,84.9,1.5352622061482823
2026-06-26 23:30:00,57.3,27.0,84.3,1.0,56.3,84.3,1.497335701598579
2026-06-27 00:00:00,57.5,27.8,85.3,3.0,54.5,85.3,1.5651376146788991
2026-06-27 00:30:00,57.6,27.5,85.1,1.0,56.6,85.1,1.5035335689045934
2026-06-27 01:00:00,57.800000000000004,27.4,85.2,1.0,56.800000000000004,85.2,1.5
2026-06-27 01:30:00,57.9,27.7,85.6,2.0,55.9,85.6,1.5313059033989267
2026-06-27 02:00:00,57.99999999999999,27.7,85.69999999999999,0.0,57.99999999999999,85.69999999999999,1.4775862068965517
2026-06-27 02:30:00,58.0,28.3,86.3,2.0,56.0,86.3,1.5410714285714284
2026-06-27 03:00:00,58.0,27.3,85.3,3.0,55.0,85.3,1.5509090909090908
2026-06-27 03:30:00,57.8,27.7,85.5,1.0,56.8,85.5,1.5052816901408452
2026-06-27 04:00:00,57.8,27.6,85.4,1.0,56.8,85.4,1.5035211267605635
2026-06-27 04:30:00,57.8,27.7,85.5,3.0,54.8,85.5,1.5602189781021898
2026-06-27 05:00:00,57.8,27.7,85.5,1.0,56.8,85.5,1.5052816901408452
2026-06-27 05:30:00,57.400000000000006,27.5,84.9,1.0,56.400000000000006,84.9,1.5053191489361701
2026-06-27 06:00:00,57.89999999999999,27.5,85.39999999999999,3.0,54.89999999999999,85.39999999999999,1.5555555555555556
2026-06-27 06:30:00,57.5,27.9,85.4,1.0,56.5,85.4,1.5115044247787612
2026-06-27 07:00:00,57.7,27.3,85.0,2.0,55.7,85.0,1.526032315978456
2026-06-27 07:30:00,56.7,27.4,84.1,2.0,54.7,84.1,1.5374771480804386
2026-06-27 08:00:00,57.099999999999994,27.6,84.69999999999999,1.0,56.099999999999994,84.69999999999999,1.5098039215686274
2026-06-27 08:30:00,57.0,27.6,84.6,2.0,55.0,84.6,1.538181818181818
2026-06-27 09:00:00,56.5,27.4,83.9,3.0,53.5,83.9,1.5682242990654207
2026-06-27 09:30:00,56.2,27.3,83.5,1.0,55.2,83.5,1.5126811594202898
2026-06-27 10:00:00,56.2,27.3,83.5,1.0,55.2,83.5,1.5126811594202898
2026-06-27 10:30:00,56.1,27.2,83.3,4.0,52.1,83.3,1.598848368522073
2026-06-27 11:00:00,55.7,27.0,82.7,0.0,55.7,82.7,1.4847396768402155
2026-06-27 11:30:00,55.6,26.7,82.3,1.0,54.6,82.3,1.5073260073260073
2026-06-27 12:00:00,55.900000000000006,27.2,83.10000000000001,0.0,55.900000000000006,83.10000000000001,1.486583184257603
2026-06-27 12:30:00,55.5,27.0,82.5,3.0,52.5,82.5,1.5714285714285714
2026-06-27 13:00:00,55.900000000000006,27.1,83.0,2.0,53.900000000000006,83.0,1.5398886827458254
2026-06-27 13:30:00,56.199999999999996,27.5,83.69999999999999,1.0,55.199999999999996,83.69999999999999,1.516304347826087
2026-06-27 14:00:00,56.3,27.1,83.4,2.0,54.3,83.4,1.5359116022099448
2026-06-27 14:30:00,56.7,27.0,83.7,0.0,56.7,83.7,1.4761904761904763
2026-06-27 15:00:00,56.400000000000006,27.4,83.80000000000001,1.0,55.400000000000006,83.80000000000001,1.5126353790613718
2026-06-27 15:30:00,56.10000000000001,27.1,83.20000000000002,4.0,52.10000000000001,83.20000000000002,1.596928982725528
2026-06-27 16:00:00,56.10000000000001,27.0,83.10000000000001,2.0,54.10000000000001,83.10000000000001,1.5360443622920517
2026-06-27 16:30:00,56.5,27.3,83.8,1.0,55.5,83.8,1.5099099099099098
2026-06-27 17:00:00,56.5,27.2,83.7,3.0,53.5,83.7,1.5644859813084113
2026-06-27 17:30:00,56.5,27.2,83.7,0.0,56.5,83.7,1.4814159292035398
2026-06-27 18:00:00,56.3,27.1,83.4,2.0,54.3,83.4,1.5359116022099448
2026-06-27 18:30:00,55.8,27.3,83.1,2.0,53.8,83.1,1.5446096654275092
2026-06-27 19:00:00,56.099999999999994,27.0,83.1,2.0,54.099999999999994,83.1,1.5360443622920519
2026-06-27 19:30:00,55.900000000000006,27.3,83.2,2.0,53.900000000000006,83.2,1.543599257884972
2026-06-27 20:00:00,56.2,26.8,83.0,0.0,56.2,83.0,1.4768683274021353
2026-06-27 20:30:00,55.6,27.1,82.7,2.0,53.6,82.7,1.5429104477611941
2026-06-27 21:00:00,56.1,26.9,83.0,0.0,56.1,83.0,1.4795008912655971
2026-06-27 21:30:00,56.3,27.1,83.4,1.0,55.3,83.4,1.5081374321880652
2026-06-27 22:00:00,56.199999999999996,27.2,83.39999999999999,5.0,51.199999999999996,83.39999999999999,1.62890625
2026-06-27 22:30:00,55.9,27.3,83.2,2.0,53.9,83.2,1.5435992578849722
2026-06-27 23:00:00,56.6,27.3,83.9,0.0,56.6,83.9,1.482332155477032
2026-06-27 23:30:00,56.9,27.3,84.2,2.0,54.9,84.2,1.5336976320582878
2026-06-28 00:00:00,57.0,27.6,84.6,1.0,56.0,84.6,1.5107142857142857
2026-06-28 00:30:00,57.1,27.1,84.2,2.0,55.1,84.2,1.528130671506352
2026-06-28 01:00:00,57.5,26.7,84.2,3.0,54.5,84.2,1.544954128440367
2026-06-28 01:30:00,57.5,27.2,84.7,1.0,56.5,84.7,1.4991150442477876
2026-06-28 02:00:00,57.7,26.6,84.30000000000001,1.0,56.7,84.30000000000001,1.486772486772487
2026-06-28 02:30:00,56.9,27.4,84.3,2.0,54.9,84.3,1.53551912568306
2026-06-28 03:00:00,57.400000000000006,26.7,84.10000000000001,0.0,57.400000000000006,84.10000000000001,1.4651567944250872
2026-06-28 03:30:00,56.8,26.8,83.6,2.0,54.8,83.6,1.5255474452554745
2026-06-28 04:00:00,57.2,26.8,84.0,1.0,56.2,84.0,1.494661921708185
2026-06-28 04:30:00,56.8,26.8,83.6,3.0,53.8,83.6,1.553903345724907
2026-06-28 05:00:00,56.5,26.3,82.8,3.0,53.5,82.8,1.547663551401869
2026-06-28 05:30:00,56.2,26.5,82.7,1.0,55.2,82.7,1.4981884057971013
2026-06-28 06:00:00,56.2,26.4,82.6,2.0,54.2,82.6,1.5239852398523983
2026-06-28 06:30:00,56.00000000000001,26.2,82.2,0.0,56.00000000000001,82.2,1.4678571428571427
2026-06-28 07:00:00,56.50000000000001,26.8,83.30000000000001,2.0,54.50000000000001,83.30000000000001,1.528440366972477
2026-06-28 07:30:00,56.1,26.6,82.7,2.0,54.1,82.7,1.5286506469500925
2026-06-28 08:00:00,56.4,27.1,83.5,3.0,53.4,83.5,1.5636704119850187
2026-06-28 08:30:00,56.199999999999996,26.8,83.0,1.0,55.199999999999996,83.0,1.5036231884057971
2026-06-28 09:00:00,56.400000000000006,27.1,83.5,3.0,53.400000000000006,83.5,1.5636704119850187
2026-06-28 09:30:00,56.1,27.1,83.2,1.0,55.1,83.2,1.5099818511796734
2026-06-28 10:00:00,55.8,26.7,82.5,0.0,55.8,82.5,1.478494623655914
2026-06-28 10:30:00,55.8,26.8,82.6,2.0,53.8,82.6,1.5353159851301115
2026-06-28 11:00:00,56.0,26.8,82.8,2.0,54.0,82.8,1.5333333333333332
2026-06-28 11:30:00,56.400000000000006,26.8,83.2,2.0,54.400000000000006,83.2,1.5294117647058822
2026-06-28 12:00:00,56.099999999999994,27.2,83.3,2.0,54.099999999999994,83.3,1.5397412199630316
2026-06-28 12:30:00,56.0,26.7,82.7,1.0,55.0,82.7,1.5036363636363637
2026-06-28 13:00:00,57.0,26.9,83.9,0.0,57.0,83.9,1.4719298245614036
2026-06-28 13:30:00,56.6,27.2,83.8,2.0,54.6,83.8,1.5347985347985347
2026-06-28 14:00:00,57.0,26.8,83.8,2.0,55.0,83.8,1.5236363636363637
2026-06-28 14:30:00,57.099999999999994,27.3,84.39999999999999,4.0,53.099999999999994,84.39999999999999,1.5894538606403013
2026-06-28 15:00:00,57.6,27.2,84.8,0.0,57.6,84.8,1.472222222222222
2026-06-28 15:30:00,57.5,27.6,85.1,2.0,55.5,85.1,1.5333333333333332
2026-06-28 16:00:00,57.4,26.9,84.3,0.0,57.4,84.3,1.4686411149825784
2026-06-28 16:30:00,57.6,27.4,85.0,2.0,55.6,85.0,1.5287769784172662
2026-06-28 17:00:00,57.8,27.6,85.4,2.0,55.8,85.4,1.5304659498207887
2026-06-28 17:30:00,58.0,27.8,85.8,4.0,54.0,85.8,1.5888888888888888
2026-06-28 18:00:00,57.7,27.0,84.7,1.0,56.7,84.7,1.4938271604938271
2026-06-28 18:30:00,57.3,27.5,84.8,2.0,55.3,84.8,1.5334538878842676
2026-06-28 19:00:00,57.5,27.2,84.7,0.0,57.5,84.7,1.4730434782608697
2026-06-28 19:30:00,57.099999999999994,27.3,84.39999999999999,0.0,57.099999999999994,84.39999999999999,1.478108581436077
2026-06-28 20:00:00,57.2,27.3,84.5,2.0,55.2,84.5,1.5307971014492754
2026-06-28 20:30:00,57.400000000000006,27.5,84.9,3.0,54.400000000000006,84.9,1.5606617647058822
2026-06-28 21:00:00,57.5,27.4,84.9,3.0,54.5,84.9,1.5577981651376147
2026-06-28 21:30:00,57.3,27.5,84.8,0.0,57.3,84.8,1.4799301919720769
2026-06-28 22:00:00,57.599999999999994,27.2,84.8,2.0,55.599999999999994,84.8,1.525179856115108
2026-06-28 22:30:00,57.599999999999994,27.2,84.8,0.0,57.599999999999994,84.8,1.4722222222222223
2026-06-28 23:00:00,57.800000000000004,27.3,85.10000000000001,3.0,54.800000000000004,85.10000000000001,1.5529197080291972
2026-06-28 23:30:00,57.8,27.3,85.1,1.0,56.8,85.1,1.4982394366197183
2026-06-29 00:00:00,57.800000000000004,27.4,85.2,2.0,55.800000000000004,85.2,1.5268817204301075
2026-06-29 00:30:00,57.400000000000006,27.5,84.9,2.0,55.400000000000006,84.9,1.532490974729242
2026-06-29 01:00:00,57.599999999999994,27.2,84.8,2.0,55.599999999999994,84.8,1.525179856115108
2026-06-29 01:30:00,57.300000000000004,27.6,84.9,1.0,56.300000000000004,84.9,1.507992895204263
2026-06-29 02:00:00,57.300000000000004,26.4,83.7,1.0,56.300000000000004,83.7,1.4866785079928952
2026-06-29 02:30:00,57.6,27.4,85.0,2.0,55.6,85.0,1.5287769784172662
2026-06-29 03:00:00,57.7,27.3,85.0,2.0,55.7,85.0,1.526032315978456
2026-06-29 03:30:00,57.5,27.1,84.6,2.0,55.5,84.6,1.5243243243243243
2026-06-29 04:00:00,58.0,27.5,85.5,0.0,58.0,85.5,1.4741379310344827
2026-06-29 04:30:00,57.8,27.1,84.9,4.0,53.8,84.9,1.5780669144981414
2026-06-29 05:00:00,57.7,27.4,85.1,0.0,57.7,85.1,1.4748700173310223
2026-06-29 05:30:00,57.4,26.9,84.3,2.0,55.4,84.3,1.5216606498194947
2026-06-29 06:00:00,57.4,27.7,85.1,0.0,57.4,85.1,1.4825783972125435
2026-06-29 06:30:00,57.099999999999994,27.3,84.39999999999999,3.0,54.099999999999994,84.39999999999999,1.5600739371534196
2026-06-29 07:00:00,56.6,27.3,83.9,1.0,55.6,83.9,1.5089928057553958
2026-06-29 07:30:00,56.3,26.8,83.1,0.0,56.3,83.1,1.4760213143872114
2026-06-29 08:00:00,56.2,26.7,82.9,3.0,53.2,82.9,1.5582706766917294
2026-06-29 08:30:00,55.8,26.7,82.5,1.0,54.8,82.5,1.5054744525547445
2026-06-29 09:00:00,55.89999999999999,27.0,82.89999999999999,1.0,54.89999999999999,82.89999999999999,1.5100182149362478
2026-06-29 09:30:00,55.8,26.7,82.5,1.0,54.8,82.5,1.5054744525547445
2026-06-29 10:00:00,56.5,27.0,83.5,3.0,53.5,83.5,1.560747663551402
2026-06-29 10:30:00,62.7,29.5,92.2,1.0,61.7,92.2,1.494327390599676
2026-06-29 11:00:00,62.599999999999994,29.9,92.5,3.0,59.599999999999994,92.5,1.552013422818792
2026-06-29 11:30:00,62.49999999999999,29.1,91.6,1.0,61.49999999999999,91.6,1.4894308943089432
2026-06-29 12:00:00,62.699999999999996,29.2,91.89999999999999,3.0,59.699999999999996,91.89999999999999,1.5393634840871022
2026-06-29 12:30:00,62.5,29.7,92.2,0.0,62.5,92.2,1.4752
2026-06-29 13:00:00,62.2,29.1,91.30000000000001,3.0,59.2,91.30000000000001,1.5422297297297298
2026-06-29 13:30:00,62.0,29.1,91.1,1.0,61.0,91.1,1.4934426229508195
2026-06-29 14:00:00,61.900000000000006,29.1,91.0,3.0,58.900000000000006,91.0,1.5449915110356536
2026-06-29 14:30:00,62.2,29.2,91.4,0.0,62.2,91.4,1.4694533762057878
2026-06-29 15:00:00,62.900000000000006,29.3,92.2,2.0,60.900000000000006,92.2,1.5139573070607553
2026-06-29 15:30:00,62.1,29.3,91.4,1.0,61.1,91.4,1.4959083469721768
2026-06-29 16:00:00,62.0,29.0,91.0,3.0,59.0,91.0,1.5423728813559323
2026-06-29 16:30:00,61.599999999999994,29.5,91.1,1.0,60.599999999999994,91.1,1.5033003300330035
2026-06-29 17:00:00,62.099999999999994,28.7,90.8,3.0,59.099999999999994,90.8,1.5363790186125212
2026-06-29 17:30:00,62.39999999999999,29.4,91.79999999999998,0.0,62.39999999999999,91.79999999999998,1.471153846153846
2026-06-29 18:00:00,62.4,29.3,91.7,2.0,60.4,91.7,1.5182119205298015
2026-06-29 18:30:00,61.599999999999994,28.8,90.39999999999999,2.0,59.599999999999994,90.39999999999999,1.516778523489933
2026-06-29 19:00:00,62.300000000000004,28.7,91.0,2.0,60.300000000000004,91.0,1.5091210613598671
2026-06-29 19:30:00,63.3,29.9,93.19999999999999,1.0,62.3,93.19999999999999,1.4959871589085072
2026-06-29 20:00:00,63.400000000000006,29.7,93.10000000000001,3.0,60.400000000000006,93.10000000000001,1.5413907284768211
2026-06-29 20:30:00,63.0,29.1,92.1,0.0,63.0,92.1,1.4619047619047618
2026-06-29 21:00:00,63.3,29.5,92.8,3.0,60.3,92.8,1.5389718076285241
2026-06-29 21:30:00,64.10000000000001,29.6,93.70000000000002,3.0,61.10000000000001,93.70000000000002,1.5335515548281506
2026-06-29 22:00:00,64.10000000000001,29.6,93.70000000000002,1.0,63.10000000000001,93.70000000000002,1.484944532488114
2026-06-29 22:30:00,64.0,29.6,93.6,3.0,61.0,93.6,1.5344262295081967
2026-06-29 23:00:00,63.699999999999996,29.7,93.39999999999999,0.0,63.699999999999996,93.39999999999999,1.4662480376766092
2026-06-29 23:30:00,64.0,29.4,93.4,2.0,62.0,93.4,1.506451612903226
2026-06-30 00:00:00,64.1,29.9,94.0,1.0,63.099999999999994,94.0,1.4896988906497624
2026-06-30 00:30:00,64.0,30.0,94.0,4.0,60.0,94.0,1.5666666666666667
2026-06-30 01:00:00,63.9,29.3,93.2,1.0,62.9,93.2,1.4817170111287759
2026-06-30 01:30:00,63.9,30.0,93.9,2.0,61.9,93.9,1.5169628432956384
2026-06-30 02:00:00,63.9,29.3,93.2,0.0,63.9,93.2,1.4585289514866981
2026-06-30 02:30:00,63.2,29.2,92.4,2.0,61.2,92.4,1.5098039215686274
2026-06-30 03:00:00,63.6,29.6,93.2,3.0,60.6,93.2,1.537953795379538
2026-06-30 03:30:00,63.6,29.5,93.1,3.0,60.6,93.1,1.5363036303630362
2026-06-30 04:00:00,63.7,29.5,93.2,1.0,62.7,93.2,1.4864433811802233
2026-06-30 04:30:00,63.900000000000006,29.8,93.7,2.0,61.900000000000006,93.7,1.5137318255250403
2026-06-30 05:00:00,63.8,29.4,93.19999999999999,0.0,63.8,93.19999999999999,1.4608150470219434
2026-06-30 05:30:00,63.2,29.5,92.7,2.0,61.2,92.7,1.5147058823529411
2026-06-30 06:00:00,63.10000000000001,29.3,92.4,3.0,60.10000000000001,92.4,1.5374376039933444
2026-06-30 06:30:00,62.5,29.0,91.5,2.0,60.5,91.5,1.512396694214876
2026-06-30 07:00:00,62.199999999999996,28.6,90.8,3.0,59.199999999999996,90.8,1.5337837837837838
2026-06-30 07:30:00,61.9,28.5,90.4,1.0,60.9,90.4,1.48440065681445
2026-06-30 08:00:00,62.0,28.8,90.8,0.0,62.0,90.8,1.464516129032258
2026-06-30 08:30:00,62.7,29.2,91.9,2.0,60.7,91.9,1.514003294892916
2026-06-30 09:00:00,61.9,30.5,92.4,2.0,59.9,92.4,1.5425709515859767
2026-06-30 09:30:00,61.5,30.5,92.0,3.0,58.5,92.0,1.5726495726495726
2026-06-30 10:00:00,61.1,30.0,91.1,0.0,61.1,91.1,1.4909983633387887
2026-06-30 10:30:00,61.8,30.6,92.4,2.0,59.8,92.4,1.5451505016722409
2026-06-30 11:00:00,62.699999999999996,30.8,93.5,0.0,62.699999999999996,93.5,1.4912280701754388
2026-06-30 11:30:00,63.6,32.8,96.4,3.0,60.6,96.4,1.590759075907591
2026-06-30 12:00:00,63.0,37.1,100.1,3.0,60.0,100.1,1.6683333333333332
2026-06-30 12:30:00,63.8,29.3,93.1,2.0,61.8,93.1,1.506472491909385
2026-06-30 13:00:00,63.5,30.0,93.5,2.0,61.5,93.5,1.5203252032520325
2026-06-30 13:30:00,63.1,29.7,92.8,0.0,63.1,92.8,1.4706814580031695
2026-06-30 14:00:00,63.300000000000004,29.7,93.0,1.0,62.300000000000004,93.0,1.492776886035313
2026-06-30 14:30:00,63.4,29.9,93.3,1.0,62.4,93.3,1.4951923076923077
2026-06-30 15:00:00,63.5,29.9,93.4,4.0,59.5,93.4,1.569747899159664
2026-06-30 15:30:00,63.89999999999999,30.1,94.0,1.0,62.89999999999999,94.0,1.4944356120826712
2026-06-30 16:00:00,63.89999999999999,30.1,94.0,3.0,60.89999999999999,94.0,1.5435139573070609
2026-06-30 16:30:00,64.1,30.1,94.19999999999999,0.0,64.1,94.19999999999999,1.469578783151326
2026-06-30 17:00:00,64.2,30.1,94.30000000000001,3.0,61.2,94.30000000000001,1.5408496732026145
2026-06-30 17:30:00,64.5,30.4,94.9,2.0,62.5,94.9,1.5184000000000002
2026-06-30 18:00:00,64.4,30.3,94.7,3.0,61.400000000000006,94.7,1.542345276872964
2026-06-30 18:30:00,64.3,30.6,94.9,2.0,62.3,94.9,1.5232744783306582
2026-06-30 19:00:00,64.1,30.3,94.39999999999999,1.0,63.099999999999994,94.39999999999999,1.496038034865293
2026-06-30 19:30:00,63.199999999999996,30.1,93.3,0.0,63.199999999999996,93.3,1.4762658227848102
2026-06-30 20:00:00,63.5,30.3,93.8,2.0,61.5,93.8,1.5252032520325203
2026-06-30 20:30:00,63.800000000000004,30.3,94.10000000000001,4.0,59.800000000000004,94.10000000000001,1.5735785953177257
2026-06-30 21:00:00,63.699999999999996,30.3,94.0,1.0,62.699999999999996,94.0,1.499202551834131
2026-06-30 21:30:00,63.400000000000006,30.3,93.7,2.0,61.400000000000006,93.7,1.5260586319218241
2026-06-30 22:00:00,63.900000000000006,30.3,94.2,0.0,63.900000000000006,94.2,1.4741784037558685
2026-06-30 22:30:00,64.2,30.6,94.80000000000001,1.0,63.2,94.80000000000001,1.5000000000000002
2026-06-30 23:00:00,63.900000000000006,30.4,94.30000000000001,2.0,61.900000000000006,94.30000000000001,1.5234248788368336
2026-06-30 23:30:00,63.8,30.3,94.1,3.0,60.8,94.1,1.5476973684210527
2026-07-01 00:00:00,63.5,30.3,93.8,2.0,61.5,93.8,1.5252032520325203
2026-07-01 00:30:00,63.50000000000001,30.2,93.7,2.0,61.50000000000001,93.7,1.5235772357723576
2026-07-01 01:00:00,63.7,30.2,93.9,0.0,63.7,93.9,1.4740973312401884
2026-07-01 01:30:00,63.4,30.2,93.6,2.0,61.4,93.6,1.52442996742671
2026-07-01 02:00:00,62.9,28.2,91.1,1.0,61.9,91.1,1.4717285945072698
2026-07-01 02:30:00,62.1,29.6,91.7,5.0,57.1,91.7,1.605954465849387
2026-07-01 03:00:00,63.3,29.8,93.1,1.0,62.3,93.1,1.49438202247191
2026-07-01 03:30:00,64.2,30.2,94.4,2.0,62.2,94.4,1.517684887459807
2026-07-01 04:00:00,64.2,30.3,94.5,0.0,64.2,94.5,1.4719626168224298
2026-07-01 04:30:00,63.10000000000001,29.7,92.80000000000001,2.0,61.10000000000001,92.80000000000001,1.518821603927987
2026-07-01 05:00:00,62.599999999999994,29.7,92.3,3.0,59.599999999999994,92.3,1.5486577181208054
2026-07-01 05:30:00,62.39999999999999,29.5,91.89999999999999,2.0,60.39999999999999,91.89999999999999,1.521523178807947
2026-07-01 06:00:00,62.5,29.6,92.1,1.0,61.5,92.1,1.497560975609756
2026-07-01 06:30:00,62.3,29.5,91.8,2.0,60.3,91.8,1.5223880597014925
2026-07-01 07:00:00,62.0,29.3,91.3,0.0,62.0,91.3,1.4725806451612902
2026-07-01 07:30:00,61.099999999999994,29.0,90.1,2.0,59.099999999999994,90.1,1.5245346869712353
2026-07-01 08:00:00,61.0,28.0,89.0,1.0,60.0,89.0,1.4833333333333334
2026-07-01 08:30:00,60.0,27.2,87.2,3.0,57.0,87.2,1.5298245614035089
2026-07-01 09:00:00,59.8,26.8,86.6,1.0,58.8,86.6,1.4727891156462585
2026-07-01 09:30:00,61.1,27.0,88.1,2.0,59.1,88.1,1.4906937394247037
2026-07-01 10:00:00,60.7,26.9,87.6,0.0,60.7,87.6,1.4431630971993408
2026-07-01 10:30:00,61.3,27.2,88.5,1.0,60.3,88.5,1.4676616915422886
2026-07-01 11:00:00,62.1,27.3,89.4,2.0,60.1,89.4,1.4875207986688852
2026-07-01 11:30:00,62.2,27.8,90.0,3.0,59.2,90.0,1.5202702702702702
2026-07-01 12:00:00,62.7,27.6,90.30000000000001,2.0,60.7,90.30000000000001,1.4876441515650742
2026-07-01 12:30:00,62.599999999999994,28.0,90.6,3.0,59.599999999999994,90.6,1.5201342281879195
2026-07-01 13:00:00,62.7,27.7,90.4,0.0,62.7,90.4,1.4417862838915472
2026-07-01 13:30:00,63.1,27.9,91.0,2.0,61.1,91.0,1.4893617021276595
2026-07-01 14:00:00,63.7,28.1,91.80000000000001,1.0,62.7,91.80000000000001,1.4641148325358853
2026-07-01 14:30:00,63.89999999999999,28.3,92.19999999999999,3.0,60.89999999999999,92.19999999999999,1.5139573070607553
2026-07-01 15:00:00,64.3,28.5,92.8,2.0,62.3,92.8,1.4895666131621188
2026-07-01 15:30:00,64.5,28.6,93.1,2.0,62.5,93.1,1.4895999999999998
2026-07-01 16:00:00,64.3,28.5,92.8,0.0,64.3,92.8,1.4432348367029548
2026-07-01 16:30:00,64.2,28.7,92.9,3.0,61.2,92.9,1.5179738562091503
2026-07-01 17:00:00,63.800000000000004,28.3,92.10000000000001,3.0,60.800000000000004,92.10000000000001,1.5148026315789473
2026-07-01 17:30:00,63.800000000000004,28.6,92.4,2.0,61.800000000000004,92.4,1.4951456310679612
2026-07-01 18:00:00,63.900000000000006,28.5,92.4,2.0,61.900000000000006,92.4,1.492730210016155
2026-07-01 18:30:00,64.2,28.6,92.80000000000001,0.0,64.2,92.80000000000001,1.4454828660436139
2026-07-01 19:00:00,63.800000000000004,28.7,92.5,2.0,61.800000000000004,92.5,1.4967637540453074
2026-07-01 19:30:00,63.3,28.3,91.6,1.0,62.3,91.6,1.4703049759229534
2026-07-01 20:00:00,61.900000000000006,27.5,89.4,3.0,58.900000000000006,89.4,1.5178268251273344
2026-07-01 20:30:00,59.900000000000006,26.9,86.80000000000001,1.0,58.900000000000006,86.80000000000001,1.473684210526316
2026-07-01 21:00:00,59.7,26.8,86.5,2.0,57.7,86.5,1.4991334488734835
2026-07-01 21:30:00,61.7,27.5,89.2,1.0,60.7,89.2,1.4695222405271828
2026-07-01 22:00:00,62.4,28.0,90.4,1.0,61.4,90.4,1.472312703583062
2026-07-01 22:30:00,63.099999999999994,28.1,91.19999999999999,3.0,60.099999999999994,91.19999999999999,1.5174708818635607
2026-07-01 23:00:00,63.6,28.2,91.8,2.0,61.6,91.8,1.4902597402597402
2026-07-01 23:30:00,63.5,28.4,91.9,2.0,61.5,91.9,1.494308943089431
2026-07-02 00:00:00,62.3,28.1,90.4,3.0,59.3,90.4,1.524451939291737
2026-07-02 00:30:00,62.800000000000004,28.0,90.80000000000001,0.0,62.800000000000004,90.80000000000001,1.445859872611465
2026-07-02 01:00:00,63.900000000000006,28.4,92.30000000000001,2.0,61.900000000000006,92.30000000000001,1.4911147011308563
2026-07-02 01:30:00,63.8,28.4,92.19999999999999,1.0,62.8,92.19999999999999,1.468152866242038
2026-07-02 02:00:00,63.699999999999996,27.3,91.0,3.0,60.699999999999996,91.0,1.499176276771005
2026-07-02 02:30:00,63.3,28.2,91.5,1.0,62.3,91.5,1.4686998394863564
2026-07-02 03:00:00,63.1,27.9,91.0,2.0,61.1,91.0,1.4893617021276595
2026-07-02 03:30:00,62.199999999999996,28.1,90.3,0.0,62.199999999999996,90.3,1.4517684887459807
2026-07-02 04:00:00,59.1,26.8,85.9,2.0,57.1,85.9,1.5043782837127846
2026-07-02 04:30:00,57.2,26.2,83.4,2.0,55.2,83.4,1.5108695652173914
2026-07-02 05:00:00,55.2,25.0,80.2,1.0,54.2,80.2,1.4797047970479704
2026-07-02 05:30:00,54.5,24.7,79.2,2.0,52.5,79.2,1.5085714285714287
2026-07-02 06:00:00,54.5,24.4,78.9,1.0,53.5,78.9,1.474766355140187
2026-07-02 06:30:00,54.400000000000006,24.2,78.60000000000001,2.0,52.400000000000006,78.60000000000001,1.5
2026-07-02 07:00:00,54.0,24.7,78.7,1.0,53.0,78.7,1.4849056603773585
2026-07-02 07:30:00,53.800000000000004,24.3,78.10000000000001,0.0,53.800000000000004,78.10000000000001,1.4516728624535316
2026-07-02 08:00:00,54.2,23.9,78.1,1.0,53.2,78.1,1.4680451127819547
2026-07-02 08:30:00,55.0,24.3,79.3,2.0,53.0,79.3,1.4962264150943396
2026-07-02 09:00:00,54.8,24.3,79.1,1.0,53.8,79.1,1.470260223048327
2026-07-02 09:30:00,55.1,24.3,79.4,0.0,55.1,79.4,1.441016333938294
2026-07-02 10:00:00,54.800000000000004,24.4,79.2,3.0,51.800000000000004,79.2,1.5289575289575288
2026-07-02 10:30:00,54.5,24.4,78.9,1.0,53.5,78.9,1.474766355140187
2026-07-02 11:00:00,54.1,24.2,78.3,1.0,53.1,78.3,1.4745762711864405
2026-07-02 11:30:00,54.5,24.3,78.8,1.0,53.5,78.8,1.4728971962616821
2026-07-02 12:00:00,54.599999999999994,24.6,79.19999999999999,2.0,52.599999999999994,79.19999999999999,1.505703422053232
2026-07-02 12:30:00,54.3,24.0,78.3,1.0,53.3,78.3,1.4690431519699814
2026-07-02 13:00:00,54.7,24.0,78.7,0.0,54.7,78.7,1.4387568555758683
2026-07-02 13:30:00,55.099999999999994,24.7,79.8,1.0,54.099999999999994,79.8,1.4750462107208873
2026-07-02 14:00:00,54.4,24.4,78.8,2.0,52.4,78.8,1.5038167938931297
2026-07-02 14:30:00,54.0,23.8,77.8,1.0,53.0,77.8,1.4679245283018867
2026-07-02 15:00:00,53.7,23.9,77.6,1.0,52.7,77.6,1.4724857685009485
2026-07-02 15:30:00,52.7,23.4,76.1,3.0,49.7,76.1,1.5311871227364182
2026-07-02 16:00:00,52.8,23.3,76.1,1.0,51.8,76.1,1.4691119691119692
2026-07-02 16:30:00,52.89999999999999,23.5,76.39999999999999,1.0,51.89999999999999,76.39999999999999,1.4720616570327554
2026-07-02 17:00:00,52.7,23.4,76.1,1.0,51.7,76.1,1.471953578336557
2026-07-02 17:30:00,52.8,23.4,76.19999999999999,0.0,52.8,76.19999999999999,1.4431818181818181
2026-07-02 18:00:00,52.3,23.3,75.6,2.0,50.3,75.6,1.5029821073558647
2026-07-02 18:30:00,52.3,23.4,75.69999999999999,2.0,50.3,75.69999999999999,1.5049701789264411
2026-07-02 19:00:00,52.2,23.3,75.5,1.0,51.2,75.5,1.474609375
2026-07-02 19:30:00,52.599999999999994,23.4,76.0,1.0,51.599999999999994,76.0,1.4728682170542637
2026-07-02 20:00:00,53.099999999999994,23.6,76.69999999999999,2.0,51.099999999999994,76.69999999999999,1.5009784735812133
2026-07-02 20:30:00,52.900000000000006,23.7,76.60000000000001,1.0,51.900000000000006,76.60000000000001,1.4759152215799614
2026-07-02 21:00:00,52.900000000000006,23.6,76.5,0.0,52.900000000000006,76.5,1.4461247637051038
2026-07-02 21:30:00,52.599999999999994,23.9,76.5,1.0,51.599999999999994,76.5,1.482558139534884
2026-07-02 22:00:00,52.50000000000001,23.5,76.0,0.0,52.50000000000001,76.0,1.4476190476190474
2026-07-02 22:30:00,52.3,23.7,76.0,1.0,51.3,76.0,1.4814814814814816
2026-07-02 23:00:00,53.2,23.4,76.6,1.0,52.2,76.6,1.4674329501915706
2026-07-02 23:30:00,53.199999999999996,23.6,76.8,2.0,51.199999999999996,76.8,1.5
2026-07-03 00:00:00,53.400000000000006,23.6,77.0,2.0,51.400000000000006,77.0,1.498054474708171
2026-07-03 00:30:00,53.5,23.6,77.1,2.0,51.5,77.1,1.4970873786407766
2026-07-03 01:00:00,53.599999999999994,23.5,77.1,1.0,52.599999999999994,77.1,1.4657794676806084
2026-07-03 01:30:00,53.8,24.3,78.1,0.0,53.8,78.1,1.4516728624535316
2026-07-03 02:00:00,54.0,22.7,76.7,1.0,53.0,76.7,1.4471698113207547
2026-07-03 02:30:00,54.2,24.4,78.6,0.0,54.2,78.6,1.4501845018450183
2026-07-03 03:00:00,54.2,23.3,77.5,2.0,52.2,77.5,1.4846743295019156
2026-07-03 03:30:00,54.0,23.1,77.1,1.0,53.0,77.1,1.4547169811320753
2026-07-03 04:00:00,53.599999999999994,22.8,76.39999999999999,3.0,50.599999999999994,76.39999999999999,1.5098814229249011
2026-07-03 04:30:00,53.099999999999994,22.3,75.39999999999999,2.0,51.099999999999994,75.39999999999999,1.4755381604696673
2026-07-03 05:00:00,53.5,21.7,75.2,2.0,51.5,75.2,1.4601941747572815
2026-07-03 05:30:00,53.7,21.8,75.5,1.0,52.7,75.5,1.4326375711574952
2026-07-03 06:00:00,53.4,21.3,74.7,0.0,53.4,74.7,1.3988764044943822
2026-07-03 06:30:00,53.1,21.9,75.0,1.0,52.1,75.0,1.4395393474088292
2026-07-03 07:00:00,52.1,22.9,75.0,0.0,52.1,75.0,1.4395393474088292
2026-07-03 07:30:00,50.900000000000006,23.1,74.0,1.0,49.900000000000006,74.0,1.4829659318637274
2026-07-03 08:00:00,51.3,23.0,74.3,1.0,50.3,74.3,1.4771371769383699
2026-07-03 08:30:00,51.2,22.8,74.0,2.0,49.2,74.0,1.5040650406504064
2026-07-03 09:00:00,51.599999999999994,22.9,74.5,1.0,50.599999999999994,74.5,1.4723320158102768
2026-07-03 09:30:00,52.2,23.3,75.5,2.0,50.2,75.5,1.50398406374502
2026-07-03 10:00:00,51.7,23.0,74.7,1.0,50.7,74.7,1.4733727810650887
2026-07-03 10:30:00,55.2,24.6,79.80000000000001,1.0,54.2,79.80000000000001,1.4723247232472325
2026-07-03 11:00:00,54.5,24.6,79.1,0.0,54.5,79.1,1.4513761467889907
2026-07-03 11:30:00,53.900000000000006,23.4,77.30000000000001,0.0,53.900000000000006,77.30000000000001,1.4341372912801484
2026-07-03 12:00:00,55.5,25.0,80.5,3.0,52.5,80.5,1.5333333333333334
2026-07-03 12:30:00,54.5,24.5,79.0,1.0,53.5,79.0,1.4766355140186915
2026-07-03 13:00:00,56.5,25.3,81.8,3.0,53.5,81.8,1.5289719626168223
2026-07-03 13:30:00,56.0,25.2,81.2,2.0,54.0,81.2,1.5037037037037038
2026-07-03 14:00:00,55.4,24.9,80.3,1.0,54.4,80.3,1.4761029411764706
2026-07-03 14:30:00,54.6,24.6,79.2,2.0,52.6,79.2,1.505703422053232
2026-07-03 15:00:00,55.5,24.6,80.1,0.0,55.5,80.1,1.4432432432432432
2026-07-03 15:30:00,54.5,24.7,79.2,2.0,52.5,79.2,1.5085714285714287
2026-07-03 16:00:00,52.599999999999994,23.9,76.5,1.0,51.599999999999994,76.5,1.482558139534884
2026-07-03 16:30:00,53.599999999999994,24.8,78.39999999999999,2.0,51.599999999999994,78.39999999999999,1.5193798449612403
2026-07-03 17:00:00,54.1,24.1,78.2,3.0,51.1,78.2,1.5303326810176126
2026-07-03 17:30:00,54.199999999999996,25.9,80.1,2.0,52.199999999999996,80.1,1.5344827586206897
2026-07-03 18:00:00,55.4,24.7,80.1,1.0,54.4,80.1,1.4724264705882353
2026-07-03 18:30:00,63.400000000000006,28.6,92.0,0.0,63.400000000000006,92.0,1.451104100946372
2026-07-03 19:00:00,66.0,29.7,95.7,2.0,64.0,95.7,1.4953125
2026-07-03 19:30:00,66.1,29.6,95.69999999999999,4.0,62.099999999999994,95.69999999999999,1.541062801932367
2026-07-03 20:00:00,66.7,29.5,96.2,2.0,64.7,96.2,1.4868624420401855
2026-07-03 20:30:00,66.6,29.6,96.19999999999999,1.0,65.6,96.19999999999999,1.4664634146341462
2026-07-03 21:00:00,66.8,30.2,97.0,1.0,65.8,97.0,1.4741641337386018
2026-07-03 21:30:00,67.5,29.9,97.4,2.0,65.5,97.4,1.4870229007633589
2026-07-03 22:00:00,67.6,30.1,97.69999999999999,4.0,63.599999999999994,97.69999999999999,1.5361635220125787
2026-07-03 22:30:00,67.1,30.5,97.6,1.0,66.1,97.6,1.4765506807866868
2026-07-03 23:00:00,67.2,29.5,96.7,1.0,66.2,96.7,1.460725075528701
2026-07-03 23:30:00,67.4,29.8,97.2,3.0,64.4,97.2,1.5093167701863353
2026-07-04 00:00:00,67.5,29.9,97.4,4.0,63.5,97.4,1.5338582677165356
2026-07-04 00:30:00,67.30000000000001,30.3,97.60000000000001,3.0,64.30000000000001,97.60000000000001,1.5178849144634525
2026-07-04 01:00:00,67.5,29.5,97.0,1.0,66.5,97.0,1.4586466165413534
2026-07-04 01:30:00,67.9,30.1,98.0,1.0,66.9,98.0,1.4648729446935724
2026-07-04 02:00:00,67.4,29.9,97.30000000000001,2.0,65.4,97.30000000000001,1.4877675840978595
2026-07-04 02:30:00,67.5,30.0,97.5,5.0,62.5,97.5,1.56
2026-07-04 03:00:00,67.3,29.5,96.8,1.0,66.3,96.8,1.4600301659125188
2026-07-04 03:30:00,66.8,29.5,96.3,2.0,64.8,96.3,1.4861111111111112
2026-07-04 04:00:00,67.4,29.8,97.2,2.0,65.4,97.2,1.4862385321100917
2026-07-04 04:30:00,67.6,29.8,97.39999999999999,3.0,64.6,97.39999999999999,1.5077399380804954
2026-07-04 05:00:00,67.7,29.8,97.5,3.0,64.7,97.5,1.5069551777434311
2026-07-04 05:30:00,67.5,29.7,97.2,1.0,66.5,97.2,1.4616541353383459
2026-07-04 06:00:00,67.69999999999999,29.7,97.39999999999999,1.0,66.69999999999999,97.39999999999999,1.4602698650674664
2026-07-04 06:30:00,67.5,29.6,97.1,2.0,65.5,97.1,1.482442748091603
2026-07-04 07:00:00,67.30000000000001,29.9,97.20000000000002,4.0,63.30000000000001,97.20000000000002,1.5355450236966826
2026-07-04 07:30:00,67.3,29.4,96.69999999999999,1.0,66.3,96.69999999999999,1.458521870286576
2026-07-04 08:00:00,66.8,29.6,96.4,1.0,65.8,96.4,1.4650455927051673
2026-07-04 08:30:00,66.7,29.2,95.9,2.0,64.7,95.9,1.482225656877898
2026-07-04 09:00:00,66.60000000000001,29.6,96.20000000000002,2.0,64.60000000000001,96.20000000000002,1.4891640866873066
2026-07-04 09:30:00,66.7,29.5,96.2,5.0,61.7,96.2,1.559157212317666
2026-07-04 10:00:00,66.8,29.5,96.3,1.0,65.8,96.3,1.4635258358662615
2026-07-04 10:30:00,67.0,29.6,96.6,0.0,67.0,96.6,1.4417910447761193
2026-07-04 11:00:00,66.8,29.5,96.3,2.0,64.8,96.3,1.4861111111111112
2026-07-04 11:30:00,66.6,29.7,96.3,4.0,62.599999999999994,96.3,1.538338658146965
2026-07-04 12:00:00,67.1,29.8,96.89999999999999,3.0,64.1,96.89999999999999,1.5117004680187207
2026-07-04 12:30:00,67.3,29.8,97.1,1.0,66.3,97.1,1.4645550527903468
2026-07-04 13:00:00,67.1,29.8,96.89999999999999,2.0,65.1,96.89999999999999,1.4884792626728112
2026-07-04 13:30:00,67.1,29.6,96.69999999999999,2.0,65.1,96.69999999999999,1.4854070660522274
2026-07-04 14:00:00,66.89999999999999,29.6,96.5,3.0,63.89999999999999,96.5,1.5101721439749611
2026-07-04 14:30:00,66.6,29.1,95.69999999999999,3.0,63.599999999999994,95.69999999999999,1.5047169811320755
2026-07-04 15:00:00,66.39999999999999,29.8,96.19999999999999,1.0,65.39999999999999,96.19999999999999,1.470948012232416
2026-07-04 15:30:00,66.6,29.4,96.0,2.0,64.6,96.0,1.4860681114551084
2026-07-04 16:00:00,66.2,29.1,95.30000000000001,2.0,64.2,95.30000000000001,1.4844236760124612
2026-07-04 16:30:00,65.7,29.2,94.9,4.0,61.7,94.9,1.5380875202593194
2026-07-04 17:00:00,65.8,28.9,94.69999999999999,1.0,64.8,94.69999999999999,1.4614197530864197
2026-07-04 17:30:00,65.6,29.2,94.8,0.0,65.6,94.8,1.4451219512195124
2026-07-04 18:00:00,64.9,28.7,93.60000000000001,3.0,61.900000000000006,93.60000000000001,1.5121163166397416
2026-07-04 18:30:00,62.8,28.5,91.3,1.0,61.8,91.3,1.477346278317152
2026-07-04 19:00:00,61.6,27.2,88.8,4.0,57.6,88.8,1.5416666666666665
2026-07-04 19:30:00,60.5,27.4,87.9,1.0,59.5,87.9,1.477310924369748
2026-07-04 20:00:00,59.6,27.0,86.6,1.0,58.6,86.6,1.4778156996587029
2026-07-04 20:30:00,59.1,26.7,85.8,1.0,58.1,85.8,1.4767641996557659
2026-07-04 21:00:00,59.4,26.8,86.2,2.0,57.4,86.2,1.5017421602787457
2026-07-04 21:30:00,58.8,26.5,85.3,1.0,57.8,85.3,1.4757785467128028
2026-07-04 22:00:00,58.5,26.3,84.8,3.0,55.5,84.8,1.5279279279279279
2026-07-04 22:30:00,58.5,26.8,85.3,1.0,57.5,85.3,1.4834782608695651
2026-07-04 23:00:00,58.0,26.3,84.3,1.0,57.0,84.3,1.4789473684210526
2026-07-04 23:30:00,58.0,26.3,84.3,0.0,58.0,84.3,1.4534482758620688
2026-07-05 00:00:00,57.8,26.1,83.9,3.0,54.8,83.9,1.5310218978102192
2026-07-05 00:30:00,57.4,26.2,83.6,2.0,55.4,83.6,1.5090252707581226
2026-07-05 01:00:00,57.199999999999996,25.9,83.1,0.0,57.199999999999996,83.1,1.4527972027972027
2026-07-05 01:30:00,57.1,26.4,83.5,4.0,53.1,83.5,1.5725047080979284
2026-07-05 02:00:00,56.300000000000004,25.2,81.5,2.0,54.300000000000004,81.5,1.5009208103130753
2026-07-05 02:30:00,56.800000000000004,25.8,82.60000000000001,1.0,55.800000000000004,82.60000000000001,1.4802867383512546
2026-07-05 03:00:00,57.0,26.1,83.1,0.0,57.0,83.1,1.4578947368421051
2026-07-05 03:30:00,56.7,25.7,82.4,1.0,55.7,82.4,1.4793536804308798
2026-07-05 04:00:00,56.400000000000006,25.7,82.10000000000001,2.0,54.400000000000006,82.10000000000001,1.5091911764705883
2026-07-05 04:30:00,55.900000000000006,25.5,81.4,1.0,54.900000000000006,81.4,1.482695810564663
2026-07-05 05:00:00,56.1,25.1,81.2,4.0,52.1,81.2,1.5585412667946257
2026-07-05 05:30:00,55.800000000000004,25.6,81.4,1.0,54.800000000000004,81.4,1.4854014598540146
2026-07-05 06:00:00,54.8,24.8,79.6,0.0,54.8,79.6,1.4525547445255473
2026-07-05 06:30:00,53.1,24.3,77.4,1.0,52.1,77.4,1.4856046065259119
2026-07-05 07:00:00,52.5,24.3,76.8,0.0,52.5,76.8,1.4628571428571429
2026-07-05 07:30:00,52.599999999999994,23.8,76.39999999999999,2.0,50.599999999999994,76.39999999999999,1.5098814229249011
2026-07-05 08:00:00,52.0,24.0,76.0,1.0,51.0,76.0,1.4901960784313726
2026-07-05 08:30:00,52.800000000000004,23.8,76.60000000000001,1.0,51.800000000000004,76.60000000000001,1.478764478764479
2026-07-05 09:00:00,51.7,23.7,75.4,3.0,48.7,75.4,1.5482546201232033
2026-07-05 09:30:00,50.199999999999996,23.2,73.39999999999999,1.0,49.199999999999996,73.39999999999999,1.491869918699187
2026-07-05 10:00:00,48.2,22.4,70.6,0.0,48.2,70.6,1.4647302904564314
2026-07-05 10:30:00,47.2,22.3,69.5,0.0,47.2,69.5,1.472457627118644
2026-07-05 11:00:00,46.0,21.9,67.9,1.0,45.0,67.9,1.508888888888889
2026-07-05 11:30:00,45.3,21.7,67.0,2.0,43.3,67.0,1.5473441108545036
2026-07-05 12:00:00,45.199999999999996,21.6,66.8,0.0,45.199999999999996,66.8,1.4778761061946903
2026-07-05 12:30:00,45.7,22.1,67.80000000000001,2.0,43.7,67.80000000000001,1.5514874141876431
2026-07-05 13:00:00,45.1,22.0,67.1,1.0,44.1,67.1,1.5215419501133784
2026-07-05 13:30:00,45.300000000000004,21.9,67.2,2.0,43.300000000000004,67.2,1.5519630484988451
2026-07-05 14:00:00,45.2,21.6,66.80000000000001,0.0,45.2,66.80000000000001,1.4778761061946903
2026-07-05 14:30:00,45.199999999999996,21.8,67.0,2.0,43.199999999999996,67.0,1.550925925925926
2026-07-05 15:00:00,44.9,21.9,66.8,3.0,41.9,66.8,1.594272076372315
2026-07-05 15:30:00,44.7,21.7,66.4,1.0,43.7,66.4,1.5194508009153318
2026-07-05 16:00:00,44.7,22.5,67.2,0.0,44.7,67.2,1.5033557046979866
2026-07-05 16:30:00,44.699999999999996,22.1,66.8,1.0,43.699999999999996,66.8,1.5286041189931352
2026-07-05 17:00:00,46.2,22.4,68.6,0.0,46.2,68.6,1.4848484848484846
2026-07-05 17:30:00,45.6,22.7,68.3,0.0,45.6,68.3,1.4978070175438596
2026-07-05 18:00:00,45.3,22.2,67.5,2.0,43.3,67.5,1.558891454965358
2026-07-05 18:30:00,45.6,23.0,68.6,1.0,44.6,68.6,1.538116591928251
2026-07-05 19:00:00,45.99999999999999,22.4,68.39999999999999,0.0,45.99999999999999,68.39999999999999,1.4869565217391305
2026-07-05 19:30:00,45.5,22.4,67.9,1.0,44.5,67.9,1.5258426966292136
2026-07-05 20:00:00,45.3,22.7,68.0,1.0,44.3,68.0,1.5349887133182845
2026-07-05 20:30:00,45.099999999999994,22.3,67.39999999999999,3.0,42.099999999999994,67.39999999999999,1.6009501187648456
2026-07-05 21:00:00,45.0,22.3,67.3,0.0,45.0,67.3,1.4955555555555555
2026-07-05 21:30:00,44.8,22.3,67.1,0.0,44.8,67.1,1.4977678571428572
2026-07-05 22:00:00,44.9,22.2,67.1,1.0,43.9,67.1,1.5284738041002277
2026-07-05 22:30:00,44.099999999999994,22.1,66.19999999999999,0.0,44.099999999999994,66.19999999999999,1.5011337868480725
2026-07-05 23:00:00,43.8,22.1,65.9,0.0,43.8,65.9,1.5045662100456623
2026-07-05 23:30:00,43.599999999999994,21.5,65.1,2.0,41.599999999999994,65.1,1.5649038461538463
2026-07-06 00:00:00,43.5,22.3,65.8,2.0,41.5,65.8,1.5855421686746987
2026-07-06 00:30:00,43.2,21.8,65.0,0.0,43.2,65.0,1.5046296296296295
2026-07-06 01:00:00,43.3,21.6,64.9,3.0,40.3,64.9,1.610421836228288
2026-07-06 01:30:00,43.3,22.0,65.3,0.0,43.3,65.3,1.508083140877598
2026-07-06 02:00:00,43.1,20.2,63.3,3.0,40.1,63.3,1.5785536159600997
2026-07-06 02:30:00,43.6,21.7,65.3,2.0,41.6,65.3,1.5697115384615383
2026-07-06 03:00:00,43.5,21.4,64.9,0.0,43.5,64.9,1.4919540229885058
2026-07-06 03:30:00,43.1,22.0,65.1,0.0,43.1,65.1,1.5104408352668213
2026-07-06 04:00:00,42.900000000000006,21.2,64.10000000000001,1.0,41.900000000000006,64.10000000000001,1.529832935560859
2026-07-06 04:30:00,42.6,21.3,63.900000000000006,0.0,42.6,63.900000000000006,1.5
2026-07-06 05:00:00,42.5,21.2,63.7,1.0,41.5,63.7,1.5349397590361447
2026-07-06 05:30:00,42.5,21.3,63.8,0.0,42.5,63.8,1.5011764705882353
2026-07-06 06:00:00,42.5,21.1,63.6,1.0,41.5,63.6,1.5325301204819277
2026-07-06 06:30:00,42.4,21.3,63.7,1.0,41.4,63.7,1.5386473429951693
2026-07-06 07:00:00,42.1,21.1,63.2,0.0,42.1,63.2,1.5011876484560571
2026-07-06 07:30:00,42.1,21.2,63.3,1.0,41.1,63.3,1.5401459854014596
2026-07-06 08:00:00,42.0,21.2,63.2,0.0,42.0,63.2,1.5047619047619047
2026-07-06 08:30:00,41.599999999999994,20.8,62.39999999999999,2.0,39.599999999999994,62.39999999999999,1.5757575757575757
2026-07-06 09:00:00,40.900000000000006,21.4,62.300000000000004,1.0,39.900000000000006,62.300000000000004,1.5614035087719298
2026-07-06 09:30:00,40.400000000000006,20.5,60.900000000000006,1.0,39.400000000000006,60.900000000000006,1.5456852791878173
2026-07-06 10:00:00,40.4,22.5,62.9,0.0,40.4,62.9,1.556930693069307
2026-07-06 10:30:00,40.300000000000004,24.1,64.4,2.0,38.300000000000004,64.4,1.681462140992167
2026-07-06 11:00:00,42.3,23.3,65.6,1.0,41.3,65.6,1.5883777239709442
2026-07-06 11:30:00,52.4,40.5,92.9,0.0,52.4,92.9,1.7729007633587788
2026-07-06 12:00:00,56.5,40.1,96.6,3.0,53.5,96.6,1.805607476635514
2026-07-06 12:30:00,55.400000000000006,30.4,85.80000000000001,2.0,53.400000000000006,85.80000000000001,1.606741573033708
2026-07-06 13:00:00,55.5,22.9,78.4,2.0,53.5,78.4,1.4654205607476636
2026-07-06 13:30:00,56.3,25.1,81.4,2.0,54.3,81.4,1.4990791896869247
2026-07-06 14:00:00,56.5,25.3,81.8,2.0,54.5,81.8,1.5009174311926605
2026-07-06 14:30:00,55.4,25.8,81.2,1.0,54.4,81.2,1.4926470588235294
2026-07-06 15:00:00,55.2,25.2,80.4,0.0,55.2,80.4,1.4565217391304348
2026-07-06 15:30:00,54.9,25.2,80.1,2.0,52.9,80.1,1.5141776937618148
2026-07-06 16:00:00,55.0,25.2,80.2,1.0,54.0,80.2,1.4851851851851852
2026-07-06 16:30:00,55.300000000000004,25.4,80.7,2.0,53.300000000000004,80.7,1.5140712945590993
2026-07-06 17:00:00,55.099999999999994,25.7,80.8,2.0,53.099999999999994,80.8,1.52165725047081
2026-07-06 17:30:00,54.3,25.0,79.3,1.0,53.3,79.3,1.4878048780487805
2026-07-06 18:00:00,54.5,25.2,79.7,1.0,53.5,79.7,1.4897196261682244
2026-07-06 18:30:00,54.2,25.6,79.80000000000001,0.0,54.2,79.80000000000001,1.4723247232472325
2026-07-06 19:00:00,53.400000000000006,25.0,78.4,2.0,51.400000000000006,78.4,1.5252918287937742
2026-07-06 19:30:00,53.099999999999994,25.3,78.39999999999999,1.0,52.099999999999994,78.39999999999999,1.5047984644913628
2026-07-06 20:00:00,52.8,24.4,77.19999999999999,1.0,51.8,77.19999999999999,1.4903474903474903
2026-07-06 20:30:00,53.0,25.0,78.0,3.0,50.0,78.0,1.56
2026-07-06 21:00:00,53.1,24.7,77.8,1.0,52.1,77.8,1.493282149712092
2026-07-06 21:30:00,53.1,24.9,78.0,2.0,51.1,78.0,1.5264187866927592
2026-07-06 22:00:00,53.400000000000006,24.8,78.2,0.0,53.400000000000006,78.2,1.4644194756554305
2026-07-06 22:30:00,53.5,25.1,78.6,0.0,53.5,78.6,1.4691588785046727
2026-07-06 23:00:00,53.099999999999994,24.7,77.8,2.0,51.099999999999994,77.8,1.522504892367906
2026-07-06 23:30:00,52.800000000000004,24.4,77.2,2.0,50.800000000000004,77.2,1.5196850393700787
2026-07-07 00:00:00,52.800000000000004,24.6,77.4,1.0,51.800000000000004,77.4,1.494208494208494
2026-07-07 00:30:00,52.9,24.4,77.3,3.0,49.9,77.3,1.5490981963927855
2026-07-07 01:00:00,52.9,24.6,77.5,1.0,51.9,77.5,1.4932562620423893
2026-07-07 01:30:00,53.1,25.1,78.2,2.0,51.1,78.2,1.5303326810176126
2026-07-07 02:00:00,54.400000000000006,24.8,79.2,1.0,53.400000000000006,79.2,1.4831460674157302
2026-07-07 02:30:00,57.800000000000004,26.6,84.4,2.0,55.800000000000004,84.4,1.5125448028673836
2026-07-07 03:00:00,62.7,28.2,90.9,2.0,60.7,90.9,1.4975288303130148
2026-07-07 03:30:00,66.0,29.6,95.6,3.0,63.0,95.6,1.5174603174603174
2026-07-07 04:00:00,67.2,29.9,97.1,2.0,65.2,97.1,1.4892638036809815
2026-07-07 04:30:00,67.3,30.4,97.69999999999999,2.0,65.3,97.69999999999999,1.4961715160796323
2026-07-07 05:00:00,67.0,30.0,97.0,1.0,66.0,97.0,1.4696969696969697
2026-07-07 05:30:00,67.0,29.8,96.8,3.0,64.0,96.8,1.5125
2026-07-07 06:00:00,66.9,29.7,96.60000000000001,4.0,62.900000000000006,96.60000000000001,1.5357710651828298
2026-07-07 06:30:00,66.8,29.8,96.6,1.0,65.8,96.6,1.4680851063829787
2026-07-07 07:00:00,67.0,30.3,97.3,3.0,64.0,97.3,1.5203125
2026-07-07 07:30:00,66.6,29.7,96.3,3.0,63.599999999999994,96.3,1.5141509433962266
2026-07-07 08:00:00,66.6,30.0,96.6,3.0,63.599999999999994,96.6,1.5188679245283019
2026-07-07 08:30:00,66.80000000000001,29.8,96.60000000000001,0.0,66.80000000000001,96.60000000000001,1.4461077844311376
2026-07-07 09:00:00,66.7,29.8,96.5,2.0,64.7,96.5,1.491499227202473
2026-07-07 09:30:00,66.7,29.7,96.4,2.0,64.7,96.4,1.489953632148377
2026-07-07 10:00:00,66.80000000000001,30.0,96.80000000000001,3.0,63.80000000000001,96.80000000000001,1.5172413793103448
2026-07-07 10:30:00,67.1,30.1,97.19999999999999,2.0,65.1,97.19999999999999,1.4930875576036866
2026-07-07 11:00:00,67.5,29.9,97.4,2.0,65.5,97.4,1.4870229007633589
2026-07-07 11:30:00,68.3,35.3,103.6,3.0,65.3,103.6,1.5865237366003062
2026-07-07 12:00:00,67.1,40.9,108.0,3.0,64.1,108.0,1.684867394695788
2026-07-07 12:30:00,67.8,29.5,97.3,3.0,64.8,97.3,1.5015432098765433
2026-07-07 13:00:00,67.2,47.7,114.9,2.0,65.2,114.9,1.7622699386503067
2026-07-07 13:30:00,68.0,28.1,96.1,1.0,67.0,96.1,1.4343283582089552
2026-07-07 14:00:00,67.4,48.5,115.9,3.0,64.4,115.9,1.7996894409937887
2026-07-07 14:30:00,67.69999999999999,32.1,99.79999999999998,4.0,63.69999999999999,99.79999999999998,1.566718995290424
2026-07-07 15:00:00,68.1,37.5,105.6,0.0,68.1,105.6,1.550660792951542
2026-07-07 15:30:00,67.4,46.0,113.4,3.0,64.4,113.4,1.7608695652173911
2026-07-07 16:00:00,68.7,26.3,95.0,4.0,64.7,95.0,1.4683153013910355
2026-07-07 16:30:00,68.1,50.5,118.6,3.0,65.1,118.6,1.8218125960061444
2026-07-07 17:00:00,68.7,31.4,100.1,0.0,68.7,100.1,1.4570596797671032
2026-07-07 17:30:00,68.7,40.3,109.0,2.0,66.7,109.0,1.6341829085457271
2026-07-07 18:00:00,67.8,46.5,114.3,4.0,63.8,114.3,1.79153605015674
2026-07-07 18:30:00,68.3,25.9,94.19999999999999,3.0,65.3,94.19999999999999,1.4425727411944869
2026-07-07 19:00:00,67.2,50.0,117.2,0.0,67.2,117.2,1.744047619047619
2026-07-07 19:30:00,67.5,32.2,99.7,2.0,65.5,99.7,1.5221374045801528
2026-07-07 20:00:00,67.5,35.8,103.3,2.0,65.5,103.3,1.5770992366412213
2026-07-07 20:30:00,67.39999999999999,48.3,115.69999999999999,4.0,63.39999999999999,115.69999999999999,1.8249211356466877
2026-07-07 21:00:00,68.39999999999999,26.9,95.29999999999998,1.0,67.39999999999999,95.29999999999998,1.413946587537092
2026-07-07 21:30:00,67.5,48.9,116.4,2.0,65.5,116.4,1.7770992366412215
2026-07-07 22:00:00,67.69999999999999,33.6,101.29999999999998,2.0,65.69999999999999,101.29999999999998,1.5418569254185692
2026-07-07 22:30:00,68.3,37.1,105.4,3.0,65.3,105.4,1.6140888208269526
2026-07-07 23:00:00,67.5,41.5,109.0,3.0,64.5,109.0,1.689922480620155
2026-07-07 23:30:00,68.0,29.6,97.6,1.0,67.0,97.6,1.4567164179104477
2026-07-08 00:00:00,66.9,50.3,117.2,4.0,62.900000000000006,117.2,1.863275039745628
2026-07-08 00:30:00,67.69999999999999,28.3,95.99999999999999,2.0,65.69999999999999,95.99999999999999,1.4611872146118723
2026-07-08 01:00:00,67.4,42.1,109.5,3.0,64.4,109.5,1.700310559006211
2026-07-08 01:30:00,68.0,32.5,100.5,1.0,67.0,100.5,1.5
2026-07-08 02:00:00,67.5,29.9,97.4,4.0,63.5,97.4,1.5338582677165356
2026-07-08 02:30:00,65.6,45.1,110.69999999999999,3.0,62.599999999999994,110.69999999999999,1.768370607028754
2026-07-08 03:00:00,66.8,27.4,94.19999999999999,3.0,63.8,94.19999999999999,1.476489028213166
2026-07-08 03:30:00,66.39999999999999,43.9,110.29999999999998,0.0,66.39999999999999,110.29999999999998,1.661144578313253
2026-07-08 04:00:00,67.3,29.4,96.69999999999999,2.0,65.3,96.69999999999999,1.4808575803981623
2026-07-08 04:30:00,66.8,42.8,109.6,4.0,62.8,109.6,1.7452229299363058
2026-07-08 05:00:00,67.2,30.3,97.5,3.0,64.2,97.5,1.5186915887850467
2026-07-08 05:30:00,66.60000000000001,42.5,109.10000000000001,0.0,66.60000000000001,109.10000000000001,1.6381381381381381
2026-07-08 06:00:00,66.9,31.7,98.60000000000001,2.0,64.9,98.60000000000001,1.5192604006163328
2026-07-08 06:30:00,67.3,40.2,107.5,2.0,65.3,107.5,1.64624808575804
2026-07-08 07:00:00,67.0,34.3,101.3,4.0,63.0,101.3,1.607936507936508
2026-07-08 07:30:00,67.4,37.9,105.30000000000001,1.0,66.4,105.30000000000001,1.5858433734939759
2026-07-08 08:00:00,66.4,40.7,107.10000000000001,2.0,64.4,107.10000000000001,1.6630434782608696
2026-07-08 08:30:00,67.5,27.7,95.2,2.0,65.5,95.2,1.453435114503817
2026-07-08 09:00:00,66.5,44.9,111.4,3.0,63.5,111.4,1.7543307086614175
2026-07-08 09:30:00,67.10000000000001,27.7,94.80000000000001,2.0,65.10000000000001,94.80000000000001,1.456221198156682
2026-07-08 10:00:00,66.4,44.7,111.10000000000001,2.0,64.4,111.10000000000001,1.7251552795031055
2026-07-08 10:30:00,66.8,28.9,95.69999999999999,3.0,63.8,95.69999999999999,1.4999999999999998
2026-07-08 11:00:00,66.2,43.5,109.7,2.0,64.2,109.7,1.7087227414330217
2026-07-08 11:30:00,67.1,30.5,97.6,3.0,64.1,97.6,1.5226209048361934
2026-07-08 12:00:00,67.0,42.2,109.2,1.0,66.0,109.2,1.6545454545454545
2026-07-08 12:30:00,66.8,32.4,99.19999999999999,3.0,63.8,99.19999999999999,1.554858934169279
2026-07-08 13:00:00,66.8,35.8,102.6,3.0,63.8,102.6,1.6081504702194358
2026-07-08 13:30:00,66.0,38.6,104.6,4.0,62.0,104.6,1.6870967741935483
2026-07-08 14:00:00,67.3,32.3,99.6,1.0,66.3,99.6,1.502262443438914
2026-07-08 14:30:00,66.7,45.9,112.6,2.0,64.7,112.6,1.7403400309119008
2026-07-08 15:00:00,67.6,26.7,94.3,2.0,65.6,94.3,1.4375
2026-07-08 15:30:00,66.9,46.3,113.2,3.0,63.900000000000006,113.2,1.7715179968701094
2026-07-08 16:00:00,67.7,29.8,97.5,2.0,65.7,97.5,1.4840182648401825
2026-07-08 16:30:00,67.4,46.6,114.0,1.0,66.4,114.0,1.7168674698795179
2026-07-08 17:00:00,67.3,37.3,104.6,3.0,64.3,104.6,1.6267496111975117
2026-07-08 17:30:00,68.2,31.3,99.5,3.0,65.2,99.5,1.5260736196319018
2026-07-08 18:00:00,67.39999999999999,49.2,116.6,2.0,65.39999999999999,116.6,1.7828746177370032
2026-07-08 18:30:00,67.4,27.4,94.80000000000001,0.0,67.4,94.80000000000001,1.4065281899109794
2026-07-08 19:00:00,66.69999999999999,48.6,115.29999999999998,4.0,62.69999999999999,115.29999999999998,1.838915470494418
2026-07-08 19:30:00,67.5,32.3,99.8,3.0,64.5,99.8,1.5472868217054263
2026-07-08 20:00:00,67.3,38.9,106.19999999999999,2.0,65.3,106.19999999999999,1.6263399693721285
2026-07-08 20:30:00,66.1,44.1,110.19999999999999,0.0,66.1,110.19999999999999,1.6671709531013617
2026-07-08 21:00:00,67.4,26.7,94.10000000000001,2.0,65.4,94.10000000000001,1.4388379204892967
2026-07-08 21:30:00,66.1,50.1,116.19999999999999,4.0,62.099999999999994,116.19999999999999,1.8711755233494365
2026-07-08 22:00:00,66.9,29.9,96.80000000000001,4.0,62.900000000000006,96.80000000000001,1.5389507154213038
2026-07-08 22:30:00,66.8,42.5,109.3,1.0,65.8,109.3,1.6610942249240122
2026-07-08 23:00:00,66.0,43.3,109.3,2.0,64.0,109.3,1.7078125
2026-07-08 23:30:00,66.6,26.1,92.69999999999999,2.0,64.6,92.69999999999999,1.434984520123839
2026-07-09 00:00:00,66.3,44.3,110.6,3.0,63.3,110.6,1.7472353870458135
2026-07-09 00:30:00,67.2,29.2,96.4,3.0,64.2,96.4,1.5015576323987538
2026-07-09 01:00:00,66.8,42.5,109.3,2.0,64.8,109.3,1.6867283950617284
2026-07-09 01:30:00,67.10000000000001,30.6,97.70000000000002,3.0,64.10000000000001,97.70000000000002,1.5241809672386897
2026-07-09 02:00:00,66.9,42.6,109.5,4.0,62.900000000000006,109.5,1.7408585055643877
2026-07-09 02:30:00,67.5,31.5,99.0,2.0,65.5,99.0,1.5114503816793894
2026-07-09 03:00:00,67.2,40.6,107.80000000000001,0.0,67.2,107.80000000000001,1.6041666666666667
2026-07-09 03:30:00,66.8,31.6,98.4,3.0,63.8,98.4,1.542319749216301
2026-07-09 04:00:00,66.6,42.1,108.69999999999999,4.0,62.599999999999994,108.69999999999999,1.7364217252396166
2026-07-09 04:30:00,67.4,31.6,99.0,2.0,65.4,99.0,1.513761467889908
2026-07-09 05:00:00,66.8,41.5,108.3,0.0,66.8,108.3,1.6212574850299402
2026-07-09 05:30:00,65.7,32.3,98.0,2.0,63.7,98.0,1.5384615384615383
2026-07-09 06:00:00,66.6,36.4,103.0,3.0,63.599999999999994,103.0,1.6194968553459121
2026-07-09 06:30:00,66.3,38.0,104.3,3.0,63.3,104.3,1.6477093206951028
2026-07-09 07:00:00,67.1,32.7,99.8,1.0,66.1,99.8,1.5098335854765508
2026-07-09 07:30:00,65.8,42.8,108.6,3.0,62.8,108.6,1.7292993630573248
2026-07-09 08:00:00,67.10000000000001,27.5,94.60000000000001,2.0,65.10000000000001,94.60000000000001,1.4531490015360982
2026-07-09 08:30:00,66.60000000000001,44.4,111.0,3.0,63.60000000000001,111.0,1.7452830188679243
2026-07-09 09:00:00,67.2,28.1,95.30000000000001,2.0,65.2,95.30000000000001,1.4616564417177915
2026-07-09 09:30:00,66.2,42.3,108.5,3.0,63.2,108.5,1.716772151898734
2026-07-09 10:00:00,66.4,28.9,95.30000000000001,2.0,64.4,95.30000000000001,1.4798136645962734
2026-07-09 10:30:00,66.3,50.3,116.6,3.0,63.3,116.6,1.8420221169036335
2026-07-09 11:00:00,66.9,32.3,99.2,2.0,64.9,99.2,1.5285053929121726
2026-07-09 11:30:00,67.2,35.7,102.9,0.0,67.2,102.9,1.53125
2026-07-09 12:00:00,66.7,48.1,114.80000000000001,4.0,62.7,114.80000000000001,1.8309409888357258
2026-07-09 12:30:00,67.8,26.6,94.4,4.0,63.8,94.4,1.4796238244514108
2026-07-09 13:00:00,67.0,48.3,115.3,2.0,65.0,115.3,1.7738461538461539
2026-07-09 13:30:00,67.2,32.9,100.1,0.0,67.2,100.1,1.4895833333333333
2026-07-09 14:00:00,68.1,36.9,105.0,3.0,65.1,105.0,1.6129032258064517
2026-07-09 14:30:00,67.3,45.0,112.3,4.0,63.3,112.3,1.7740916271721958
2026-07-09 15:00:00,67.80000000000001,26.9,94.70000000000002,2.0,65.80000000000001,94.70000000000002,1.439209726443769
2026-07-09 15:30:00,67.4,49.0,116.4,1.0,66.4,116.4,1.7530120481927711
2026-07-09 16:00:00,69.1,29.5,98.6,3.0,66.1,98.6,1.4916792738275342
2026-07-09 16:30:00,68.8,46.8,115.6,4.0,64.8,115.6,1.7839506172839505
2026-07-09 17:00:00,68.9,32.1,101.0,2.0,66.9,101.0,1.5097159940209266
2026-07-09 17:30:00,68.5,39.3,107.8,1.0,67.5,107.8,1.597037037037037
2026-07-09 18:00:00,68.0,32.6,100.6,3.0,65.0,100.6,1.5476923076923077
2026-07-09 18:30:00,67.89999999999999,41.6,109.5,4.0,63.89999999999999,109.5,1.7136150234741787
2026-07-09 19:00:00,68.4,30.9,99.30000000000001,2.0,66.4,99.30000000000001,1.4954819277108433
2026-07-09 19:30:00,68.1,43.2,111.3,2.0,66.1,111.3,1.6838124054462935
2026-07-09 20:00:00,68.4,30.3,98.7,1.0,67.4,98.7,1.4643916913946586
2026-07-09 20:30:00,67.2,41.6,108.80000000000001,4.0,63.2,108.80000000000001,1.7215189873417722
2026-07-09 21:00:00,68.1,33.1,101.19999999999999,3.0,65.1,101.19999999999999,1.5545314900153608
2026-07-09 21:30:00,67.6,37.2,104.8,0.0,67.6,104.8,1.5502958579881658
2026-07-09 22:00:00,68.5,36.6,105.1,3.0,65.5,105.1,1.6045801526717556
2026-07-09 22:30:00,68.2,33.9,102.1,4.0,64.2,102.1,1.5903426791277258
2026-07-09 23:00:00,68.39999999999999,40.2,108.6,2.0,66.39999999999999,108.6,1.635542168674699
2026-07-09 23:30:00,67.7,31.5,99.2,0.0,67.7,99.2,1.465288035450517
2026-07-10 00:00:00,67.7,41.5,109.2,5.0,62.7,109.2,1.7416267942583732
2026-07-10 00:30:00,68.7,31.3,100.0,3.0,65.7,100.0,1.5220700152207
2026-07-10 01:00:00,68.2,39.6,107.80000000000001,2.0,66.2,107.80000000000001,1.6283987915407856
2026-07-10 01:30:00,69.1,36.4,105.5,2.0,67.1,105.5,1.572280178837556
2026-07-10 02:00:00,68.60000000000001,33.8,102.4,2.0,66.60000000000001,102.4,1.5375375375375375
2026-07-10 02:30:00,68.4,44.0,112.4,4.0,64.4,112.4,1.7453416149068322
2026-07-10 03:00:00,68.4,33.8,102.2,2.0,66.4,102.2,1.539156626506024
2026-07-10 03:30:00,68.8,38.3,107.1,3.0,65.8,107.1,1.627659574468085
2026-07-10 04:00:00,68.3,33.3,101.6,3.0,65.3,101.6,1.555895865237366
2026-07-10 04:30:00,68.2,40.6,108.80000000000001,2.0,66.2,108.80000000000001,1.6435045317220545
2026-07-10 05:00:00,68.2,31.0,99.2,2.0,66.2,99.2,1.498489425981873
2026-07-10 05:30:00,67.8,42.6,110.4,2.0,65.8,110.4,1.677811550151976
2026-07-10 06:00:00,68.4,30.1,98.5,2.0,66.4,98.5,1.4834337349397588
2026-07-10 06:30:00,67.7,39.9,107.6,3.0,64.7,107.6,1.6630602782071096
2026-07-10 07:00:00,68.60000000000001,34.8,103.4,2.0,66.60000000000001,103.4,1.5525525525525525
2026-07-10 07:30:00,67.8,34.8,102.6,2.0,65.8,102.6,1.5592705167173253
2026-07-10 08:00:00,68.3,38.7,107.0,4.0,64.3,107.0,1.6640746500777606
2026-07-10 08:30:00,68.2,32.6,100.80000000000001,2.0,66.2,100.80000000000001,1.5226586102719035
2026-07-10 09:00:00,68.2,41.3,109.5,2.0,66.2,109.5,1.6540785498489425
2026-07-10 09:30:00,68.1,30.2,98.3,1.0,67.1,98.3,1.4649776453055143
2026-07-10 10:00:00,67.5,41.5,109.0,5.0,62.5,109.0,1.744
2026-07-10 10:30:00,68.9,34.2,103.10000000000001,2.0,66.9,103.10000000000001,1.5411061285500747
2026-07-10 11:00:00,68.4,35.3,103.7,2.0,66.4,103.7,1.561746987951807
2026-07-10 11:30:00,68.60000000000001,39.3,107.9,3.0,65.60000000000001,107.9,1.6448170731707317
2026-07-10 12:00:00,68.6,32.2,100.8,3.0,65.6,100.8,1.5365853658536586
2026-07-10 12:30:00,67.8,41.7,109.5,2.0,65.8,109.5,1.6641337386018238
2026-07-10 13:00:00,69.10000000000001,29.8,98.9,2.0,67.10000000000001,98.9,1.473919523099851
2026-07-10 13:30:00,68.3,42.5,110.8,3.0,65.3,110.8,1.6967840735068913
2026-07-10 14:00:00,69.1,33.8,102.89999999999999,4.0,65.1,102.89999999999999,1.5806451612903225
2026-07-10 14:30:00,69.69999999999999,35.8,105.49999999999999,2.0,67.69999999999999,105.49999999999999,1.5583456425406204
2026-07-10 15:00:00,70.1,39.5,109.6,1.0,69.1,109.6,1.5861070911722142
2026-07-10 15:30:00,70.1,32.9,103.0,3.0,67.1,103.0,1.535022354694486
2026-07-10 16:00:00,70.2,42.6,112.80000000000001,3.0,67.2,112.80000000000001,1.6785714285714286
2026-07-10 16:30:00,70.7,33.6,104.30000000000001,2.0,68.7,104.30000000000001,1.5181950509461428
2026-07-10 17:00:00,69.8,37.6,107.4,1.0,68.8,107.4,1.561046511627907
2026-07-10 17:30:00,70.4,38.5,108.9,3.0,67.4,108.9,1.615727002967359
2026-07-10 18:00:00,69.8,33.7,103.5,3.0,66.8,103.5,1.5494011976047906
2026-07-10 18:30:00,69.89999999999999,41.8,111.69999999999999,2.0,67.89999999999999,111.69999999999999,1.6450662739322532
2026-07-10 19:00:00,70.0,31.6,101.6,1.0,69.0,101.6,1.472463768115942
2026-07-10 19:30:00,69.69999999999999,41.8,111.49999999999999,4.0,65.69999999999999,111.49999999999999,1.6971080669710807
2026-07-10 20:00:00,70.2,35.4,105.6,4.0,66.2,105.6,1.5951661631419938
2026-07-10 20:30:00,69.80000000000001,35.2,105.00000000000001,2.0,67.80000000000001,105.00000000000001,1.5486725663716814
2026-07-10 21:00:00,69.9,40.5,110.4,3.0,66.9,110.4,1.6502242152466366
2026-07-10 21:30:00,69.8,32.4,102.19999999999999,3.0,66.8,102.19999999999999,1.529940119760479
2026-07-10 22:00:00,69.2,42.8,112.0,2.0,67.2,112.0,1.6666666666666665
2026-07-10 22:30:00,69.69999999999999,32.4,102.1,1.0,68.69999999999999,102.1,1.4861717612809318
2026-07-10 23:00:00,69.0,37.7,106.7,6.0,63.0,106.7,1.6936507936507936
2026-07-10 23:30:00,69.69999999999999,37.5,107.19999999999999,3.0,66.69999999999999,107.19999999999999,1.6071964017991005
2026-07-11 00:00:00,70.0,33.8,103.8,1.0,69.0,103.8,1.5043478260869565
2026-07-11 00:30:00,69.7,41.2,110.9,2.0,67.7,110.9,1.638109305760709
2026-07-11 01:00:00,69.5,31.1,100.6,3.0,66.5,100.6,1.512781954887218
2026-07-11 01:30:00,69.19999999999999,42.8,111.99999999999999,3.0,66.19999999999999,111.99999999999999,1.691842900302115
2026-07-11 02:00:00,70.10000000000001,27.3,97.4,1.0,69.10000000000001,97.4,1.4095513748191026
2026-07-11 02:30:00,69.4,47.0,116.4,3.0,66.4,116.4,1.7530120481927711
2026-07-11 03:00:00,70.4,28.8,99.2,3.0,67.4,99.2,1.4718100890207715
2026-07-11 03:30:00,69.69999999999999,45.6,115.29999999999998,3.0,66.69999999999999,115.29999999999998,1.7286356821589206
2026-07-11 04:00:00,70.4,29.1,99.5,2.0,68.4,99.5,1.4546783625730992
2026-07-11 04:30:00,69.5,45.8,115.3,1.0,68.5,115.3,1.6832116788321168
2026-07-11 05:00:00,70.6,28.8,99.39999999999999,3.0,67.6,99.39999999999999,1.470414201183432
2026-07-11 05:30:00,69.6,46.2,115.8,3.0,66.6,115.8,1.7387387387387387
2026-07-11 06:00:00,70.5,29.1,99.6,2.0,68.5,99.6,1.4540145985401458
2026-07-11 06:30:00,69.6,46.3,115.89999999999999,1.0,68.6,115.89999999999999,1.6895043731778425
2026-07-11 07:00:00,70.7,28.8,99.5,3.0,67.7,99.5,1.4697193500738552
2026-07-11 07:30:00,70.1,45.8,115.89999999999999,4.0,66.1,115.89999999999999,1.7534039334341907
2026-07-11 08:00:00,70.9,30.8,101.7,2.0,68.9,101.7,1.4760522496371553
2026-07-11 08:30:00,70.1,40.1,110.19999999999999,1.0,69.1,110.19999999999999,1.5947901591895803
2026-07-11 09:00:00,70.7,36.2,106.9,5.0,65.7,106.9,1.6270928462709284
2026-07-11 09:30:00,70.0,35.0,105.0,2.0,68.0,105.0,1.5441176470588236
2026-07-11 10:00:00,70.5,40.0,110.5,2.0,68.5,110.5,1.6131386861313868
2026-07-11 10:30:00,71.0,33.1,104.1,3.0,68.0,104.1,1.5308823529411764
2026-07-11 11:00:00,70.30000000000001,43.1,113.4,4.0,66.30000000000001,113.4,1.7104072398190042
2026-07-11 11:30:00,71.4,33.2,104.60000000000001,1.0,70.4,104.60000000000001,1.4857954545454546
2026-07-11 12:00:00,70.2,38.9,109.1,2.0,68.2,109.1,1.599706744868035
2026-07-11 12:30:00,70.8,37.8,108.6,4.0,66.8,108.6,1.625748502994012
2026-07-11 13:00:00,70.5,34.0,104.5,3.0,67.5,104.5,1.548148148148148
2026-07-11 13:30:00,70.4,41.8,112.2,2.0,68.4,112.2,1.6403508771929824
2026-07-11 14:00:00,70.7,31.6,102.30000000000001,0.0,70.7,102.30000000000001,1.446958981612447
2026-07-11 14:30:00,69.9,43.3,113.2,5.0,64.9,113.2,1.7442218798151001
2026-07-11 15:00:00,70.6,33.7,104.3,3.0,67.6,104.3,1.5428994082840237
2026-07-11 15:30:00,70.3,37.3,107.6,2.0,68.3,107.6,1.575402635431918
2026-07-11 16:00:00,70.4,39.1,109.5,1.0,69.4,109.5,1.5778097982708932
2026-07-11 16:30:00,70.2,33.7,103.9,4.0,66.2,103.9,1.5694864048338368
2026-07-11 17:00:00,69.9,41.6,111.5,2.0,67.9,111.5,1.642120765832106
2026-07-11 17:30:00,70.5,32.0,102.5,2.0,68.5,102.5,1.4963503649635037
2026-07-11 18:00:00,70.0,41.6,111.6,1.0,69.0,111.6,1.617391304347826
2026-07-11 18:30:00,71.0,35.8,106.8,5.0,66.0,106.8,1.6181818181818182
2026-07-11 19:00:00,70.3,35.2,105.5,3.0,67.3,105.5,1.5676077265973254
2026-07-11 19:30:00,70.9,40.4,111.30000000000001,2.0,68.9,111.30000000000001,1.6153846153846154
2026-07-11 20:00:00,70.8,32.7,103.5,3.0,67.8,103.5,1.5265486725663717
2026-07-11 20:30:00,70.4,43.0,113.4,3.0,67.4,113.4,1.682492581602374
2026-07-11 21:00:00,70.4,31.8,102.2,1.0,69.4,102.2,1.472622478386167
2026-07-11 21:30:00,69.80000000000001,39.8,109.60000000000001,2.0,67.80000000000001,109.60000000000001,1.6165191740412979
2026-07-11 22:00:00,70.1,36.2,106.3,3.0,67.1,106.3,1.5842026825633384
2026-07-11 22:30:00,69.5,34.6,104.1,4.0,65.5,104.1,1.5893129770992365
2026-07-11 23:00:00,69.4,40.2,109.60000000000001,2.0,67.4,109.60000000000001,1.6261127596439169
2026-07-11 23:30:00,69.60000000000001,31.8,101.4,1.0,68.60000000000001,101.4,1.478134110787172
2026-07-12 00:00:00,69.5,42.6,112.1,4.0,65.5,112.1,1.7114503816793891
2026-07-12 00:30:00,70.3,31.1,101.4,2.0,68.3,101.4,1.484626647144949
2026-07-12 01:00:00,69.5,43.8,113.3,3.0,66.5,113.3,1.7037593984962405
2026-07-12 01:30:00,70.5,32.6,103.1,0.0,70.5,103.1,1.4624113475177305
2026-07-12 02:00:00,69.1,41.2,110.3,4.0,65.1,110.3,1.6943164362519203
2026-07-12 02:30:00,70.10000000000001,33.7,103.80000000000001,3.0,67.10000000000001,103.80000000000001,1.5469448584202683
2026-07-12 03:00:00,69.4,36.8,106.2,3.0,66.4,106.2,1.5993975903614457
2026-07-12 03:30:00,69.80000000000001,37.8,107.60000000000001,0.0,69.80000000000001,107.60000000000001,1.5415472779369626
2026-07-12 04:00:00,69.4,33.1,102.5,4.0,65.4,102.5,1.5672782874617737
2026-07-12 04:30:00,69.5,42.4,111.9,4.0,65.5,111.9,1.7083969465648856
2026-07-12 05:00:00,69.60000000000001,31.4,101.0,2.0,67.60000000000001,101.0,1.4940828402366861
2026-07-12 05:30:00,68.5,42.9,111.4,0.0,68.5,111.4,1.626277372262774
2026-07-12 06:00:00,68.9,30.7,99.60000000000001,4.0,64.9,99.60000000000001,1.534668721109399
2026-07-12 06:30:00,68.6,42.7,111.3,4.0,64.6,111.3,1.7229102167182664
2026-07-12 07:00:00,69.2,30.6,99.80000000000001,2.0,67.2,99.80000000000001,1.4851190476190477
2026-07-12 07:30:00,69.6,43.5,113.1,0.0,69.6,113.1,1.625
2026-07-12 08:00:00,69.8,30.4,100.19999999999999,4.0,65.8,100.19999999999999,1.5227963525835866
2026-07-12 08:30:00,69.1,43.6,112.69999999999999,3.0,66.1,112.69999999999999,1.7049924357034796
2026-07-12 09:00:00,69.8,30.3,100.1,2.0,67.8,100.1,1.4764011799410028
2026-07-12 09:30:00,69.60000000000001,44.6,114.20000000000002,0.0,69.60000000000001,114.20000000000002,1.6408045977011494
2026-07-12 10:00:00,69.7,30.0,99.7,4.0,65.7,99.7,1.517503805175038
2026-07-12 10:30:00,69.1,42.2,111.3,3.0,66.1,111.3,1.6838124054462935
2026-07-12 11:00:00,69.60000000000001,30.0,99.60000000000001,2.0,67.60000000000001,99.60000000000001,1.4733727810650887
2026-07-12 11:30:00,70.0,43.5,113.5,1.0,69.0,113.5,1.644927536231884
2026-07-12 12:00:00,70.2,32.0,102.2,5.0,65.2,102.2,1.5674846625766872
2026-07-12 12:30:00,69.1,38.8,107.89999999999999,2.0,67.1,107.89999999999999,1.6080476900149032
2026-07-12 13:00:00,69.89999999999999,35.5,105.39999999999999,2.0,67.89999999999999,105.39999999999999,1.5522827687776142
2026-07-12 13:30:00,69.7,35.9,105.6,0.0,69.7,105.6,1.5150645624103298
2026-07-12 14:00:00,69.9,39.1,109.0,5.0,64.9,109.0,1.6795069337442217
2026-07-12 14:30:00,69.9,32.9,102.80000000000001,5.0,64.9,102.80000000000001,1.583975346687211
2026-07-12 15:00:00,69.6,41.4,111.0,2.0,67.6,111.0,1.6420118343195267
2026-07-12 15:30:00,69.2,30.9,100.1,0.0,69.2,100.1,1.4465317919075142
2026-07-12 16:00:00,69.30000000000001,42.9,112.20000000000002,5.0,64.30000000000001,112.20000000000002,1.744945567651633
2026-07-12 16:30:00,70.7,32.5,103.2,2.0,68.7,103.2,1.502183406113537
2026-07-12 17:00:00,69.7,39.1,108.80000000000001,2.0,67.7,108.80000000000001,1.6070901033973413
2026-07-12 17:30:00,70.0,36.8,106.8,0.0,70.0,106.8,1.5257142857142856
2026-07-12 18:00:00,69.1,34.6,103.69999999999999,6.0,63.099999999999994,103.69999999999999,1.6434231378763866
2026-07-12 18:30:00,69.2,39.6,108.80000000000001,2.0,67.2,108.80000000000001,1.619047619047619
2026-07-12 19:00:00,69.3,32.0,101.3,2.0,67.3,101.3,1.5052005943536404
2026-07-12 19:30:00,68.5,42.0,110.5,0.0,68.5,110.5,1.6131386861313868
2026-07-12 20:00:00,68.6,29.2,97.8,5.0,63.599999999999994,97.8,1.5377358490566038
2026-07-12 20:30:00,68.2,45.3,113.5,2.0,66.2,113.5,1.714501510574018
2026-07-12 21:00:00,69.19999999999999,29.0,98.19999999999999,2.0,67.19999999999999,98.19999999999999,1.461309523809524
2026-07-12 21:30:00,68.7,44.3,113.0,0.0,68.7,113.0,1.6448326055312954
2026-07-12 22:00:00,69.39999999999999,29.9,99.29999999999998,4.0,65.39999999999999,99.29999999999998,1.518348623853211
2026-07-12 22:30:00,69.2,44.3,113.5,3.0,66.2,113.5,1.714501510574018
2026-07-12 23:00:00,69.39999999999999,30.4,99.79999999999998,2.0,67.39999999999999,99.79999999999998,1.4807121661721068
2026-07-12 23:30:00,68.3,43.1,111.4,1.0,67.3,111.4,1.6552748885586925
2026-07-13 00:00:00,69.0,30.3,99.3,5.0,64.0,99.3,1.5515625
2026-07-13 00:30:00,67.6,43.6,111.19999999999999,2.0,65.6,111.19999999999999,1.6951219512195121
2026-07-13 01:00:00,68.6,29.5,98.1,1.0,67.6,98.1,1.4511834319526629
2026-07-13 01:30:00,67.8,43.3,111.1,2.0,65.8,111.1,1.6884498480243162
2026-07-13 02:00:00,68.8,26.9,95.69999999999999,3.0,65.8,95.69999999999999,1.4544072948328266
2026-07-13 02:30:00,68.69999999999999,41.9,110.6,4.0,64.69999999999999,110.6,1.7094281298299847
2026-07-13 03:00:00,69.1,30.7,99.8,1.0,68.1,99.8,1.4654919236417034
2026-07-13 03:30:00,68.6,42.0,110.6,2.0,66.6,110.6,1.6606606606606606
2026-07-13 04:00:00,68.9,29.2,98.10000000000001,1.0,67.9,98.10000000000001,1.4447717231222386
2026-07-13 04:30:00,68.2,43.7,111.9,5.0,63.2,111.9,1.7705696202531647
2026-07-13 05:00:00,68.69999999999999,27.5,96.19999999999999,1.0,67.69999999999999,96.19999999999999,1.4209748892171346
2026-07-13 05:30:00,68.0,42.8,110.8,3.0,65.0,110.8,1.7046153846153846
2026-07-13 06:00:00,68.9,28.1,97.0,1.0,67.9,97.0,1.4285714285714284
2026-07-13 06:30:00,68.3,43.2,111.5,4.0,64.3,111.5,1.734059097978227
2026-07-13 07:00:00,69.1,29.7,98.8,2.0,67.1,98.8,1.4724292101341283
2026-07-13 07:30:00,68.5,42.8,111.3,2.0,66.5,111.3,1.6736842105263157
2026-07-13 08:00:00,69.1,30.2,99.3,0.0,69.1,99.3,1.4370477568740956
2026-07-13 08:30:00,68.5,42.6,111.1,5.0,63.5,111.1,1.7496062992125982
2026-07-13 09:00:00,69.5,31.3,100.8,2.0,67.5,100.8,1.4933333333333334
2026-07-13 09:30:00,69.1,41.3,110.39999999999999,2.0,67.1,110.39999999999999,1.645305514157973
2026-07-13 10:00:00,70.3,33.5,103.8,1.0,69.3,103.8,1.497835497835498
2026-07-13 10:30:00,69.2,40.0,109.2,6.0,63.2,109.2,1.7278481012658227
2026-07-13 11:00:00,69.3,34.1,103.4,1.0,68.3,103.4,1.5139092240117131
2026-07-13 11:30:00,68.39999999999999,38.5,106.89999999999999,2.0,66.39999999999999,106.89999999999999,1.6099397590361446
2026-07-13 12:00:00,69.7,35.2,104.9,1.0,68.7,104.9,1.526928675400291
2026-07-13 12:30:00,69.4,38.4,107.80000000000001,4.0,65.4,107.80000000000001,1.6483180428134556
2026-07-13 13:00:00,69.8,36.7,106.5,2.0,67.8,106.5,1.5707964601769913
2026-07-13 13:30:00,67.6,37.8,105.39999999999999,2.0,65.6,105.39999999999999,1.6067073170731707
2026-07-13 14:00:00,69.39999999999999,35.1,104.5,1.0,68.39999999999999,104.5,1.527777777777778
2026-07-13 14:30:00,68.9,37.5,106.4,5.0,63.900000000000006,106.4,1.6651017214397497
2026-07-13 15:00:00,69.3,36.8,106.1,2.0,67.3,106.1,1.576523031203566
2026-07-13 15:30:00,68.6,36.6,105.19999999999999,2.0,66.6,105.19999999999999,1.5795795795795795
2026-07-13 16:00:00,71.0,37.4,108.4,1.0,70.0,108.4,1.5485714285714287
2026-07-13 16:30:00,69.5,36.6,106.1,5.0,64.5,106.1,1.6449612403100775
2026-07-13 17:00:00,68.8,37.3,106.1,3.0,65.8,106.1,1.6124620060790273
2026-07-13 17:30:00,80.7,37.2,117.9,3.0,77.7,117.9,1.5173745173745175
2026-07-13 18:00:00,84.19999999999999,45.1,129.29999999999998,5.0,79.19999999999999,129.29999999999998,1.6325757575757576
2026-07-13 18:30:00,82.19999999999999,37.4,119.6,3.0,79.19999999999999,119.6,1.5101010101010102
2026-07-13 19:00:00,81.3,45.2,126.5,3.0,78.3,126.5,1.6155810983397192
2026-07-13 19:30:00,80.10000000000001,34.7,114.80000000000001,3.0,77.10000000000001,114.80000000000001,1.4889753566796369
2026-07-13 20:00:00,78.3,46.1,124.4,4.0,74.3,124.4,1.6742934051144012
2026-07-13 20:30:00,78.10000000000001,37.3,115.4,1.0,77.10000000000001,115.4,1.496757457846952
2026-07-13 21:00:00,76.1,37.0,113.1,5.0,71.1,113.1,1.5907172995780592
2026-07-13 21:30:00,75.9,41.8,117.7,2.0,73.9,117.7,1.5926928281461434
2026-07-13 22:00:00,74.5,34.1,108.6,1.0,73.5,108.6,1.4775510204081632
2026-07-13 22:30:00,73.0,43.2,116.2,4.0,69.0,116.2,1.6840579710144927
2026-07-13 23:00:00,72.69999999999999,33.1,105.79999999999998,3.0,69.69999999999999,105.79999999999998,1.5179340028694404
2026-07-13 23:30:00,71.2,42.0,113.2,3.0,68.2,113.2,1.6598240469208212
2026-07-14 00:00:00,72.1,33.7,105.8,1.0,71.1,105.8,1.488045007032349
2026-07-14 00:30:00,70.3,39.8,110.1,4.0,66.3,110.1,1.660633484162896
2026-07-14 01:00:00,70.2,34.4,104.6,1.0,69.2,104.6,1.5115606936416184
2026-07-14 01:30:00,69.2,38.5,107.7,2.0,67.2,107.7,1.6026785714285714
2026-07-14 02:00:00,68.6,27.1,95.69999999999999,2.0,66.6,95.69999999999999,1.436936936936937
2026-07-14 02:30:00,67.7,44.2,111.9,4.0,63.7,111.9,1.7566718995290425
2026-07-14 03:00:00,68.1,28.2,96.3,2.0,66.1,96.3,1.4568835098335855
2026-07-14 03:30:00,66.9,42.6,109.5,1.0,65.9,109.5,1.661608497723824
2026-07-14 04:00:00,67.2,28.6,95.80000000000001,2.0,65.2,95.80000000000001,1.4693251533742333
2026-07-14 04:30:00,66.8,30.4,97.19999999999999,2.0,64.8,97.19999999999999,1.5
2026-07-14 05:00:00,66.4,29.4,95.80000000000001,3.0,63.400000000000006,95.80000000000001,1.5110410094637226
2026-07-14 05:30:00,66.1,29.3,95.39999999999999,2.0,64.1,95.39999999999999,1.4882995319812793
2026-07-14 06:00:00,66.4,29.1,95.5,2.0,64.4,95.5,1.482919254658385
2026-07-14 06:30:00,66.3,29.3,95.6,2.0,64.3,95.6,1.4867807153965784
2026-07-14 07:00:00,66.0,29.0,95.0,2.0,64.0,95.0,1.484375
2026-07-14 07:30:00,65.1,29.4,94.5,3.0,62.099999999999994,94.5,1.5217391304347827
2026-07-14 08:00:00,65.6,29.1,94.69999999999999,2.0,63.599999999999994,94.69999999999999,1.4889937106918238
2026-07-14 08:30:00,65.5,28.9,94.4,1.0,64.5,94.4,1.4635658914728682
2026-07-14 09:00:00,65.30000000000001,29.1,94.4,1.0,64.30000000000001,94.4,1.468118195956454
2026-07-14 09:30:00,65.4,28.8,94.2,3.0,62.400000000000006,94.2,1.5096153846153846
2026-07-14 10:00:00,65.4,28.8,94.2,3.0,62.400000000000006,94.2,1.5096153846153846
2026-07-14 10:30:00,65.0,28.8,93.8,3.0,62.0,93.8,1.5129032258064516
2026-07-14 11:00:00,65.3,28.8,94.1,1.0,64.3,94.1,1.463452566096423
2026-07-14 11:30:00,66.5,32.9,99.4,2.0,64.5,99.4,1.5410852713178296
2026-07-14 12:00:00,65.6,36.5,102.1,2.0,63.599999999999994,102.1,1.6053459119496856
2026-07-14 12:30:00,66.4,28.3,94.7,3.0,63.400000000000006,94.7,1.4936908517350156
2026-07-14 13:00:00,65.7,30.8,96.5,1.0,64.7,96.5,1.491499227202473
2026-07-14 13:30:00,65.89999999999999,29.2,95.1,3.0,62.89999999999999,95.1,1.5119236883942768
2026-07-14 14:00:00,66.4,30.7,97.10000000000001,2.0,64.4,97.10000000000001,1.5077639751552796
2026-07-14 14:30:00,66.4,30.5,96.9,2.0,64.4,96.9,1.5046583850931676
2026-07-14 15:00:00,66.9,30.3,97.2,2.0,64.9,97.2,1.49768875192604
2026-07-14 15:30:00,67.2,30.7,97.9,3.0,64.2,97.9,1.5249221183800623
2026-07-14 16:00:00,67.2,30.8,98.0,2.0,65.2,98.0,1.5030674846625767
2026-07-14 16:30:00,66.7,30.7,97.4,3.0,63.7,97.4,1.5290423861852434
2026-07-14 17:00:00,66.8,30.7,97.5,3.0,63.8,97.5,1.5282131661442007
2026-07-14 17:30:00,67.10000000000001,30.3,97.4,1.0,66.10000000000001,97.4,1.4735249621785174
2026-07-14 18:00:00,67.6,30.9,98.5,2.0,65.6,98.5,1.5015243902439026
2026-07-14 18:30:00,67.3,31.0,98.3,2.0,65.3,98.3,1.5053598774885146
2026-07-14 19:00:00,67.1,30.9,98.0,2.0,65.1,98.0,1.5053763440860217
2026-07-14 19:30:00,65.5,30.5,96.0,2.0,63.5,96.0,1.5118110236220472
2026-07-14 20:00:00,63.5,29.2,92.7,1.0,62.5,92.7,1.4832
2026-07-14 20:30:00,63.099999999999994,29.7,92.8,2.0,61.099999999999994,92.8,1.518821603927987
2026-07-14 21:00:00,61.7,28.3,90.0,2.0,59.7,90.0,1.507537688442211
2026-07-14 21:30:00,60.199999999999996,28.3,88.5,1.0,59.199999999999996,88.5,1.4949324324324325
2026-07-14 22:00:00,59.5,27.8,87.3,3.0,56.5,87.3,1.545132743362832
2026-07-14 22:30:00,59.2,27.5,86.7,1.0,58.2,86.7,1.4896907216494846
2026-07-14 23:00:00,59.199999999999996,27.9,87.1,2.0,57.199999999999996,87.1,1.5227272727272727
2026-07-14 23:30:00,59.0,27.8,86.8,1.0,58.0,86.8,1.496551724137931
2026-07-15 00:00:00,58.699999999999996,27.4,86.1,2.0,56.699999999999996,86.1,1.5185185185185186
2026-07-15 00:30:00,58.6,27.7,86.3,1.0,57.6,86.3,1.4982638888888888
2026-07-15 01:00:00,58.4,27.3,85.7,1.0,57.4,85.7,1.4930313588850175
2026-07-15 01:30:00,58.3,27.3,85.6,3.0,55.3,85.6,1.5479204339963832
2026-07-15 02:00:00,58.4,26.5,84.9,2.0,56.4,84.9,1.5053191489361704
2026-07-15 02:30:00,58.0,27.4,85.4,1.0,57.0,85.4,1.4982456140350877
2026-07-15 03:00:00,57.9,27.3,85.2,2.0,55.9,85.2,1.5241502683363148
2026-07-15 03:30:00,57.400000000000006,27.0,84.4,2.0,55.400000000000006,84.4,1.523465703971119
2026-07-15 04:00:00,57.400000000000006,27.0,84.4,1.0,56.400000000000006,84.4,1.49645390070922
2026-07-15 04:30:00,57.099999999999994,27.0,84.1,3.0,54.099999999999994,84.1,1.5545286506469502
2026-07-15 05:00:00,57.2,27.0,84.2,0.0,57.2,84.2,1.472027972027972
2026-07-15 05:30:00,57.0,26.9,83.9,2.0,55.0,83.9,1.5254545454545456
2026-07-15 06:00:00,56.6,26.7,83.3,0.0,56.6,83.3,1.471731448763251
2026-07-15 06:30:00,56.4,26.6,83.0,2.0,54.4,83.0,1.5257352941176472
2026-07-15 07:00:00,55.7,26.6,82.30000000000001,1.0,54.7,82.30000000000001,1.5045703839122488
2026-07-15 07:30:00,55.3,25.4,80.69999999999999,1.0,54.3,80.69999999999999,1.4861878453038673
2026-07-15 08:00:00,55.699999999999996,25.3,81.0,3.0,52.699999999999996,81.0,1.537001897533207
2026-07-15 08:30:00,55.6,25.2,80.8,0.0,55.6,80.8,1.4532374100719423
2026-07-15 09:00:00,54.3,25.0,79.3,1.0,53.3,79.3,1.4878048780487805
2026-07-15 09:30:00,53.599999999999994,24.2,77.8,1.0,52.599999999999994,77.8,1.479087452471483
2026-07-15 10:00:00,53.599999999999994,24.6,78.19999999999999,2.0,51.599999999999994,78.19999999999999,1.5155038759689923
2026-07-15 10:30:00,53.5,24.2,77.7,1.0,52.5,77.7,1.48
2026-07-15 11:00:00,54.89999999999999,25.3,80.19999999999999,2.0,52.89999999999999,80.19999999999999,1.5160680529300568
2026-07-15 11:30:00,54.099999999999994,24.2,78.3,4.0,50.099999999999994,78.3,1.5628742514970062
2026-07-15 12:00:00,65.19999999999999,28.1,93.29999999999998,1.0,64.19999999999999,93.29999999999998,1.453271028037383
2026-07-15 12:30:00,65.7,30.3,96.0,1.0,64.7,96.0,1.4837712519319937
2026-07-15 13:00:00,65.8,29.6,95.4,3.0,62.8,95.4,1.5191082802547773
2026-07-15 13:30:00,66.4,30.0,96.4,2.0,64.4,96.4,1.4968944099378882
2026-07-15 14:00:00,66.0,29.3,95.3,3.0,63.0,95.3,1.5126984126984127
2026-07-15 14:30:00,65.6,29.7,95.3,2.0,63.599999999999994,95.3,1.498427672955975
2026-07-15 15:00:00,65.19999999999999,29.3,94.49999999999999,3.0,62.19999999999999,94.49999999999999,1.5192926045016077
2026-07-15 15:30:00,65.3,29.7,95.0,2.0,63.3,95.0,1.5007898894154819
2026-07-15 16:00:00,64.9,29.4,94.30000000000001,2.0,62.900000000000006,94.30000000000001,1.4992050874403815
2026-07-15 16:30:00,66.5,29.3,95.8,3.0,63.5,95.8,1.5086614173228345
2026-07-15 17:00:00,80.8,38.3,119.1,4.0,76.8,119.1,1.55078125
2026-07-15 17:30:00,82.2,37.2,119.4,3.0,79.2,119.4,1.5075757575757576
2026-07-15 18:00:00,82.2,44.1,126.30000000000001,5.0,77.2,126.30000000000001,1.6360103626943006
2026-07-15 18:30:00,81.3,34.2,115.5,1.0,80.3,115.5,1.4383561643835616
2026-07-15 19:00:00,80.0,48.5,128.5,5.0,75.0,128.5,1.7133333333333334
2026-07-15 19:30:00,80.5,34.8,115.3,3.0,77.5,115.3,1.487741935483871
2026-07-15 20:00:00,78.60000000000001,40.9,119.5,4.0,74.60000000000001,119.5,1.601876675603217
2026-07-15 20:30:00,79.7,39.6,119.30000000000001,2.0,77.7,119.30000000000001,1.5353925353925355
2026-07-15 21:00:00,78.19999999999999,35.8,113.99999999999999,4.0,74.19999999999999,113.99999999999999,1.5363881401617252
2026-07-15 21:30:00,77.80000000000001,43.2,121.00000000000001,4.0,73.80000000000001,121.00000000000001,1.6395663956639566
2026-07-15 22:00:00,77.3,33.3,110.6,2.0,75.3,110.6,1.4687915006640107
2026-07-15 22:30:00,75.5,44.8,120.3,3.0,72.5,120.3,1.659310344827586
2026-07-15 23:00:00,75.6,34.7,110.3,3.0,72.6,110.3,1.519283746556474
2026-07-15 23:30:00,74.1,35.1,109.19999999999999,3.0,71.1,109.19999999999999,1.5358649789029535
2026-07-16 00:00:00,73.60000000000001,41.7,115.30000000000001,4.0,69.60000000000001,115.30000000000001,1.6566091954022988
2026-07-16 00:30:00,72.6,31.7,104.3,1.0,71.6,104.3,1.4567039106145252
2026-07-16 01:00:00,71.9,43.2,115.10000000000001,4.0,67.9,115.10000000000001,1.695139911634757
2026-07-16 01:30:00,71.89999999999999,30.8,102.69999999999999,2.0,69.89999999999999,102.69999999999999,1.469241773962804
2026-07-16 02:00:00,70.7,43.6,114.30000000000001,3.0,67.7,114.30000000000001,1.688330871491876
2026-07-16 02:30:00,71.4,30.3,101.7,2.0,69.4,101.7,1.4654178674351583
2026-07-16 03:00:00,70.1,37.8,107.89999999999999,3.0,67.1,107.89999999999999,1.6080476900149032
2026-07-16 03:30:00,70.4,37.2,107.60000000000001,3.0,67.4,107.60000000000001,1.596439169139466
2026-07-16 04:00:00,69.8,32.3,102.1,2.0,67.8,102.1,1.5058997050147493
2026-07-16 04:30:00,69.30000000000001,41.8,111.10000000000001,2.0,67.30000000000001,111.10000000000001,1.650817236255572
2026-07-16 05:00:00,69.6,29.7,99.3,3.0,66.6,99.3,1.490990990990991
2026-07-16 05:30:00,69.39999999999999,42.7,112.1,3.0,66.39999999999999,112.1,1.688253012048193
2026-07-16 06:00:00,70.1,28.7,98.8,2.0,68.1,98.8,1.4508076358296624
2026-07-16 06:30:00,69.3,43.8,113.1,1.0,68.3,113.1,1.6559297218155198
2026-07-16 07:00:00,69.4,27.5,96.9,4.0,65.4,96.9,1.4816513761467889
2026-07-16 07:30:00,68.4,43.0,111.4,3.0,65.4,111.4,1.7033639143730885
2026-07-16 08:00:00,68.7,27.4,96.1,2.0,66.7,96.1,1.4407796101949024
2026-07-16 08:30:00,67.9,43.7,111.60000000000001,1.0,66.9,111.60000000000001,1.6681614349775784
2026-07-16 09:00:00,68.19999999999999,27.9,96.1,3.0,65.19999999999999,96.1,1.4739263803680984
2026-07-16 09:30:00,68.4,42.8,111.2,3.0,65.4,111.2,1.7003058103975535
2026-07-16 10:00:00,68.1,28.1,96.19999999999999,2.0,66.1,96.19999999999999,1.4553706505295008
2026-07-16 10:30:00,68.2,31.1,99.30000000000001,1.0,67.2,99.30000000000001,1.4776785714285716
2026-07-16 11:00:00,68.39999999999999,31.1,99.5,5.0,63.39999999999999,99.5,1.5694006309148267
2026-07-16 11:30:00,68.89999999999999,31.0,99.89999999999999,2.0,66.89999999999999,99.89999999999999,1.493273542600897
2026-07-16 12:00:00,68.9,31.1,100.0,2.0,66.9,100.0,1.4947683109118086
2026-07-16 12:30:00,68.5,30.9,99.4,1.0,67.5,99.4,1.4725925925925927
2026-07-16 13:00:00,67.6,30.8,98.39999999999999,4.0,63.599999999999994,98.39999999999999,1.5471698113207548
2026-07-16 13:30:00,68.6,31.0,99.6,3.0,65.6,99.6,1.5182926829268293
2026-07-16 14:00:00,68.7,30.9,99.6,3.0,65.7,99.6,1.5159817351598173
2026-07-16 14:30:00,68.5,30.9,99.4,3.0,65.5,99.4,1.517557251908397
2026-07-16 15:00:00,72.39999999999999,31.5,103.89999999999999,3.0,69.39999999999999,103.89999999999999,1.4971181556195967
2026-07-16 15:30:00,74.6,39.6,114.19999999999999,3.0,71.6,114.19999999999999,1.594972067039106
2026-07-16 16:00:00,74.9,26.2,101.10000000000001,1.0,73.9,101.10000000000001,1.368064952638701
2026-07-16 16:30:00,75.3,40.4,115.69999999999999,4.0,71.3,115.69999999999999,1.6227208976157081
2026-07-16 17:00:00,74.6,34.9,109.5,4.0,70.6,109.5,1.5509915014164308
2026-07-16 17:30:00,74.6,43.3,117.89999999999999,2.0,72.6,117.89999999999999,1.6239669421487604
2026-07-16 18:00:00,74.5,31.3,105.8,2.0,72.5,105.8,1.4593103448275861
2026-07-16 18:30:00,73.3,47.6,120.9,4.0,69.3,120.9,1.7445887445887447
2026-07-16 19:00:00,74.5,31.0,105.5,2.0,72.5,105.5,1.4551724137931035
2026-07-16 19:30:00,74.1,42.6,116.69999999999999,3.0,71.1,116.69999999999999,1.641350210970464
2026-07-16 20:00:00,74.3,37.6,111.9,3.0,71.3,111.9,1.5694249649368865
2026-07-16 20:30:00,74.2,34.8,109.0,3.0,71.2,109.0,1.5308988764044944
2026-07-16 21:00:00,73.60000000000001,42.3,115.9,1.0,72.60000000000001,115.9,1.5964187327823691
2026-07-16 21:30:00,73.9,34.2,108.10000000000001,3.0,70.9,108.10000000000001,1.524682651622003
2026-07-16 22:00:00,73.2,38.9,112.1,4.0,69.2,112.1,1.6199421965317917
2026-07-16 22:30:00,74.2,39.5,113.7,3.0,71.2,113.7,1.5969101123595506
2026-07-16 23:00:00,73.7,33.6,107.30000000000001,2.0,71.7,107.30000000000001,1.4965132496513252
2026-07-16 23:30:00,73.1,43.6,116.69999999999999,4.0,69.1,116.69999999999999,1.6888567293777135
2026-07-17 00:00:00,73.89999999999999,34.4,108.29999999999998,2.0,71.89999999999999,108.29999999999998,1.5062586926286508
2026-07-17 00:30:00,73.7,36.1,109.80000000000001,1.0,72.7,109.80000000000001,1.5103163686382395
2026-07-17 01:00:00,73.80000000000001,41.3,115.10000000000001,4.0,69.80000000000001,115.10000000000001,1.648997134670487
2026-07-17 01:30:00,73.9,33.5,107.4,4.0,69.9,107.4,1.536480686695279
2026-07-17 02:00:00,73.1,39.1,112.19999999999999,3.0,70.1,112.19999999999999,1.600570613409415
2026-07-17 02:30:00,74.0,39.0,113.0,4.0,70.0,113.0,1.6142857142857143
2026-07-17 03:00:00,73.89999999999999,33.8,107.69999999999999,3.0,70.89999999999999,107.69999999999999,1.5190409026798308
2026-07-17 03:30:00,73.6,42.9,116.5,2.0,71.6,116.5,1.6270949720670391
2026-07-17 04:00:00,74.1,34.9,109.0,3.0,71.1,109.0,1.5330520393811535
2026-07-17 04:30:00,73.5,35.7,109.2,3.0,70.5,109.2,1.548936170212766
2026-07-17 05:00:00,73.1,41.0,114.1,3.0,70.1,114.1,1.6276747503566333
2026-07-17 05:30:00,73.7,32.7,106.4,1.0,72.7,106.4,1.4635488308115543
2026-07-17 06:00:00,73.0,39.7,112.7,3.0,70.0,112.7,1.61
2026-07-17 06:30:00,73.6,37.8,111.39999999999999,4.0,69.6,111.39999999999999,1.6005747126436782
2026-07-17 07:00:00,72.60000000000001,33.6,106.20000000000002,1.0,71.60000000000001,106.20000000000002,1.4832402234636872
2026-07-17 07:30:00,72.4,40.0,112.4,3.0,69.4,112.4,1.6195965417867435
2026-07-17 08:00:00,73.5,24.7,98.2,4.0,69.5,98.2,1.41294964028777
2026-07-17 08:30:00,74.19999999999999,38.3,112.49999999999999,2.0,72.19999999999999,112.49999999999999,1.5581717451523547
2026-07-17 09:00:00,72.8,34.5,107.3,1.0,71.8,107.3,1.4944289693593316
2026-07-17 09:30:00,72.9,40.5,113.4,3.0,69.9,113.4,1.6223175965665235
2026-07-17 10:00:00,72.89999999999999,30.7,103.6,4.0,68.89999999999999,103.6,1.5036284470246735
2026-07-17 10:30:00,71.2,45.5,116.7,2.0,69.2,116.7,1.6864161849710981
2026-07-17 11:00:00,73.30000000000001,30.5,103.80000000000001,2.0,71.30000000000001,103.80000000000001,1.455820476858345
2026-07-17 11:30:00,72.4,44.3,116.7,3.0,69.4,116.7,1.6815561959654177
2026-07-17 12:00:00,73.7,26.8,100.5,3.0,70.7,100.5,1.4214992927864214
2026-07-17 12:30:00,72.3,45.7,118.0,3.0,69.3,118.0,1.702741702741703
2026-07-17 13:00:00,73.0,32.6,105.6,3.0,70.0,105.6,1.5085714285714285
2026-07-17 13:30:00,71.9,38.7,110.60000000000001,4.0,67.9,110.60000000000001,1.6288659793814433
2026-07-17 14:00:00,73.1,39.0,112.1,3.0,70.1,112.1,1.5991440798858774
2026-07-17 14:30:00,72.1,35.4,107.5,1.0,71.1,107.5,1.5119549929676512
2026-07-17 15:00:00,72.3,39.0,111.3,3.0,69.3,111.3,1.6060606060606062
2026-07-17 15:30:00,71.5,32.5,104.0,4.0,67.5,104.0,1.5407407407407407
2026-07-17 16:00:00,71.3,42.6,113.9,1.0,70.3,113.9,1.6201991465149361
2026-07-17 16:30:00,72.2,32.5,104.7,2.0,70.2,104.7,1.4914529914529915
2026-07-17 17:00:00,71.0,42.8,113.8,5.0,66.0,113.8,1.7242424242424241
2026-07-17 17:30:00,72.2,33.1,105.30000000000001,1.0,71.2,105.30000000000001,1.478932584269663
2026-07-17 18:00:00,70.9,41.7,112.60000000000001,2.0,68.9,112.60000000000001,1.6342525399129173
2026-07-17 18:30:00,72.7,34.1,106.80000000000001,2.0,70.7,106.80000000000001,1.5106082036775108
2026-07-17 19:00:00,71.8,35.8,107.6,4.0,67.8,107.6,1.5870206489675516
2026-07-17 19:30:00,71.6,40.2,111.8,2.0,69.6,111.8,1.60632183908046
2026-07-17 20:00:00,72.4,32.0,104.4,1.0,71.4,104.4,1.4621848739495797
2026-07-17 20:30:00,71.8,42.0,113.8,3.0,68.8,113.8,1.6540697674418605
2026-07-17 21:00:00,72.0,35.0,107.0,4.0,68.0,107.0,1.5735294117647058
2026-07-17 21:30:00,71.7,35.0,106.7,1.0,70.7,106.7,1.5091937765205092
2026-07-17 22:00:00,71.7,40.4,112.1,3.0,68.7,112.1,1.6317321688500726
2026-07-17 22:30:00,71.9,31.9,103.80000000000001,5.0,66.9,103.80000000000001,1.5515695067264574
2026-07-17 23:00:00,71.4,40.4,111.80000000000001,3.0,68.4,111.80000000000001,1.6345029239766082
2026-07-17 23:30:00,72.3,36.8,109.1,2.0,70.3,109.1,1.5519203413940257
2026-07-18 00:00:00,71.89999999999999,33.8,105.69999999999999,2.0,69.89999999999999,105.69999999999999,1.5121602288984264
2026-07-18 00:30:00,71.6,41.6,113.19999999999999,6.0,65.6,113.19999999999999,1.725609756097561
2026-07-18 01:00:00,71.89999999999999,32.1,104.0,1.0,70.89999999999999,104.0,1.4668547249647392
2026-07-18 01:30:00,71.7,38.1,109.80000000000001,2.0,69.7,109.80000000000001,1.57532281205165
2026-07-18 02:00:00,72.10000000000001,37.2,109.30000000000001,3.0,69.10000000000001,109.30000000000001,1.5817655571635312
2026-07-18 02:30:00,72.4,33.8,106.2,4.0,68.4,106.2,1.5526315789473684
2026-07-18 03:00:00,72.3,41.4,113.69999999999999,2.0,70.3,113.69999999999999,1.6173541963015645
2026-07-18 03:30:00,72.39999999999999,32.7,105.1,2.0,70.39999999999999,105.1,1.4928977272727273
2026-07-18 04:00:00,71.5,37.4,108.9,4.0,67.5,108.9,1.6133333333333335
2026-07-18 04:30:00,72.0,38.2,110.2,2.0,70.0,110.2,1.5742857142857143
2026-07-18 05:00:00,72.1,32.8,104.89999999999999,1.0,71.1,104.89999999999999,1.4753867791842474
2026-07-18 05:30:00,72.5,42.1,114.6,2.0,70.5,114.6,1.625531914893617
2026-07-18 06:00:00,73.0,33.4,106.4,5.0,68.0,106.4,1.5647058823529412
2026-07-18 06:30:00,72.3,36.1,108.4,1.0,71.3,108.4,1.5203366058906032
2026-07-18 07:00:00,72.6,39.3,111.89999999999999,2.0,70.6,111.89999999999999,1.584985835694051
2026-07-18 07:30:00,72.5,31.8,104.3,4.0,68.5,104.3,1.5226277372262773
2026-07-18 08:00:00,72.0,41.7,113.7,3.0,69.0,113.7,1.6478260869565218
2026-07-18 08:30:00,72.39999999999999,33.8,106.19999999999999,2.0,70.39999999999999,106.19999999999999,1.5085227272727273
2026-07-18 09:00:00,72.19999999999999,34.7,106.89999999999999,2.0,70.19999999999999,106.89999999999999,1.5227920227920229
2026-07-18 09:30:00,72.8,40.4,113.19999999999999,5.0,67.8,113.19999999999999,1.6696165191740413
2026-07-18 10:00:00,72.8,31.7,104.5,1.0,71.8,104.5,1.4554317548746518
2026-07-18 10:30:00,72.8,41.0,113.8,2.0,70.8,113.8,1.6073446327683616
2026-07-18 11:00:00,73.6,36.7,110.3,5.0,68.6,110.3,1.6078717201166182
2026-07-18 11:30:00,72.89999999999999,34.0,106.89999999999999,2.0,70.89999999999999,106.89999999999999,1.5077574047954867
2026-07-18 12:00:00,73.2,41.7,114.9,2.0,71.2,114.9,1.6137640449438202
2026-07-18 12:30:00,74.4,34.0,108.4,3.0,71.4,108.4,1.5182072829131652
2026-07-18 13:00:00,73.4,36.8,110.2,5.0,68.4,110.2,1.611111111111111
2026-07-18 13:30:00,73.5,40.0,113.5,1.0,72.5,113.5,1.5655172413793104
2026-07-18 14:00:00,73.39999999999999,32.4,105.79999999999998,2.0,71.39999999999999,105.79999999999998,1.4817927170868346
2026-07-18 14:30:00,72.8,42.0,114.8,6.0,66.8,114.8,1.7185628742514971
2026-07-18 15:00:00,73.1,35.3,108.39999999999999,1.0,72.1,108.39999999999999,1.5034674063800277
2026-07-18 15:30:00,73.2,34.8,108.0,2.0,71.2,108.0,1.5168539325842696
2026-07-18 16:00:00,73.3,41.3,114.6,2.0,71.3,114.6,1.6072931276297335
2026-07-18 16:30:00,74.2,34.2,108.4,5.0,69.2,108.4,1.5664739884393064
2026-07-18 17:00:00,73.5,37.7,111.2,1.0,72.5,111.2,1.533793103448276
2026-07-18 17:30:00,74.0,39.5,113.5,3.0,71.0,113.5,1.5985915492957747
2026-07-18 18:00:00,74.1,33.2,107.3,6.0,68.1,107.3,1.5756240822320118
2026-07-18 18:30:00,74.0,42.7,116.7,1.0,73.0,116.7,1.5986301369863014
2026-07-18 19:00:00,74.3,35.4,109.69999999999999,2.0,72.3,109.69999999999999,1.5172890733056708
2026-07-18 19:30:00,73.8,35.2,109.0,2.0,71.8,109.0,1.5181058495821729
2026-07-18 20:00:00,73.8,41.6,115.4,4.0,69.8,115.4,1.6532951289398283
2026-07-18 20:30:00,74.2,33.9,108.1,2.0,72.2,108.1,1.4972299168975067
2026-07-18 21:00:00,73.4,37.8,111.2,2.0,71.4,111.2,1.557422969187675
2026-07-18 21:30:00,73.80000000000001,39.3,113.10000000000001,5.0,68.80000000000001,113.10000000000001,1.6438953488372092
2026-07-18 22:00:00,73.3,33.2,106.5,1.0,72.3,106.5,1.4730290456431536
2026-07-18 22:30:00,73.2,42.3,115.5,2.0,71.2,115.5,1.622191011235955
2026-07-18 23:00:00,73.3,34.4,107.69999999999999,2.0,71.3,107.69999999999999,1.5105189340813463
2026-07-18 23:30:00,73.5,35.4,108.9,5.0,68.5,108.9,1.5897810218978103
2026-07-19 00:00:00,73.5,40.9,114.4,3.0,70.5,114.4,1.622695035460993
2026-07-19 00:30:00,74.19999999999999,33.2,107.39999999999999,2.0,72.19999999999999,107.39999999999999,1.4875346260387812
2026-07-19 01:00:00,72.8,39.1,111.9,5.0,67.8,111.9,1.6504424778761064
2026-07-19 01:30:00,72.8,37.7,110.5,1.0,71.8,110.5,1.5389972144846797
2026-07-19 02:00:00,72.3,32.8,105.1,3.0,69.3,105.1,1.5165945165945165
2026-07-19 02:30:00,73.1,41.8,114.89999999999999,2.0,71.1,114.89999999999999,1.6160337552742616
2026-07-19 03:00:00,72.4,32.2,104.60000000000001,4.0,68.4,104.60000000000001,1.5292397660818713
2026-07-19 03:30:00,72.0,37.0,109.0,1.0,71.0,109.0,1.5352112676056338
2026-07-19 04:00:00,73.0,37.7,110.7,3.0,70.0,110.7,1.5814285714285714
2026-07-19 04:30:00,73.6,33.1,106.69999999999999,4.0,69.6,106.69999999999999,1.5330459770114941
2026-07-19 05:00:00,73.10000000000001,41.9,115.0,2.0,71.10000000000001,115.0,1.6174402250351616
2026-07-19 05:30:00,73.9,33.3,107.2,3.0,70.9,107.2,1.5119887165021155
2026-07-19 06:00:00,72.9,34.1,107.0,1.0,71.9,107.0,1.4881780250347705
2026-07-19 06:30:00,73.5,39.9,113.4,5.0,68.5,113.4,1.6554744525547447
2026-07-19 07:00:00,73.89999999999999,30.2,104.1,1.0,72.89999999999999,104.1,1.4279835390946503
2026-07-19 07:30:00,73.5,43.9,117.4,3.0,70.5,117.4,1.6652482269503548
2026-07-19 08:00:00,73.8,30.7,104.5,5.0,68.8,104.5,1.5188953488372094
2026-07-19 08:30:00,72.2,39.2,111.4,0.0,72.2,111.4,1.5429362880886426
2026-07-19 09:00:00,72.7,36.0,108.7,3.0,69.7,108.7,1.5595408895265424
2026-07-19 09:30:00,71.8,30.1,101.9,2.0,69.8,101.9,1.4598853868194843
2026-07-19 10:00:00,72.2,28.9,101.1,4.0,68.2,101.1,1.4824046920821112
2026-07-19 10:30:00,72.0,40.6,112.6,1.0,71.0,112.6,1.5859154929577464
2026-07-19 11:00:00,72.0,29.4,101.4,3.0,69.0,101.4,1.4695652173913045
2026-07-19 11:30:00,72.3,28.0,100.3,5.0,67.3,100.3,1.4903417533432393
2026-07-19 12:00:00,71.7,45.1,116.80000000000001,2.0,69.7,116.80000000000001,1.6757532281205165
2026-07-19 12:30:00,72.0,29.0,101.0,2.0,70.0,101.0,1.4428571428571428
2026-07-19 13:00:00,71.80000000000001,40.9,112.70000000000002,2.0,69.80000000000001,112.70000000000002,1.6146131805157593
2026-07-19 13:30:00,73.2,35.3,108.5,7.0,66.2,108.5,1.6389728096676737
2026-07-19 14:00:00,72.4,34.0,106.4,1.0,71.4,106.4,1.4901960784313726
2026-07-19 14:30:00,72.6,40.8,113.39999999999999,2.0,70.6,113.39999999999999,1.6062322946175638
2026-07-19 15:00:00,73.0,32.3,105.3,3.0,70.0,105.3,1.5042857142857142
2026-07-19 15:30:00,73.0,38.3,111.3,3.0,70.0,111.3,1.5899999999999999
2026-07-19 16:00:00,73.4,38.4,111.80000000000001,2.0,71.4,111.80000000000001,1.5658263305322129
2026-07-19 16:30:00,72.6,32.9,105.5,2.0,70.6,105.5,1.4943342776203967
2026-07-19 17:00:00,71.9,41.8,113.7,5.0,66.9,113.7,1.6995515695067263
2026-07-19 17:30:00,72.5,33.5,106.0,0.0,72.5,106.0,1.4620689655172414
2026-07-19 18:00:00,71.8,35.2,107.0,4.0,67.8,107.0,1.5781710914454279
2026-07-19 18:30:00,72.0,39.9,111.9,3.0,69.0,111.9,1.6217391304347828
2026-07-19 19:00:00,72.3,31.4,103.69999999999999,3.0,69.3,103.69999999999999,1.4963924963924964
2026-07-19 19:30:00,72.19999999999999,41.7,113.89999999999999,1.0,71.19999999999999,113.89999999999999,1.5997191011235956
2026-07-19 20:00:00,73.2,35.1,108.30000000000001,2.0,71.2,108.30000000000001,1.5210674157303372
2026-07-19 20:30:00,72.9,34.9,107.80000000000001,5.0,67.9,107.80000000000001,1.5876288659793816
2026-07-19 21:00:00,72.5,40.3,112.8,1.0,71.5,112.8,1.5776223776223777
2026-07-19 21:30:00,73.0,32.3,105.3,3.0,70.0,105.3,1.5042857142857142
2026-07-19 22:00:00,72.3,39.8,112.1,2.0,70.3,112.1,1.5945945945945945
2026-07-19 22:30:00,73.0,36.8,109.8,4.0,69.0,109.8,1.5913043478260869
2026-07-19 23:00:00,72.7,33.7,106.4,2.0,70.7,106.4,1.504950495049505
2026-07-19 23:30:00,72.89999999999999,41.5,114.39999999999999,4.0,68.89999999999999,114.39999999999999,1.6603773584905661
2026-07-20 00:00:00,72.7,31.8,104.5,5.0,67.7,104.5,1.5435745937961594
2026-07-20 00:30:00,72.19999999999999,38.5,110.69999999999999,1.0,71.19999999999999,110.69999999999999,1.5547752808988764
2026-07-20 01:00:00,73.3,37.4,110.69999999999999,3.0,70.3,110.69999999999999,1.5746799431009957
2026-07-20 01:30:00,73.0,33.2,106.2,2.0,71.0,106.2,1.495774647887324
2026-07-20 02:00:00,72.3,41.8,114.1,5.0,67.3,114.1,1.6953937592867756
2026-07-20 02:30:00,72.8,32.7,105.5,0.0,72.8,105.5,1.4491758241758241
2026-07-20 03:00:00,71.5,36.2,107.7,3.0,68.5,107.7,1.5722627737226278
2026-07-20 03:30:00,72.3,38.3,110.6,2.0,70.3,110.6,1.57325746799431
2026-07-20 04:00:00,71.7,31.7,103.4,4.0,67.7,103.4,1.5273264401772526
2026-07-20 04:30:00,70.19999999999999,40.3,110.49999999999999,1.0,69.19999999999999,110.49999999999999,1.596820809248555
2026-07-20 05:00:00,70.1,27.5,97.6,2.0,68.1,97.6,1.433186490455213
2026-07-20 05:30:00,71.0,40.6,111.6,3.0,68.0,111.6,1.6411764705882352
2026-07-20 06:00:00,71.7,28.7,100.4,3.0,68.7,100.4,1.4614264919941775
2026-07-20 06:30:00,71.9,39.6,111.5,2.0,69.9,111.5,1.5951359084406294
2026-07-20 07:00:00,72.3,31.7,104.0,1.0,71.3,104.0,1.458625525946704
2026-07-20 07:30:00,73.0,34.8,107.8,5.0,68.0,107.8,1.5852941176470587
2026-07-20 08:00:00,72.6,21.7,94.3,1.0,71.6,94.3,1.3170391061452515
2026-07-20 08:30:00,72.7,23.5,96.2,3.0,69.7,96.2,1.3802008608321377
2026-07-20 09:00:00,72.1,25.7,97.8,3.0,69.1,97.8,1.4153400868306802
2026-07-20 09:30:00,72.0,29.7,101.7,4.0,68.0,101.7,1.4955882352941177
2026-07-20 10:00:00,70.60000000000001,41.5,112.10000000000001,1.0,69.60000000000001,112.10000000000001,1.610632183908046
2026-07-20 10:30:00,70.5,28.5,99.0,3.0,67.5,99.0,1.4666666666666666
2026-07-20 11:00:00,69.9,31.4,101.30000000000001,3.0,66.9,101.30000000000001,1.5142002989536623
2026-07-20 11:30:00,70.8,31.3,102.1,3.0,67.8,102.1,1.5058997050147493
2026-07-20 12:00:00,72.7,31.6,104.30000000000001,4.0,68.7,104.30000000000001,1.5181950509461428
2026-07-20 12:30:00,72.1,39.4,111.5,1.0,71.1,111.5,1.568213783403657
2026-07-20 13:00:00,72.1,30.9,103.0,5.0,67.1,103.0,1.535022354694486
2026-07-20 13:30:00,80.5,41.3,121.8,3.0,77.5,121.8,1.5716129032258064
2026-07-20 14:00:00,88.6,38.6,127.19999999999999,6.0,82.6,127.19999999999999,1.5399515738498788
2026-07-20 14:30:00,89.39999999999999,45.9,135.29999999999998,4.0,85.39999999999999,135.29999999999998,1.5843091334894612
2026-07-20 15:00:00,90.6,40.5,131.1,5.0,85.6,131.1,1.5315420560747663
2026-07-20 15:30:00,90.1,42.3,132.39999999999998,3.0,87.1,132.39999999999998,1.5200918484500572
2026-07-20 16:00:00,91.3,43.6,134.9,7.0,84.3,134.9,1.6002372479240807
2026-07-20 16:30:00,89.7,39.3,129.0,2.0,87.7,129.0,1.4709236031927024
2026-07-20 17:00:00,91.0,46.2,137.2,7.0,84.0,137.2,1.6333333333333333
2026-07-20 17:30:00,90.30000000000001,38.2,128.5,2.0,88.30000000000001,128.5,1.4552661381653453
2026-07-20 18:00:00,90.9,47.6,138.5,7.0,83.9,138.5,1.6507747318235995
2026-07-20 18:30:00,90.9,38.3,129.2,2.0,88.9,129.2,1.4533183352080987
2026-07-20 19:00:00,90.8,48.2,139.0,8.0,82.8,139.0,1.6787439613526571
2026-07-20 19:30:00,90.7,40.2,130.9,2.0,88.7,130.9,1.47576099210823
2026-07-20 20:00:00,88.69999999999999,45.1,133.79999999999998,7.0,81.69999999999999,133.79999999999998,1.6376988984088128
2026-07-20 20:30:00,91.6,42.2,133.8,3.0,88.6,133.8,1.5101580135440182
2026-07-20 21:00:00,89.8,40.9,130.7,5.0,84.8,130.7,1.5412735849056602
2026-07-20 21:30:00,91.6,46.0,137.6,6.0,85.6,137.6,1.6074766355140186
2026-07-20 22:00:00,90.9,38.6,129.5,4.0,86.9,129.5,1.4902186421173762
2026-07-20 22:30:00,91.6,47.9,139.5,6.0,85.6,139.5,1.6296728971962617
2026-07-20 23:00:00,90.7,36.7,127.4,4.0,86.7,127.4,1.469434832756632
2026-07-20 23:30:00,91.0,49.8,140.8,7.0,84.0,140.8,1.6761904761904762
2026-07-21 00:00:00,91.5,40.0,131.5,3.0,88.5,131.5,1.4858757062146892
2026-07-21 00:30:00,90.3,46.1,136.4,7.0,83.3,136.4,1.6374549819927973
2026-07-21 01:00:00,91.7,40.9,132.6,3.0,88.7,132.6,1.4949267192784665
2026-07-21 01:30:00,91.5,41.9,133.4,6.0,85.5,133.4,1.560233918128655
2026-07-21 02:00:00,93.0,45.2,138.2,4.0,89.0,138.2,1.5528089887640448
2026-07-21 02:30:00,91.89999999999999,39.5,131.39999999999998,7.0,84.89999999999999,131.39999999999998,1.547703180212014
2026-07-21 03:00:00,92.0,47.0,139.0,3.0,89.0,139.0,1.5617977528089888
2026-07-21 03:30:00,91.30000000000001,37.7,129.0,5.0,86.30000000000001,129.0,1.4947856315179604
2026-07-21 04:00:00,91.60000000000001,48.1,139.70000000000002,5.0,86.60000000000001,139.70000000000002,1.6131639722863742
2026-07-21 04:30:00,91.9,39.0,130.9,4.0,87.9,130.9,1.4891922639362911
2026-07-21 05:00:00,90.7,47.5,138.2,7.0,83.7,138.2,1.6511350059737155
2026-07-21 05:30:00,92.5,40.4,132.9,3.0,89.5,132.9,1.4849162011173185
2026-07-21 06:00:00,91.5,42.9,134.4,7.0,84.5,134.4,1.5905325443786984
2026-07-21 06:30:00,93.3,43.8,137.1,3.0,90.3,137.1,1.5182724252491695
2026-07-21 07:00:00,91.5,39.5,131.0,7.0,84.5,131.0,1.5502958579881656
2026-07-21 07:30:00,93.0,44.1,137.1,3.0,90.0,137.1,1.5233333333333332
2026-07-21 08:00:00,91.39999999999999,38.8,130.2,6.0,85.39999999999999,130.2,1.5245901639344261
2026-07-21 08:30:00,92.9,46.9,139.8,4.0,88.9,139.8,1.5725534308211473
2026-07-21 09:00:00,91.2,38.7,129.9,5.0,86.2,129.9,1.5069605568445477
2026-07-21 09:30:00,91.0,47.7,138.7,6.0,85.0,138.7,1.6317647058823528
2026-07-21 10:00:00,90.4,37.6,128.0,4.0,86.4,128.0,1.4814814814814814
2026-07-21 10:30:00,89.69999999999999,48.7,138.39999999999998,5.0,84.69999999999999,138.39999999999998,1.6340023612750885
2026-07-21 11:00:00,90.3,39.9,130.2,5.0,85.3,130.2,1.5263774912075028
2026-07-21 11:30:00,92.19999999999999,41.4,133.6,6.0,86.19999999999999,133.6,1.5498839907192576
2026-07-21 12:00:00,92.0,47.2,139.2,3.0,89.0,139.2,1.5640449438202246
2026-07-21 12:30:00,90.0,49.0,139.0,6.0,84.0,139.0,1.6547619047619047
2026-07-21 13:00:00,91.4,56.0,147.4,4.0,87.4,147.4,1.6864988558352403
2026-07-21 13:30:00,91.19999999999999,58.8,150.0,5.0,86.19999999999999,150.0,1.7401392111368912
2026-07-21 14:00:00,90.9,59.3,150.2,4.0,86.9,150.2,1.728423475258918
2026-07-21 14:30:00,90.10000000000001,59.6,149.70000000000002,5.0,85.10000000000001,149.70000000000002,1.7591069330199764
2026-07-21 15:00:00,89.60000000000001,59.1,148.70000000000002,5.0,84.60000000000001,148.70000000000002,1.7576832151300237
2026-07-21 15:30:00,90.80000000000001,45.5,136.3,6.0,84.80000000000001,136.3,1.607311320754717
2026-07-21 16:00:00,93.5,40.7,134.2,4.0,89.5,134.2,1.4994413407821228
2026-07-21 16:30:00,92.1,44.3,136.39999999999998,4.0,88.1,136.39999999999998,1.5482406356413165
2026-07-21 17:00:00,93.19999999999999,44.9,138.1,5.0,88.19999999999999,138.1,1.5657596371882088
2026-07-21 17:30:00,90.8,42.6,133.4,4.0,86.8,133.4,1.5368663594470047
2026-07-21 18:00:00,92.39999999999999,44.2,136.6,5.0,87.39999999999999,136.6,1.5629290617848972
2026-07-21 18:30:00,91.5,42.0,133.5,4.0,87.5,133.5,1.5257142857142858
2026-07-21 19:00:00,92.2,44.6,136.8,5.0,87.2,136.8,1.5688073394495414
2026-07-21 19:30:00,90.8,41.3,132.1,5.0,85.8,132.1,1.5396270396270395
2026-07-21 20:00:00,92.5,45.2,137.7,5.0,87.5,137.7,1.5737142857142856
2026-07-21 20:30:00,91.2,41.1,132.3,5.0,86.2,132.3,1.5348027842227379
2026-07-21 21:00:00,93.0,45.6,138.6,5.0,88.0,138.6,1.575
2026-07-21 21:30:00,92.0,40.6,132.6,5.0,87.0,132.6,1.5241379310344827
2026-07-21 22:00:00,93.39999999999999,46.4,139.79999999999998,4.0,89.39999999999999,139.79999999999998,1.5637583892617448
2026-07-21 22:30:00,91.8,40.5,132.3,7.0,84.8,132.3,1.5601415094339623
2026-07-21 23:00:00,92.5,46.1,138.6,3.0,89.5,138.6,1.5486033519553073
2026-07-21 23:30:00,91.69999999999999,40.3,132.0,6.0,85.69999999999999,132.0,1.5402567094515756
2026-07-22 00:00:00,92.69999999999999,46.1,138.79999999999998,4.0,88.69999999999999,138.79999999999998,1.5648252536640361
2026-07-22 00:30:00,91.9,40.3,132.2,5.0,86.9,132.2,1.5212888377445337
2026-07-22 01:00:00,93.0,46.3,139.3,6.0,87.0,139.3,1.6011494252873564
2026-07-22 01:30:00,91.5,39.8,131.3,4.0,87.5,131.3,1.5005714285714287
2026-07-22 02:00:00,93.0,46.8,139.8,6.0,87.0,139.8,1.606896551724138
2026-07-22 02:30:00,91.9,40.8,132.7,5.0,86.9,132.7,1.5270425776754888
2026-07-22 03:00:00,92.9,45.7,138.60000000000002,4.0,88.9,138.60000000000002,1.5590551181102363
2026-07-22 03:30:00,91.10000000000001,40.2,131.3,6.0,85.10000000000001,131.3,1.5428907168037602
2026-07-22 04:00:00,91.5,45.6,137.1,5.0,86.5,137.1,1.584971098265896
2026-07-22 04:30:00,90.3,39.7,130.0,4.0,86.3,130.0,1.5063731170336037
2026-07-22 05:00:00,90.1,45.6,135.7,4.0,86.1,135.7,1.576074332171893
2026-07-22 05:30:00,89.60000000000001,38.6,128.20000000000002,5.0,84.60000000000001,128.20000000000002,1.5153664302600474
2026-07-22 06:00:00,91.4,46.5,137.9,5.0,86.4,137.9,1.5960648148148149
2026-07-22 06:30:00,91.1,38.4,129.5,4.0,87.1,129.5,1.486796785304248
2026-07-22 07:00:00,91.5,47.2,138.7,5.0,86.5,138.7,1.6034682080924854
2026-07-22 07:30:00,90.9,38.4,129.3,4.0,86.9,129.3,1.4879171461449943
2026-07-22 08:00:00,90.4,47.2,137.60000000000002,5.0,85.4,137.60000000000002,1.611241217798595
2026-07-22 08:30:00,90.19999999999999,37.3,127.49999999999999,5.0,85.19999999999999,127.49999999999999,1.4964788732394367
2026-07-22 09:00:00,89.0,48.1,137.1,5.0,84.0,137.1,1.6321428571428571
2026-07-22 09:30:00,89.39999999999999,38.0,127.39999999999999,4.0,85.39999999999999,127.39999999999999,1.4918032786885247
2026-07-22 10:00:00,88.2,46.8,135.0,5.0,83.2,135.0,1.6225961538461537
2026-07-22 10:30:00,87.6,38.8,126.39999999999999,4.0,83.6,126.39999999999999,1.5119617224880382
2026-07-22 11:00:00,86.5,45.1,131.6,5.0,81.5,131.6,1.614723926380368
2026-07-22 11:30:00,90.1,40.6,130.7,5.0,85.1,130.7,1.535840188014101
2026-07-22 12:00:00,89.9,43.5,133.4,5.0,84.9,133.4,1.5712603062426385
2026-07-22 12:30:00,92.30000000000001,42.5,134.8,5.0,87.30000000000001,134.8,1.5441008018327604
2026-07-22 13:00:00,90.89999999999999,45.4,136.29999999999998,5.0,85.89999999999999,136.29999999999998,1.5867287543655413
2026-07-22 13:30:00,92.8,41.7,134.5,4.0,88.8,134.5,1.5146396396396398
2026-07-22 14:00:00,90.9,44.1,135.0,5.0,85.9,135.0,1.5715948777648427
2026-07-22 14:30:00,92.0,42.5,134.5,6.0,86.0,134.5,1.563953488372093
2026-07-22 15:00:00,90.3,42.4,132.7,4.0,86.3,132.7,1.53765932792584
2026-07-22 15:30:00,91.7,44.1,135.8,6.0,85.7,135.8,1.5845974329054844
2026-07-22 16:00:00,89.9,41.0,130.9,3.0,86.9,130.9,1.5063291139240507
2026-07-22 16:30:00,91.30000000000001,44.8,136.10000000000002,6.0,85.30000000000001,136.10000000000002,1.5955451348182885
2026-07-22 17:00:00,90.0,40.4,130.4,3.0,87.0,130.4,1.4988505747126437
2026-07-22 17:30:00,90.80000000000001,46.2,137.0,6.0,84.80000000000001,137.0,1.615566037735849
2026-07-22 18:00:00,89.0,40.0,129.0,3.0,86.0,129.0,1.5
2026-07-22 18:30:00,90.3,46.0,136.3,5.0,85.3,136.3,1.5978898007034
2026-07-22 19:00:00,89.5,38.5,128.0,5.0,84.5,128.0,1.514792899408284
2026-07-22 19:30:00,91.5,48.2,139.7,4.0,87.5,139.7,1.5965714285714285
2026-07-22 20:00:00,90.9,38.4,129.3,6.0,84.9,129.3,1.5229681978798586
2026-07-22 20:30:00,91.4,48.3,139.7,5.0,86.4,139.7,1.616898148148148
2026-07-22 21:00:00,89.9,37.9,127.80000000000001,5.0,84.9,127.80000000000001,1.5053003533568905
2026-07-22 21:30:00,90.7,47.8,138.5,4.0,86.7,138.5,1.5974625144175316
2026-07-22 22:00:00,89.6,37.5,127.1,5.0,84.6,127.1,1.5023640661938535
2026-07-22 22:30:00,89.1,47.9,137.0,5.0,84.1,137.0,1.6290130796670632
2026-07-22 23:00:00,89.5,37.1,126.6,5.0,84.5,126.6,1.4982248520710058
2026-07-22 23:30:00,89.9,48.1,138.0,4.0,85.9,138.0,1.6065192083818391
2026-07-23 00:00:00,90.19999999999999,38.2,128.39999999999998,4.0,86.19999999999999,128.39999999999998,1.4895591647331785
2026-07-23 00:30:00,89.3,47.2,136.5,5.0,84.3,136.5,1.6192170818505338
2026-07-23 01:00:00,89.5,38.7,128.2,4.0,85.5,128.2,1.4994152046783624
2026-07-23 01:30:00,89.3,46.4,135.7,5.0,84.3,135.7,1.609727164887307
2026-07-23 02:00:00,90.1,37.9,128.0,4.0,86.1,128.0,1.48664343786295
2026-07-23 02:30:00,88.80000000000001,47.7,136.5,6.0,82.80000000000001,136.5,1.648550724637681
2026-07-23 03:00:00,91.2,40.7,131.9,4.0,87.2,131.9,1.5126146788990826
2026-07-23 03:30:00,90.1,44.5,134.6,5.0,85.1,134.6,1.581668625146886
2026-07-23 04:00:00,91.1,41.7,132.8,4.0,87.1,132.8,1.5246842709529278
2026-07-23 04:30:00,89.80000000000001,43.3,133.10000000000002,4.0,85.80000000000001,133.10000000000002,1.5512820512820513
2026-07-23 05:00:00,90.9,42.4,133.3,5.0,85.9,133.3,1.5518044237485449
2026-07-23 05:30:00,90.3,41.5,131.8,5.0,85.3,131.8,1.5451348182883942
2026-07-23 06:00:00,91.5,44.1,135.6,5.0,86.5,135.6,1.567630057803468
2026-07-23 06:30:00,89.9,40.6,130.5,5.0,84.9,130.5,1.537102473498233
2026-07-23 07:00:00,90.8,45.0,135.8,5.0,85.8,135.8,1.582750582750583
2026-07-23 07:30:00,89.7,39.9,129.6,6.0,83.7,129.6,1.5483870967741935
2026-07-23 08:00:00,89.8,45.7,135.5,4.0,85.8,135.5,1.5792540792540792
2026-07-23 08:30:00,88.0,39.0,127.0,4.0,84.0,127.0,1.5119047619047619
2026-07-23 09:00:00,89.1,45.7,134.8,5.0,84.1,134.8,1.6028537455410228
2026-07-23 09:30:00,89.0,37.7,126.7,4.0,85.0,126.7,1.4905882352941178
2026-07-23 10:00:00,89.0,47.4,136.4,4.0,85.0,136.4,1.6047058823529412
2026-07-23 10:30:00,88.30000000000001,37.4,125.70000000000002,6.0,82.30000000000001,125.70000000000002,1.5273390036452006
2026-07-23 11:00:00,88.4,46.5,134.9,4.0,84.4,134.9,1.5983412322274881
2026-07-23 11:30:00,88.8,37.6,126.4,5.0,83.8,126.4,1.5083532219570408
2026-07-23 12:00:00,88.6,47.8,136.39999999999998,5.0,83.6,136.39999999999998,1.6315789473684208
2026-07-23 12:30:00,90.4,38.9,129.3,5.0,85.4,129.3,1.5140515222482436
2026-07-23 13:00:00,90.3,46.8,137.1,4.0,86.3,137.1,1.5886442641946696
2026-07-23 13:30:00,91.4,39.9,131.3,5.0,86.4,131.3,1.519675925925926
2026-07-23 14:00:00,91.3,46.6,137.9,6.0,85.3,137.9,1.6166471277842909
2026-07-23 14:30:00,93.0,41.1,134.1,4.0,89.0,134.1,1.5067415730337077
2026-07-23 15:00:00,91.39999999999999,46.6,138.0,6.0,85.39999999999999,138.0,1.6159250585480096
2026-07-23 15:30:00,92.8,40.9,133.7,4.0,88.8,133.7,1.5056306306306306
2026-07-23 16:00:00,91.0,46.4,137.4,6.0,85.0,137.4,1.616470588235294
2026-07-23 16:30:00,91.80000000000001,41.0,132.8,4.0,87.80000000000001,132.8,1.5125284738041003
2026-07-23 17:00:00,89.89999999999999,45.8,135.7,5.0,84.89999999999999,135.7,1.5983510011778563
2026-07-23 17:30:00,91.0,41.5,132.5,5.0,86.0,132.5,1.5406976744186047
2026-07-23 18:00:00,89.30000000000001,45.4,134.70000000000002,5.0,84.30000000000001,134.70000000000002,1.597864768683274
2026-07-23 18:30:00,91.19999999999999,41.1,132.29999999999998,3.0,88.19999999999999,132.29999999999998,1.5
2026-07-23 19:00:00,88.1,45.3,133.39999999999998,5.0,83.1,133.39999999999998,1.6052948255114319
2026-07-23 19:30:00,86.9,40.6,127.5,3.0,83.9,127.5,1.5196662693682954
2026-07-23 20:00:00,83.3,40.2,123.5,4.0,79.3,123.5,1.5573770491803278
2026-07-23 20:30:00,83.0,42.3,125.3,4.0,79.0,125.3,1.5860759493670886
2026-07-23 21:00:00,80.7,36.3,117.0,1.0,79.7,117.0,1.468005018820577
2026-07-23 21:30:00,80.2,44.3,124.5,4.0,76.2,124.5,1.6338582677165354
2026-07-23 22:00:00,79.1,35.7,114.8,3.0,76.1,114.8,1.5085413929040736
2026-07-23 22:30:00,76.3,42.2,118.5,3.0,73.3,118.5,1.6166439290586632
2026-07-23 23:00:00,75.6,37.6,113.19999999999999,3.0,72.6,113.19999999999999,1.559228650137741
2026-07-23 23:30:00,73.3,35.2,108.5,2.0,71.3,108.5,1.5217391304347827
2026-07-24 00:00:00,72.0,40.7,112.7,3.0,69.0,112.7,1.6333333333333333
2026-07-24 00:30:00,71.0,31.4,102.4,1.0,70.0,102.4,1.4628571428571429
2026-07-24 01:00:00,69.6,42.6,112.19999999999999,3.0,66.6,112.19999999999999,1.6846846846846846
2026-07-24 01:30:00,69.5,30.0,99.5,2.0,67.5,99.5,1.474074074074074
2026-07-24 02:00:00,68.19999999999999,39.4,107.6,5.0,63.19999999999999,107.6,1.7025316455696204
2026-07-24 02:30:00,68.1,32.1,100.19999999999999,1.0,67.1,100.19999999999999,1.4932935916542474
2026-07-24 03:00:00,67.3,37.5,104.8,3.0,64.3,104.8,1.629860031104199
2026-07-24 03:30:00,67.7,33.3,101.0,1.0,66.7,101.0,1.5142428785607196
2026-07-24 04:00:00,66.89999999999999,36.2,103.1,2.0,64.89999999999999,103.1,1.588597842835131
2026-07-24 04:30:00,67.1,29.5,96.6,2.0,65.1,96.6,1.4838709677419355
2026-07-24 05:00:00,66.1,29.6,95.69999999999999,1.0,65.1,95.69999999999999,1.4700460829493087
2026-07-24 05:30:00,65.8,28.7,94.5,3.0,62.8,94.5,1.5047770700636944
2026-07-24 06:00:00,65.2,28.8,94.0,2.0,63.2,94.0,1.4873417721518987
2026-07-24 06:30:00,65.1,28.6,93.69999999999999,2.0,63.099999999999994,93.69999999999999,1.484944532488114
2026-07-24 07:00:00,64.9,28.6,93.5,2.0,62.900000000000006,93.5,1.4864864864864864
2026-07-24 07:30:00,64.3,28.6,92.9,1.0,63.3,92.9,1.467614533965245
2026-07-24 08:00:00,64.3,28.4,92.69999999999999,3.0,61.3,92.69999999999999,1.5122349102773245
2026-07-24 08:30:00,64.0,28.5,92.5,1.0,63.0,92.5,1.4682539682539681
2026-07-24 09:00:00,63.8,28.3,92.1,2.0,61.8,92.1,1.4902912621359223
2026-07-24 09:30:00,63.8,28.4,92.19999999999999,2.0,61.8,92.19999999999999,1.4919093851132685
2026-07-24 10:00:00,63.5,28.4,91.9,1.0,62.5,91.9,1.4704000000000002
2026-07-24 10:30:00,63.099999999999994,28.1,91.19999999999999,3.0,60.099999999999994,91.19999999999999,1.5174708818635607
2026-07-24 11:00:00,62.900000000000006,28.1,91.0,2.0,60.900000000000006,91.0,1.4942528735632183
2026-07-24 11:30:00,63.0,28.1,91.1,1.0,62.0,91.1,1.4693548387096773
2026-07-24 12:00:00,64.3,28.5,92.8,4.0,60.3,92.8,1.5389718076285241
2026-07-24 12:30:00,64.7,28.6,93.30000000000001,1.0,63.7,93.30000000000001,1.4646781789638934
2026-07-24 13:00:00,64.9,28.8,93.7,3.0,61.900000000000006,93.7,1.5137318255250403
2026-07-24 13:30:00,65.7,29.1,94.80000000000001,1.0,64.7,94.80000000000001,1.465224111282844
2026-07-24 14:00:00,64.9,29.0,93.9,2.0,62.900000000000006,93.9,1.492845786963434
2026-07-24 14:30:00,65.19999999999999,28.8,93.99999999999999,3.0,62.19999999999999,93.99999999999999,1.5112540192926045
2026-07-24 15:00:00,64.5,29.0,93.5,1.0,63.5,93.5,1.4724409448818898
2026-07-24 15:30:00,63.699999999999996,28.3,92.0,3.0,60.699999999999996,92.0,1.5156507413509062
2026-07-24 16:00:00,63.5,28.3,91.8,1.0,62.5,91.8,1.4687999999999999
2026-07-24 16:30:00,63.5,28.4,91.9,1.0,62.5,91.9,1.4704000000000002
2026-07-24 17:00:00,63.5,28.3,91.8,3.0,60.5,91.8,1.5173553719008264
2026-07-24 17:30:00,73.80000000000001,30.4,104.20000000000002,4.0,69.80000000000001,104.20000000000002,1.492836676217765
2026-07-24 18:00:00,86.9,50.8,137.7,6.0,80.9,137.7,1.7021013597033372
2026-07-24 18:30:00,90.49999999999999,38.7,129.2,4.0,86.49999999999999,129.2,1.49364161849711
2026-07-24 19:00:00,88.30000000000001,48.9,137.20000000000002,5.0,83.30000000000001,137.20000000000002,1.6470588235294117
2026-07-24 19:30:00,88.5,40.6,129.1,4.0,84.5,129.1,1.527810650887574
2026-07-24 20:00:00,86.19999999999999,44.4,130.6,5.0,81.19999999999999,130.6,1.6083743842364533
2026-07-24 20:30:00,85.5,40.9,126.4,4.0,81.5,126.4,1.5509202453987732
2026-07-24 21:00:00,82.80000000000001,39.6,122.4,2.0,80.80000000000001,122.4,1.5148514851485146
2026-07-24 21:30:00,81.9,43.0,124.9,5.0,76.9,124.9,1.6241872561768531
2026-07-24 22:00:00,79.5,35.9,115.4,3.0,76.5,115.4,1.5084967320261438
2026-07-24 22:30:00,78.4,44.0,122.4,2.0,76.4,122.4,1.6020942408376964
2026-07-24 23:00:00,77.6,34.9,112.5,3.0,74.6,112.5,1.5080428954423593
2026-07-24 23:30:00,76.3,43.1,119.4,5.0,71.3,119.4,1.6746143057503509
2026-07-25 00:00:00,75.7,37.1,112.80000000000001,2.0,73.7,112.80000000000001,1.5305291723202172
2026-07-25 00:30:00,74.3,35.7,110.0,3.0,71.3,110.0,1.5427769985974755
2026-07-25 01:00:00,74.1,41.3,115.39999999999999,4.0,70.1,115.39999999999999,1.6462196861626248
2026-07-25 01:30:00,73.5,32.6,106.1,0.0,73.5,106.1,1.4435374149659863
2026-07-25 02:00:00,72.2,41.7,113.9,6.0,66.2,113.9,1.7205438066465257
2026-07-25 02:30:00,73.6,36.7,110.3,2.0,71.6,110.3,1.5405027932960895
2026-07-25 03:00:00,71.8,38.4,110.19999999999999,3.0,68.8,110.19999999999999,1.6017441860465116
2026-07-25 03:30:00,72.7,38.0,110.7,2.0,70.7,110.7,1.5657708628005658
2026-07-25 04:00:00,71.6,36.7,108.3,3.0,68.6,108.3,1.5787172011661808
2026-07-25 04:30:00,71.9,38.5,110.4,4.0,67.9,110.4,1.625920471281296
2026-07-25 05:00:00,71.0,35.5,106.5,0.0,71.0,106.5,1.5
2026-07-25 05:30:00,70.89999999999999,39.0,109.89999999999999,5.0,65.89999999999999,109.89999999999999,1.6676783004552354
2026-07-25 06:00:00,70.0,34.8,104.8,2.0,68.0,104.8,1.5411764705882351
2026-07-25 06:30:00,69.9,38.5,108.4,3.0,66.9,108.4,1.6203288490284005
2026-07-25 07:00:00,68.9,34.6,103.5,1.0,67.9,103.5,1.524300441826215
2026-07-25 07:30:00,69.69999999999999,38.3,107.99999999999999,5.0,64.69999999999999,107.99999999999999,1.6692426584234932
2026-07-25 08:00:00,69.0,36.6,105.6,3.0,66.0,105.6,1.5999999999999999
2026-07-25 08:30:00,69.89999999999999,35.6,105.5,1.0,68.89999999999999,105.5,1.5312046444121918
2026-07-25 09:00:00,68.3,37.9,106.19999999999999,1.0,67.3,106.19999999999999,1.5780089153046062
2026-07-25 09:30:00,68.9,34.4,103.30000000000001,4.0,64.9,103.30000000000001,1.5916795069337442
2026-07-25 10:00:00,67.4,41.7,109.10000000000001,3.0,64.4,109.10000000000001,1.6940993788819876
2026-07-25 10:30:00,68.3,27.6,95.9,1.0,67.3,95.9,1.424962852897474
2026-07-25 11:00:00,67.0,43.8,110.8,1.0,66.0,110.8,1.6787878787878787
2026-07-25 11:30:00,68.0,27.7,95.7,4.0,64.0,95.7,1.4953125
2026-07-25 12:00:00,66.9,43.0,109.9,4.0,62.900000000000006,109.9,1.7472178060413355
2026-07-25 12:30:00,67.3,28.4,95.69999999999999,1.0,66.3,95.69999999999999,1.4434389140271493
2026-07-25 13:00:00,66.89999999999999,31.2,98.1,1.0,65.89999999999999,98.1,1.488619119878604
2026-07-25 13:30:00,66.2,29.1,95.30000000000001,4.0,62.2,95.30000000000001,1.532154340836013
2026-07-25 14:00:00,65.3,28.9,94.19999999999999,1.0,64.3,94.19999999999999,1.4650077760497666
2026-07-25 14:30:00,64.8,28.6,93.4,4.0,60.8,93.4,1.536184210526316
2026-07-25 15:00:00,63.89999999999999,28.6,92.5,0.0,63.89999999999999,92.5,1.4475743348982788
2026-07-25 15:30:00,63.900000000000006,28.7,92.60000000000001,1.0,62.900000000000006,92.60000000000001,1.4721780604133545
2026-07-25 16:00:00,63.2,28.2,91.4,4.0,59.2,91.4,1.5439189189189189
2026-07-25 16:30:00,64.0,28.4,92.4,0.0,64.0,92.4,1.44375
2026-07-25 17:00:00,63.9,28.3,92.2,5.0,58.9,92.2,1.5653650254668932
2026-07-25 17:30:00,64.3,29.0,93.3,1.0,63.3,93.3,1.4739336492890995
2026-07-25 18:00:00,63.800000000000004,28.2,92.0,1.0,62.800000000000004,92.0,1.464968152866242
2026-07-25 18:30:00,63.5,28.8,92.3,4.0,59.5,92.3,1.5512605042016807
2026-07-25 19:00:00,62.900000000000006,28.0,90.9,0.0,62.900000000000006,90.9,1.4451510333863276
2026-07-25 19:30:00,62.400000000000006,28.3,90.7,4.0,58.400000000000006,90.7,1.5530821917808217
2026-07-25 20:00:00,62.099999999999994,27.7,89.8,0.0,62.099999999999994,89.8,1.4460547504025765
2026-07-25 20:30:00,62.400000000000006,28.0,90.4,1.0,61.400000000000006,90.4,1.4723127035830619
2026-07-25 21:00:00,62.3,27.9,90.19999999999999,1.0,61.3,90.19999999999999,1.4714518760195758
2026-07-25 21:30:00,62.10000000000001,28.1,90.20000000000002,3.0,59.10000000000001,90.20000000000002,1.5262267343485618
2026-07-25 22:00:00,62.0,27.8,89.8,3.0,59.0,89.8,1.5220338983050847
2026-07-25 22:30:00,61.8,28.0,89.8,1.0,60.8,89.8,1.4769736842105263
2026-07-25 23:00:00,61.0,27.4,88.4,0.0,61.0,88.4,1.4491803278688526
2026-07-25 23:30:00,61.0,27.6,88.6,2.0,59.0,88.6,1.5016949152542372
2026-07-26 00:00:00,61.0,27.3,88.3,3.0,58.0,88.3,1.5224137931034483
2026-07-26 00:30:00,61.0,27.9,88.9,3.0,58.0,88.9,1.5327586206896553
2026-07-26 01:00:00,60.5,27.3,87.8,2.0,58.5,87.8,1.5008547008547009
2026-07-26 01:30:00,60.6,27.4,88.0,1.0,59.6,88.0,1.4765100671140938
2026-07-26 02:00:00,60.3,27.0,87.3,0.0,60.3,87.3,1.4477611940298507
2026-07-26 02:30:00,60.9,27.5,88.4,2.0,58.9,88.4,1.5008488964346351
2026-07-26 03:00:00,60.3,27.3,87.6,4.0,56.3,87.6,1.5559502664298401
2026-07-26 03:30:00,60.599999999999994,27.4,88.0,3.0,57.599999999999994,88.0,1.527777777777778
2026-07-26 04:00:00,60.599999999999994,27.3,87.89999999999999,1.0,59.599999999999994,87.89999999999999,1.4748322147651007
2026-07-26 04:30:00,60.099999999999994,27.3,87.39999999999999,1.0,59.099999999999994,87.39999999999999,1.478849407783418
2026-07-26 05:00:00,59.599999999999994,27.1,86.69999999999999,1.0,58.599999999999994,86.69999999999999,1.4795221843003412
2026-07-26 05:30:00,59.89999999999999,27.2,87.1,2.0,57.89999999999999,87.1,1.5043177892918826
2026-07-26 06:00:00,59.8,26.9,86.69999999999999,3.0,56.8,86.69999999999999,1.5264084507042253
2026-07-26 06:30:00,60.5,27.3,87.8,2.0,58.5,87.8,1.5008547008547009
2026-07-26 07:00:00,60.099999999999994,27.4,87.5,1.0,59.099999999999994,87.5,1.4805414551607445
2026-07-26 07:30:00,59.8,26.8,86.6,0.0,59.8,86.6,1.4481605351170568
2026-07-26 08:00:00,60.0,27.0,87.0,2.0,58.0,87.0,1.5
2026-07-26 08:30:00,60.3,27.2,87.5,1.0,59.3,87.5,1.4755480607082632
2026-07-26 09:00:00,60.0,27.2,87.2,3.0,57.0,87.2,1.5298245614035089
2026-07-26 09:30:00,60.5,27.3,87.8,2.0,58.5,87.8,1.5008547008547009
2026-07-26 10:00:00,60.2,27.2,87.4,1.0,59.2,87.4,1.4763513513513513
2026-07-26 10:30:00,60.099999999999994,27.0,87.1,0.0,60.099999999999994,87.1,1.4492512479201332
2026-07-26 11:00:00,59.8,27.0,86.8,2.0,57.8,86.8,1.5017301038062283
2026-07-26 11:30:00,60.199999999999996,27.2,87.39999999999999,3.0,57.199999999999996,87.39999999999999,1.527972027972028
2026-07-26 12:00:00,60.3,27.2,87.5,1.0,59.3,87.5,1.4755480607082632
2026-07-26 12:30:00,60.099999999999994,27.2,87.3,3.0,57.099999999999994,87.3,1.5288966725043784
2026-07-26 13:00:00,60.3,27.2,87.5,2.0,58.3,87.5,1.5008576329331047
2026-07-26 13:30:00,60.400000000000006,27.3,87.7,0.0,60.400000000000006,87.7,1.4519867549668872
2026-07-26 14:00:00,60.5,27.3,87.8,3.0,57.5,87.8,1.5269565217391303
2026-07-26 14:30:00,60.60000000000001,27.5,88.10000000000001,3.0,57.60000000000001,88.10000000000001,1.5295138888888888
2026-07-26 15:00:00,60.0,27.0,87.0,1.0,59.0,87.0,1.4745762711864407
2026-07-26 15:30:00,60.3,27.3,87.6,4.0,56.3,87.6,1.5559502664298401
2026-07-26 16:00:00,60.0,27.2,87.2,0.0,60.0,87.2,1.4533333333333334
2026-07-26 16:30:00,60.199999999999996,27.4,87.6,0.0,60.199999999999996,87.6,1.4551495016611296
2026-07-26 17:00:00,59.9,27.0,86.9,2.0,57.9,86.9,1.5008635578583767
2026-07-26 17:30:00,60.3,27.3,87.6,4.0,56.3,87.6,1.5559502664298401
2026-07-26 18:00:00,60.3,26.9,87.19999999999999,2.0,58.3,87.19999999999999,1.4957118353344767
2026-07-26 18:30:00,60.7,27.5,88.2,1.0,59.7,88.2,1.4773869346733668
2026-07-26 19:00:00,60.400000000000006,27.2,87.60000000000001,0.0,60.400000000000006,87.60000000000001,1.4503311258278146
2026-07-26 19:30:00,60.3,27.3,87.6,0.0,60.3,87.6,1.4527363184079602
2026-07-26 20:00:00,59.900000000000006,26.8,86.7,2.0,57.900000000000006,86.7,1.4974093264248705
2026-07-26 20:30:00,60.1,27.5,87.6,4.0,56.1,87.6,1.5614973262032084
2026-07-26 21:00:00,59.9,27.2,87.1,2.0,57.9,87.1,1.5043177892918824
2026-07-26 21:30:00,60.099999999999994,27.0,87.1,2.0,58.099999999999994,87.1,1.4991394148020654
2026-07-26 22:00:00,59.8,27.0,86.8,0.0,59.8,86.8,1.451505016722408
2026-07-26 22:30:00,59.9,27.2,87.1,0.0,59.9,87.1,1.4540901502504173
2026-07-26 23:00:00,59.5,26.8,86.3,3.0,56.5,86.3,1.527433628318584
2026-07-26 23:30:00,59.5,26.9,86.4,4.0,55.5,86.4,1.5567567567567568
2026-07-27 00:00:00,59.49999999999999,26.9,86.39999999999999,3.0,56.49999999999999,86.39999999999999,1.5292035398230088
2026-07-27 00:30:00,59.699999999999996,27.0,86.69999999999999,1.0,58.699999999999996,86.69999999999999,1.4770017035775127
2026-07-27 01:00:00,59.4,26.6,86.0,1.0,58.4,86.0,1.4726027397260275
2026-07-27 01:30:00,59.4,26.9,86.3,0.0,59.4,86.3,1.4528619528619529
2026-07-27 02:00:00,59.300000000000004,26.3,85.60000000000001,2.0,57.300000000000004,85.60000000000001,1.493891797556719
2026-07-27 02:30:00,59.800000000000004,27.1,86.9,4.0,55.800000000000004,86.9,1.557347670250896
2026-07-27 03:00:00,59.4,26.8,86.2,3.0,56.4,86.2,1.5283687943262412
2026-07-27 03:30:00,59.4,26.9,86.3,1.0,58.4,86.3,1.4777397260273972
2026-07-27 04:00:00,59.2,26.6,85.80000000000001,0.0,59.2,85.80000000000001,1.4493243243243243
2026-07-27 04:30:00,59.300000000000004,26.8,86.10000000000001,0.0,59.300000000000004,86.10000000000001,1.451939291736931
2026-07-27 05:00:00,59.4,26.7,86.1,2.0,57.4,86.1,1.5
2026-07-27 05:30:00,59.7,26.9,86.6,4.0,55.7,86.6,1.5547576301615798
2026-07-27 06:00:00,59.6,26.8,86.4,1.0,58.6,86.4,1.4744027303754266
2026-07-27 06:30:00,59.50000000000001,26.8,86.30000000000001,2.0,57.50000000000001,86.30000000000001,1.5008695652173913
2026-07-27 07:00:00,59.400000000000006,27.0,86.4,0.0,59.400000000000006,86.4,1.4545454545454546
2026-07-27 07:30:00,59.6,26.8,86.4,0.0,59.6,86.4,1.4496644295302015
2026-07-27 08:00:00,59.4,27.0,86.4,3.0,56.4,86.4,1.5319148936170215
2026-07-27 08:30:00,59.1,26.7,85.8,4.0,55.1,85.8,1.557168784029038
2026-07-27 09:00:00,59.0,26.8,85.8,1.0,58.0,85.8,1.4793103448275862
2026-07-27 09:30:00,59.4,26.9,86.3,2.0,57.4,86.3,1.5034843205574913
2026-07-27 10:00:00,59.0,26.7,85.7,0.0,59.0,85.7,1.452542372881356
2026-07-27 10:30:00,59.4,26.8,86.2,0.0,59.4,86.2,1.4511784511784513
2026-07-27 11:00:00,59.7,27.0,86.7,3.0,56.7,86.7,1.529100529100529
2026-07-27 11:30:00,59.8,27.1,86.9,4.0,55.8,86.9,1.5573476702508962
2026-07-27 12:00:00,60.1,27.3,87.4,1.0,59.1,87.4,1.478849407783418
2026-07-27 12:30:00,60.5,27.2,87.7,2.0,58.5,87.7,1.4991452991452991
2026-07-27 13:00:00,61.5,27.3,88.8,0.0,61.5,88.8,1.4439024390243902
2026-07-27 13:30:00,67.0,29.1,96.1,4.0,63.0,96.1,1.5253968253968253
2026-07-27 14:00:00,73.8,38.3,112.1,5.0,68.8,112.1,1.629360465116279
2026-07-27 14:30:00,76.8,36.8,113.6,2.0,74.8,113.6,1.518716577540107
2026-07-27 15:00:00,78.4,41.9,120.30000000000001,5.0,73.4,120.30000000000001,1.6389645776566757
2026-07-27 15:30:00,82.7,35.9,118.6,4.0,78.7,118.6,1.5069885641677254
2026-07-27 16:00:00,82.5,45.8,128.3,1.0,81.5,128.3,1.574233128834356
2026-07-27 16:30:00,81.89999999999999,37.0,118.89999999999999,5.0,76.89999999999999,118.89999999999999,1.5461638491547465
2026-07-27 17:00:00,81.6,43.6,125.19999999999999,3.0,78.6,125.19999999999999,1.5928753180661577
2026-07-27 17:30:00,82.6,39.5,122.1,3.0,79.6,122.1,1.5339195979899498
2026-07-27 18:00:00,81.19999999999999,38.3,119.49999999999999,6.0,75.19999999999999,119.49999999999999,1.5890957446808511
2026-07-27 18:30:00,82.6,43.8,126.39999999999999,1.0,81.6,126.39999999999999,1.5490196078431373
2026-07-27 19:00:00,81.9,35.4,117.30000000000001,6.0,75.9,117.30000000000001,1.5454545454545454
2026-07-27 19:30:00,82.4,50.8,133.2,3.0,79.4,133.2,1.6775818639798485
2026-07-27 20:00:00,82.7,34.3,117.0,3.0,79.7,117.0,1.468005018820577
2026-07-27 20:30:00,82.19999999999999,46.3,128.5,6.0,76.19999999999999,128.5,1.6863517060367457
2026-07-27 21:00:00,82.8,37.6,120.4,0.0,82.8,120.4,1.4541062801932367
2026-07-27 21:30:00,82.2,44.2,126.4,7.0,75.2,126.4,1.6808510638297873
2026-07-27 22:00:00,83.7,39.4,123.1,2.0,81.7,123.1,1.5067319461444306
2026-07-27 22:30:00,83.0,39.2,122.2,5.0,78.0,122.2,1.5666666666666667
2026-07-27 23:00:00,83.9,43.2,127.10000000000001,4.0,79.9,127.10000000000001,1.590738423028786
2026-07-27 23:30:00,82.9,36.7,119.60000000000001,1.0,81.9,119.60000000000001,1.4603174603174602
2026-07-28 00:00:00,82.9,44.8,127.7,7.0,75.9,127.7,1.6824769433465085
2026-07-28 00:30:00,83.9,36.5,120.4,2.0,81.9,120.4,1.47008547008547
2026-07-28 01:00:00,83.30000000000001,45.8,129.10000000000002,6.0,77.30000000000001,129.10000000000002,1.6701164294954722
2026-07-28 01:30:00,84.7,38.7,123.4,4.0,80.7,123.4,1.5291201982651796
2026-07-28 02:00:00,83.0,40.3,123.3,2.0,81.0,123.3,1.5222222222222221
2026-07-28 02:30:00,84.5,42.9,127.4,6.0,78.5,127.4,1.6229299363057326
2026-07-28 03:00:00,83.4,36.9,120.30000000000001,2.0,81.4,120.30000000000001,1.4778869778869779
2026-07-28 03:30:00,83.9,45.3,129.2,5.0,78.9,129.2,1.6375158428390364
2026-07-28 04:00:00,84.0,35.3,119.3,4.0,80.0,119.3,1.49125
2026-07-28 04:30:00,84.0,47.0,131.0,3.0,81.0,131.0,1.617283950617284
2026-07-28 05:00:00,84.5,38.5,123.0,6.0,78.5,123.0,1.5668789808917198
2026-07-28 05:30:00,83.69999999999999,42.2,125.89999999999999,1.0,82.69999999999999,125.89999999999999,1.5223700120918986
2026-07-28 06:00:00,85.0,41.0,126.0,7.0,78.0,126.0,1.6153846153846154
2026-07-28 06:30:00,84.60000000000001,38.3,122.9,2.0,82.60000000000001,122.9,1.4878934624697335
2026-07-28 07:00:00,85.3,44.6,129.9,4.0,81.3,129.9,1.5977859778597787
2026-07-28 07:30:00,84.2,36.5,120.7,5.0,79.2,120.7,1.523989898989899
2026-07-28 08:00:00,84.2,46.1,130.3,2.0,82.2,130.3,1.5851581508515815
2026-07-28 08:30:00,84.60000000000001,36.7,121.30000000000001,6.0,78.60000000000001,121.30000000000001,1.5432569974554706
2026-07-28 09:00:00,84.0,45.7,129.7,2.0,82.0,129.7,1.5817073170731706
2026-07-28 09:30:00,87.5,38.7,126.2,7.0,80.5,126.2,1.5677018633540374
2026-07-28 10:00:00,92.2,45.8,138.0,3.0,89.2,138.0,1.547085201793722
2026-07-28 10:30:00,94.3,41.3,135.6,7.0,87.3,135.6,1.5532646048109966
2026-07-28 11:00:00,93.39999999999999,46.2,139.6,5.0,88.39999999999999,139.6,1.5791855203619911
2026-07-28 11:30:00,95.3,46.1,141.4,4.0,91.3,141.4,1.5487404162102958
2026-07-28 12:00:00,93.2,45.5,138.7,6.0,87.2,138.7,1.5905963302752293
2026-07-28 12:30:00,93.19999999999999,45.1,138.29999999999998,4.0,89.19999999999999,138.29999999999998,1.5504484304932735
2026-07-28 13:00:00,93.0,45.1,138.1,6.0,87.0,138.1,1.5873563218390805
2026-07-28 13:30:00,93.6,45.6,139.2,3.0,90.6,139.2,1.5364238410596027
2026-07-28 14:00:00,95.4,21.0,116.4,11.0,84.4,116.4,1.3791469194312795
2026-07-28 14:30:00,97.19999999999999,52.4,149.6,7.0,90.19999999999999,149.6,1.6585365853658538
2026-07-28 15:00:00,93.89999999999999,52.9,146.79999999999998,3.0,90.89999999999999,146.79999999999998,1.6149614961496148
