JobID,submit_time,waitingtime_sec,start_time,end_time,runtime_sec,NodeList,node_id,MAXCPU,AllocCPUS,energy_j_job,energy_kwh_job,CI,carbon_g,carbon_kg,ipmi_energy_j,ipmi_energy_kwh,ipmi_carbon_g,ipmi_carbon_kg,ipmi_vs_slurm_energy_ratio
5286168,2026-04-09 09:56:00,7442.0,2026-04-09 12:00:02,2026-04-09 18:44:33,24271.0,cn117,117,96,8,1185833.3333333333,0.3293981481481481,63,249.025,0.249025,5573344.9415384615,1.5481513726495726,97.53353647692308,0.09753353647692307,4.699939515000811
5286169,2026-04-09 09:56:01,7447.0,2026-04-09 12:00:08,2026-04-09 16:03:55,14627.0,cn314,314,256,8,558437.5,0.15512152777777777,63,312.72499999999997,0.312725,3934614.9674603175,1.0929486020723105,68.85576193055556,0.06885576193055556,7.045757076593741
5286170,2026-04-09 09:56:02,7464.0,2026-04-09 12:00:26,2026-04-09 15:47:50,13644.0,cn305,305,256,8,524062.5,0.14557291666666666,63,293.47499999999997,0.293475,2774607.210750361,0.7707242252084336,48.55562618813132,0.04855562618813132,5.294420437925555
5286171,2026-04-09 09:56:03,7469.0,2026-04-09 12:00:32,2026-04-09 20:20:04,29972.0,cn009,009,96,8,1471666.6666666665,0.40879629629629627,63,309.05,0.30905,8599821.0,2.3888391666666666,150.4968675,0.15049686750000002,5.843592978482447
5286172,2026-04-09 09:56:04,7470.0,2026-04-09 12:00:34,2026-04-09 12:04:03,209.0,cn306,306,256,8,7800.3125,0.0021667534722222223,63,4.368175,0.004368175,110694.66666666667,0.03074851851851852,1.9371566666666666,0.0019371566666666667,14.191055379725706
5286174,2026-04-09 09:59:23,7280.0,2026-04-09 12:00:43,2026-04-09 18:48:12,24449.0,cn033,033,96,8,1174166.6666666665,0.32615740740740734,63,246.575,0.246575,5229648.225490196,1.4526800626361656,91.51884394607843,0.09151884394607844,4.453923258047009
5286175,2026-04-09 09:59:24,7282.0,2026-04-09 12:00:46,2026-04-09 16:24:07,15801.0,cn303,303,256,8,577500.0,0.16041666666666668,63,323.40000000000003,0.3234,1935172.6445138196,0.5375479568093944,33.86552127899185,0.033865521278991846,3.3509483021884323
5286176,2026-04-09 09:59:26,7285.0,2026-04-09 12:00:51,2026-04-09 16:50:18,17367.0,cn312,312,256,8,615312.5,0.17092013888888888,63,344.575,0.34457499999999996,2661367.1047924296,0.7392686402201193,46.57392433386752,0.04657392433386752,4.32522840799176
5286177,2026-04-09 09:59:27,7291.0,2026-04-09 12:00:58,2026-04-09 16:28:20,16042.0,cn304,304,256,8,622500.0,0.17291666666666666,63,348.59999999999997,0.34859999999999997,2959452.4552475302,0.8220701264576473,51.79041796683178,0.05179041796683178,4.754140490357479
5286178,2026-04-09 09:59:28,7293.0,2026-04-09 12:01:01,2026-04-09 19:28:54,26873.0,cn090,090,96,8,1339999.9999999998,0.3722222222222222,63,281.4,0.2814,6553908.41025641,1.820530113960114,114.69339717948718,0.11469339717948718,4.890976425564486
5286179,2026-04-09 09:59:29,7300.0,2026-04-09 12:01:09,2026-04-09 15:37:52,13003.0,cn306,306,256,8,493750.0,0.1371527777777778,63,276.5,0.2765,1754421.6603757353,0.4873393501043709,30.702379056575367,0.030702379056575368,3.553259058988831
5286180,2026-04-09 09:59:36,7305.0,2026-04-09 12:01:21,2026-04-09 16:20:53,15572.0,cn311,311,256,8,589375.0,0.16371527777777778,63,330.05,0.33005,5622215.7,1.5617265833333334,98.38877475,0.09838877474999999,9.53928432661718
5286181,2026-04-09 09:59:37,7305.0,2026-04-09 12:01:22,2026-04-09 19:01:10,25188.0,cn018,018,96,8,1209166.6666666665,0.3358796296296296,63,253.925,0.253925,3940183.8404804138,1.0944955112445593,68.95321720840724,0.06895321720840723,3.2585944924717416
5286182,2026-04-09 09:59:39,7331.0,2026-04-09 12:01:50,2026-04-09 14:57:17,10527.0,cn303,303,256,8,374687.5,0.10407986111111112,63,209.82500000000002,0.209825,1201219.9047369298,0.3336721957602583,21.021348332896274,0.021021348332896275,3.205924683201147
5286183,2026-04-09 09:59:40,7334.0,2026-04-09 12:01:54,2026-04-09 14:33:21,9087.0,cn321,321,256,8,350625.0,0.09739583333333333,63,196.35,0.19635,1770431.5713980463,0.49178654761056845,30.98255249946581,0.030982552499465812,5.049359205413323
5286184,2026-04-09 09:59:41,7346.0,2026-04-09 12:02:07,2026-04-09 12:05:37,210.0,cn303,303,256,8,8180.312499999999,0.0022723090277777776,63,4.580975,0.004580974999999999,62042.45,0.01723401388888889,1.085742875,0.001085742875,7.584361844367193
5286185,2026-04-09 09:59:42,7349.0,2026-04-09 12:02:11,2026-04-09 14:30:40,8909.0,cn319,319,256,8,343750.0,0.0954861111111111,63,192.5,0.1925,1680821.9628843379,0.46689498969009385,29.414384350475913,0.029414384350475914,4.889663892027165
5286186,2026-04-09 09:59:43,7356.0,2026-04-09 12:02:19,2026-04-09 14:31:50,8971.0,cn309,309,256,8,323125.0,0.08975694444444444,63,180.95,0.18095,1600404.6063131313,0.4445568350869809,28.007080610479797,0.028007080610479795,4.952896267119942
5286187,2026-04-09 09:59:45,7358.0,2026-04-09 12:02:23,2026-04-09 15:10:47,11304.0,cn303,303,256,8,405000.0,0.1125,63,226.8,0.2268,1275546.1267649017,0.354318368545806,22.32205721838578,0.02232205721838578,3.1494966092960537
5286188,2026-04-09 09:59:46,7360.0,2026-04-09 12:02:26,2026-04-09 14:48:51,9985.0,cn315,315,256,8,385312.5,0.10703125,63,215.77499999999998,0.21577499999999997,2864554.120912421,0.795709478031228,50.12969711596737,0.05012969711596737,7.434365926131182
5286189,2026-04-09 09:59:47,7371.0,2026-04-09 12:02:38,2026-04-09 14:55:14,10356.0,cn306,306,256,8,392812.5,0.10911458333333333,63,219.975,0.219975,1468453.207079032,0.40790366863306443,25.69793112388306,0.02569793112388306,3.738305698212333
5286190,2026-04-09 09:59:49,7372.0,2026-04-09 12:02:41,2026-04-09 17:57:17,21276.0,cn501,501,96,8,815833.3333333333,0.22662037037037036,63,171.32500000000002,0.171325,4930454.666666667,1.369570740740741,86.28295666666668,0.08628295666666667,6.043458222676201
5286191,2026-04-09 09:59:50,7376.0,2026-04-09 12:02:46,2026-04-09 16:08:20,14734.0,cn073,073,96,8,737500.0,0.2048611111111111,63,154.875,0.154875,3469541.712745098,0.9637615868736383,60.716979973039216,0.060716979973039216,4.704463339315387
5286192,2026-04-09 09:59:51,7388.0,2026-04-09 12:02:59,2026-04-09 18:05:58,21779.0,cn023,023,96,8,1046666.6666666666,0.29074074074074074,63,219.8,0.21980000000000002,3967692.398373984,1.1021367773261066,69.43461697154471,0.06943461697154471,3.7907889156439336
5286193,2026-04-09 09:59:53,7394.0,2026-04-09 12:03:07,2026-04-09 17:10:38,18451.0,cn080,080,96,8,896666.6666666666,0.24907407407407406,63,188.3,0.18830000000000002,6732053.277777778,1.870014799382716,117.81093236111111,0.11781093236111112,7.50786610904585
5286194,2026-04-09 09:59:54,7394.0,2026-04-09 12:03:08,2026-04-09 15:04:31,10883.0,cn320,320,256,8,388750.0,0.10798611111111112,63,217.70000000000002,0.2177,1272194.057337597,0.3533872381493325,22.263396003407948,0.02226339600340795,3.2725249063346546
5286195,2026-04-09 09:59:55,7394.0,2026-04-09 12:03:09,2026-04-09 15:21:37,11908.0,cn320,320,256,8,428125.0,0.1189236111111111,63,239.75,0.23975,1368978.8155793552,0.3802718932164876,23.957129272638717,0.023957129272638718,3.197614751718202
5286196,2026-04-09 09:59:59,7394.0,2026-04-09 12:03:13,2026-04-09 17:15:01,18708.0,cn090,090,96,8,933333.3333333333,0.25925925925925924,63,196.0,0.196,4308524.41025641,1.1968123361823362,75.39917717948718,0.07539917717948719,4.616276153846154
5286197,2026-04-09 09:59:59,7396.0,2026-04-09 12:03:15,2026-04-09 20:39:52,30997.0,cn548,548,96,8,1216666.6666666665,0.3379629629629629,63,255.5,0.2555,4511359.083333333,1.2531553009259258,78.94878395833332,0.07894878395833332,3.707966369863014
5286198,2026-04-09 10:00:00,7415.0,2026-04-09 12:03:35,2026-04-09 19:58:19,28484.0,cn510,510,96,8,1109166.6666666665,0.3081018518518518,63,232.925,0.23292500000000002,3700828.3725490198,1.0280078812636166,64.76449651960785,0.06476449651960785,3.3365845582710927
5286213,2026-04-09 10:04:24,7161.0,2026-04-09 12:03:45,2026-04-10 04:13:20,58175.0,cn008,008,96,8,2797500.0,0.7770833333333333,63,587.4749999999999,0.5874749999999999,13551309.004273504,3.7642525011870847,237.14790757478633,0.23714790757478632,4.844078285709921
5286214,2026-04-09 10:04:24,7165.0,2026-04-09 12:03:49,2026-04-10 05:38:21,63272.0,cn054,054,96,8,3121666.6666666665,0.8671296296296296,63,655.55,0.65555,22575434.991182413,6.270954164217337,395.0701123456922,0.3950701123456922,7.231853173897196
5286215,2026-04-09 10:04:37,7159.0,2026-04-09 12:03:56,2026-04-10 04:09:26,57930.0,cn020,020,96,8,2830833.333333333,0.7863425925925925,63,594.475,0.594475,0.0,0.0,0.0,0.0,0.0
5286216,2026-04-09 10:04:38,7165.0,2026-04-09 12:04:03,2026-04-09 12:07:27,204.0,cn306,306,256,8,7640.3125,0.0021223090277777776,63,4.278575,0.004278575,69230.08333333333,0.0192305787037037,1.2115264583333332,0.0012115264583333332,9.061158602260488
5286217,2026-04-09 10:04:39,7181.0,2026-04-09 12:04:20,2026-04-09 21:36:46,34346.0,cn309,309,256,8,1268750.0,0.3524305555555556,63,710.5,0.7105,16954802.303968254,4.709667306657848,296.70904031944445,0.29670904031944445,13.363390978497147
5286218,2026-04-09 10:04:41,7192.0,2026-04-09 12:04:33,2026-04-09 21:31:08,33995.0,cn319,319,256,8,1281875.0,0.3560763888888889,63,717.85,0.71785,17726255.16102231,4.923959766950642,310.2094653178904,0.3102094653178904,13.828380427906238
5286219,2026-04-09 10:04:57,7181.0,2026-04-09 12:04:38,2026-04-10 07:13:09,68911.0,cn014,014,96,8,3236666.6666666665,0.899074074074074,63,679.7,0.6797000000000001,28948252.16013072,8.041181155591866,506.5944128022876,0.5065944128022876,8.943847217342139
5286220,2026-04-09 10:05:01,7211.0,2026-04-09 12:05:12,2026-04-10 03:30:42,55530.0,cn117,117,96,8,2711666.6666666665,0.7532407407407407,63,569.45,0.56945,19738848.00297637,5.483013334160103,345.4298400520865,0.3454298400520865,7.279230978356375
5286221,2026-04-09 10:05:02,7219.0,2026-04-09 12:05:21,2026-04-10 09:00:16,75295.0,cn540,540,96,8,2971666.6666666665,0.825462962962963,63,624.05,0.62405,22655441.238300655,6.293178121750182,396.4702216702614,0.3964702216702614,7.623816457083787
5286222,2026-04-09 10:05:04,7217.0,2026-04-09 12:05:21,2026-04-09 20:50:40,31519.0,cn321,321,256,8,1209687.5,0.33602430555555557,63,677.4250000000001,0.677425,11793944.386449661,3.2760956629026836,206.39402676286906,0.20639402676286905,9.749579446303
5286223,2026-04-09 10:05:06,7222.0,2026-04-09 12:05:28,2026-04-10 03:41:09,56141.0,cn002,002,96,8,2670833.333333333,0.741898148148148,63,560.8749999999999,0.5608749999999999,18021620.525947712,5.006005701652143,315.378359204085,0.31537835920408497,6.747564627499925
5286224,2026-04-09 10:05:09,7228.0,2026-04-09 12:05:37,2026-04-09 21:24:00,33503.0,cn303,303,256,8,1251562.5,0.34765625,63,700.875,0.700875,17511855.468323343,4.864404296756484,306.45747069565846,0.3064574706956585,13.991994381681572
5286226,2026-04-09 10:05:10,7234.0,2026-04-09 12:05:44,2026-04-09 21:54:09,35305.0,cn312,312,256,8,1278125.0,0.3550347222222222,63,715.75,0.71575,7224045.357284382,2.0066792659123283,126.42079375247668,0.1264207937524767,5.652064827215164
5286225,2026-04-09 10:05:09,7235.0,2026-04-09 12:05:44,2026-04-10 09:38:19,77555.0,cn534,534,96,8,3019166.6666666665,0.8386574074074074,63,634.025,0.634025,19510610.256198425,5.419613960055118,341.4356794834724,0.3414356794834724,6.46225015386092
5286227,2026-04-09 10:05:12,7234.0,2026-04-09 12:05:46,2026-04-10 04:30:40,59094.0,cn040,040,96,8,2921666.6666666665,0.811574074074074,63,613.55,0.6135499999999999,0.0,0.0,0.0,0.0,0.0
5286228,2026-04-09 10:05:15,7232.0,2026-04-09 12:05:47,2026-04-10 03:18:15,54748.0,cn063,063,96,8,2576666.6666666665,0.7157407407407407,63,541.1,0.5411,18415503.916239318,5.115417754510921,322.271318534188,0.322271318534188,7.147026099446049
5286229,2026-04-09 10:05:17,7239.0,2026-04-09 12:05:56,2026-04-10 03:42:47,56211.0,cn093,093,96,8,2789999.9999999995,0.7749999999999999,63,585.9,0.5859,22272018.5,6.186671805555555,389.76032375,0.38976032374999997,7.982802329749105
5286230,2026-04-09 10:05:18,7255.0,2026-04-09 12:06:13,2026-04-09 21:57:37,35484.0,cn305,305,256,8,1357187.5,0.37699652777777776,63,760.025,0.760025,18746551.431854255,5.207375397737294,328.0646500574495,0.3280646500574495,13.812794055246055
5286231,2026-04-09 10:05:20,7256.0,2026-04-09 12:06:16,2026-04-10 04:17:13,58257.0,cn008,008,96,8,2801666.6666666665,0.7782407407407407,63,588.35,0.58835,13566174.993162394,3.7683819425451093,237.40806238034187,0.23740806238034187,4.84218024741073
5286232,2026-04-09 10:05:21,7259.0,2026-04-09 12:06:20,2026-04-10 03:57:04,57044.0,cn037,037,96,8,2731666.6666666665,0.7587962962962963,63,573.65,0.57365,14291567.683120739,3.969879911977983,250.10243445461293,0.25010243445461294,5.231812452637245
5286233,2026-04-09 10:05:24,7261.0,2026-04-09 12:06:25,2026-04-09 20:48:45,31340.0,cn314,314,256,8,1197812.5,0.33272569444444444,63,670.775,0.670775,14078036.31984127,3.9105656444003527,246.36563559722222,0.24636563559722222,11.753121894988798
5286234,2026-04-09 10:05:27,7264.0,2026-04-09 12:06:31,2026-04-10 08:26:05,73174.0,cn536,536,96,8,2863333.333333333,0.7953703703703703,63,601.3,0.6013,18188119.216666665,5.052255337962962,318.29208629166664,0.3182920862916666,6.352078888242142
5286235,2026-04-09 10:05:29,7267.0,2026-04-09 12:06:36,2026-04-09 21:49:56,35000.0,cn312,312,256,8,1266562.5,0.35182291666666665,63,709.275,0.709275,7056074.690617716,1.96002074739381,123.48130708581003,0.12348130708581002,5.571043427085293
5286236,2026-04-09 10:05:31,7267.0,2026-04-09 12:06:38,2026-04-10 04:22:09,58531.0,cn011,011,96,8,2806666.6666666665,0.7796296296296296,63,589.4,0.5893999999999999,13959660.933333334,3.8776835925925925,244.29406633333332,0.2442940663333333,4.973750926365796
5286237,2026-04-09 10:05:32,7267.0,2026-04-09 12:06:39,2026-04-09 22:38:27,37908.0,cn307,307,256,8,1391562.5,0.38654513888888886,63,779.275,0.7792749999999999,21040739.23956599,5.844649788768331,368.21293669240487,0.36821293669240485,15.12022581778827
5286238,2026-04-09 10:05:34,7276.0,2026-04-09 12:06:50,2026-04-09 21:47:14,34824.0,cn320,320,256,8,1287500.0,0.3576388888888889,63,721.0,0.721,13441760.934108049,3.7338224816966803,235.23081634689086,0.23523081634689086,10.440202667268387
5286239,2026-04-09 10:05:35,7283.0,2026-04-09 12:06:58,2026-04-10 05:17:27,61829.0,cn103,103,96,8,2975833.333333333,0.8266203703703703,63,624.925,0.624925,24484998.166666668,6.80138837962963,428.4874679166667,0.4284874679166667,8.227946737608514
5286240,2026-04-09 10:05:37,7283.0,2026-04-09 12:07:00,2026-04-10 03:59:33,57153.0,cn075,075,96,8,2845000.0,0.7902777777777777,63,597.4499999999999,0.5974499999999999,14958474.824962292,4.1551318958228585,261.77330943684007,0.2617733094368401,5.257811889266184
5286241,2026-04-09 10:05:38,7283.0,2026-04-09 12:07:01,2026-04-09 12:10:25,204.0,cn305,305,256,8,7835.0,0.0021763888888888887,63,4.3876,0.0043876,81002.16666666667,0.02250060185185185,1.4175379166666666,0.0014175379166666666,10.338502446288025
5286242,2026-04-09 10:05:42,7281.0,2026-04-09 12:07:03,2026-04-10 02:46:55,52792.0,cn071,071,96,8,2620000.0,0.7277777777777777,63,550.1999999999999,0.5501999999999999,19366464.71111111,5.379573530864197,338.9131324444444,0.3389131324444444,7.39178042408821
5286243,2026-04-09 10:05:42,7292.0,2026-04-09 12:07:14,2026-04-09 23:17:39,40225.0,cn317,317,256,8,1505000.0,0.41805555555555557,63,842.8000000000001,0.8428000000000001,25400171.952777777,7.055603320216049,444.5030091736111,0.4445030091736111,16.877190666297526
5286244,2026-04-09 10:05:42,7305.0,2026-04-09 12:07:27,2026-04-09 22:49:59,38552.0,cn306,306,256,8,1462812.5,0.40633680555555557,63,819.1750000000001,0.8191750000000001,21313061.56513764,5.9202948792049,372.9785773899087,0.3729785773899087,14.569920317974887
5286245,2026-04-09 10:05:44,7304.0,2026-04-09 12:07:28,2026-04-10 03:45:59,56311.0,cn006,006,96,8,2715833.3333333335,0.7543981481481482,63,570.325,0.5703250000000001,17338278.856844306,4.8161885713456405,303.41987999477533,0.3034198799947753,6.384146863520456
5286247,2026-04-09 10:05:45,7305.0,2026-04-09 12:07:30,2026-04-10 06:03:01,64531.0,cn010,010,96,8,3135000.0,0.8708333333333333,63,658.3499999999999,0.6583499999999999,0.0,0.0,0.0,0.0,0.0
5286248,2026-04-09 10:05:46,7305.0,2026-04-09 12:07:31,2026-04-10 08:25:04,73053.0,cn547,547,96,8,2850000.0,0.7916666666666666,63,598.5,0.5985,14700166.020820938,4.083379450228039,257.2529053643664,0.2572529053643664,5.157952989761733
5286249,2026-04-09 10:05:48,7310.0,2026-04-09 12:07:38,2026-04-09 12:11:14,216.0,cn510,510,96,8,8504.166666666666,0.0023622685185185183,63,1.7858749999999999,0.001785875,50363.666666666664,0.013989907407407407,0.8813641666666667,0.0008813641666666667,5.922234198922097
5286250,2026-04-09 10:05:49,7325.0,2026-04-09 12:07:54,2026-04-09 22:00:18,35544.0,cn312,312,256,8,1287500.0,0.3576388888888889,63,721.0,0.721,7596578.607284382,2.1101607242456617,132.94012562747668,0.13294012562747667,5.900255228958743
5286266,2026-04-09 10:11:24,7015.0,2026-04-09 12:08:19,2026-04-09 15:05:46,10647.0,cn318,318,256,8,406562.5,0.11293402777777778,63,227.675,0.22767500000000002,3184135.6507936507,0.8844821252204585,55.72237388888889,0.05572237388888889,7.831847872820663
5286251,2026-04-09 10:05:50,7349.0,2026-04-09 12:08:19,2026-04-10 03:50:51,56552.0,cn003,003,96,8,2857500.0,0.79375,63,600.075,0.600075,19102331.389260508,5.306203163683475,334.29079931205894,0.33429079931205896,6.684980363695716
5286267,2026-04-09 10:11:24,7022.0,2026-04-09 12:08:26,2026-04-09 16:25:49,15443.0,cn319,319,256,8,595312.5,0.16536458333333334,63,333.375,0.333375,2142245.531260406,0.5950682031278905,37.48929679705711,0.037489296797057106,3.5985226771828343
5286268,2026-04-09 10:11:25,7024.0,2026-04-09 12:08:29,2026-04-09 13:36:03,5254.0,cn065,065,96,8,248333.3333333333,0.06898148148148148,63,52.15,0.05215,2869434.5,0.7970651388888889,50.21510375,0.05021510375,11.55476979865772
5286270,2026-04-09 10:11:27,7024.0,2026-04-09 12:08:31,2026-04-09 15:55:02,13591.0,cn093,093,96,8,679166.6666666666,0.18865740740740738,63,142.625,0.142625,3278202.5,0.9106118055555555,57.36854375,0.05736854375,4.826801226993865
5286271,2026-04-09 10:11:28,7026.0,2026-04-09 12:08:34,2026-04-09 16:26:56,15502.0,cn309,309,256,8,574687.5,0.15963541666666667,63,321.825,0.32182499999999997,2341199.603968254,0.6503332233245149,40.97099306944444,0.04097099306944444,4.073865542522247
5286272,2026-04-09 10:11:30,7039.0,2026-04-09 12:08:49,2026-04-09 19:31:30,26561.0,cn023,023,96,8,1275833.3333333333,0.35439814814814813,63,267.925,0.267925,4506316.134515891,1.2517544818099697,78.8605323540281,0.0788605323540281,3.5320570616715017
5286273,2026-04-09 10:11:31,7045.0,2026-04-09 12:08:56,2026-04-09 22:30:26,37290.0,cn525,525,96,8,1446666.6666666665,0.4018518518518518,63,303.8,0.3038,5061462.054165768,1.4059616817127134,88.57558594790095,0.08857558594790095,3.498706489054679
5286274,2026-04-09 10:11:35,7042.0,2026-04-09 12:08:57,2026-04-09 20:16:37,29260.0,cn299,299,96,8,1189166.6666666665,0.33032407407407405,63,249.725,0.249725,5517874.85,1.532743013888889,96.562809875,0.096562809875,4.640119004905396
5286275,2026-04-09 10:11:37,7058.0,2026-04-09 12:09:15,2026-04-09 20:08:45,28770.0,cn002,002,96,8,1375000.0,0.3819444444444444,63,288.75,0.28875,5293719.59,1.4704776638888888,92.640092825,0.09264009282499999,3.8499778836363636
5286276,2026-04-09 10:11:39,7056.0,2026-04-09 12:09:15,2026-04-09 16:47:44,16709.0,cn317,317,256,8,646250.0,0.1795138888888889,63,361.9,0.3619,2823944.052777778,0.7844289035493828,49.419020923611114,0.04941902092361111,4.36973934665807
5286277,2026-04-09 10:11:43,7055.0,2026-04-09 12:09:18,2026-04-09 21:22:04,33166.0,cn076,076,96,8,1632500.0,0.4534722222222222,63,342.825,0.342825,7296448.266363637,2.0267911851010103,127.68784466136366,0.12768784466136365,4.469493578170681
5286278,2026-04-09 10:11:44,7070.0,2026-04-09 12:09:34,2026-04-09 22:44:09,38075.0,cn534,534,96,8,1479166.6666666665,0.4108796296296296,63,310.625,0.310625,4175051.6650406504,1.1597365736224028,73.06340413821138,0.07306340413821139,2.822570139745792
5286279,2026-04-09 10:11:45,7080.0,2026-04-09 12:09:45,2026-04-09 15:46:09,12984.0,cn321,321,256,8,500625.0,0.1390625,63,280.35,0.28035000000000004,1864546.5912115662,0.5179296086698795,32.629565346202405,0.032629565346202406,3.724437635378909
5286280,2026-04-09 10:11:47,7094.0,2026-04-09 12:10:01,2026-04-09 18:52:32,24151.0,cn086,086,96,8,1206666.6666666665,0.33518518518518514,63,253.4,0.2534,4121227.5857142857,1.1447854404761906,72.12148275000001,0.07212148275000001,3.415381977111287
5286281,2026-04-09 10:11:48,7102.0,2026-04-09 12:10:10,2026-04-09 16:09:58,14388.0,cn319,319,256,8,554687.5,0.1540798611111111,63,310.625,0.310625,1971622.6044927295,0.5476729456924249,34.503395578622765,0.03450339557862277,3.5544745545784417
5286282,2026-04-09 10:11:50,7101.0,2026-04-09 12:10:11,2026-04-09 19:12:43,25352.0,cn031,031,96,8,1240833.3333333333,0.3446759259259259,63,260.575,0.260575,6795520.158119658,1.8876444883665717,118.92160276709402,0.11892160276709401,5.476577696268361
5286283,2026-04-09 10:11:51,7101.0,2026-04-09 12:10:12,2026-04-09 19:52:40,27748.0,cn525,525,96,8,1080000.0,0.3,63,226.8,0.2268,2922722.308263305,0.8118673078509181,51.14764039460784,0.05114764039460784,2.7062243595030604
5286284,2026-04-09 10:11:53,7107.0,2026-04-09 12:10:20,2026-04-09 12:13:44,204.0,cn302,302,256,8,7778.75,0.0021607638888888887,63,4.3561,0.0043561,222594.0,0.06183166666666667,3.895395,0.0038953950000000003,28.6156516149767
5286285,2026-04-09 10:11:54,7109.0,2026-04-09 12:10:23,2026-04-09 12:14:02,219.0,cn544,544,96,8,8817.5,0.0024493055555555557,63,1.851675,0.001851675,93667.0,0.02601861111111111,1.6391725,0.0016391725,10.62285228239297
5286286,2026-04-09 10:11:57,7108.0,2026-04-09 12:10:25,2026-04-09 15:51:47,13282.0,cn305,305,256,8,510312.49999999994,0.1417534722222222,63,285.775,0.285775,2272874.7865079367,0.6313541073633158,39.775308763888894,0.03977530876388889,4.4538881303278615
5286287,2026-04-09 10:11:57,7119.0,2026-04-09 12:10:36,2026-04-09 19:09:10,25114.0,cn055,055,96,8,1205833.3333333333,0.3349537037037037,63,253.22500000000002,0.25322500000000003,7580390.5,2.105664027777778,132.65683375,0.13265683375,6.286433033863165
5286288,2026-04-09 10:11:58,7119.0,2026-04-09 12:10:37,2026-04-09 16:47:09,16592.0,cn304,304,256,8,643750.0,0.17881944444444445,63,360.5,0.3605,2419981.133025308,0.6722169813959189,42.34966982794289,0.04234966982794289,3.7591939930490224
5286289,2026-04-09 10:12:00,7120.0,2026-04-09 12:10:40,2026-04-09 20:33:09,30149.0,cn070,070,96,8,1393333.333333333,0.38703703703703696,63,292.59999999999997,0.29259999999999997,9595484.764705881,2.6654124346405226,167.92098338235292,0.16792098338235292,6.886711553616663
5286290,2026-04-09 10:12:01,7154.0,2026-04-09 12:11:15,2026-04-09 21:50:50,34775.0,cn510,510,96,8,1351666.6666666665,0.37546296296296294,63,283.84999999999997,0.28385,4816277.787430869,1.3378549409530194,84.28486128004022,0.08428486128004022,3.563214146064762
5286291,2026-04-09 10:12:03,7156.0,2026-04-09 12:11:19,2026-04-09 20:27:47,29788.0,cn109,109,96,8,1465833.3333333333,0.4071759259259259,63,307.825,0.307825,5486778.985294118,1.5241052736928105,96.01863224264706,0.09601863224264706,3.7431124402233893
5286292,2026-04-09 10:12:04,7157.0,2026-04-09 12:11:21,2026-04-09 20:24:53,29612.0,cn041,041,96,8,1484166.6666666665,0.4122685185185185,63,311.675,0.31167500000000004,6697375.294117647,1.860382026143791,117.20406764705882,0.11720406764705882,4.512549327872644
5286293,2026-04-09 10:12:06,7181.0,2026-04-09 12:11:47,2026-04-09 19:16:18,25471.0,cn086,086,96,8,1272500.0,0.35347222222222224,63,267.22499999999997,0.267225,4391463.381035923,1.2198509391766452,76.85060916812864,0.07685060916812864,3.451051772916246
5286294,2026-04-09 10:12:07,7182.0,2026-04-09 12:11:49,2026-04-09 16:05:12,14003.0,cn308,308,256,8,537812.5,0.14939236111111112,63,301.175,0.301175,3296761.936111111,0.9157672044753087,57.69333388194445,0.05769333388194445,6.129946656336755
5286295,2026-04-09 10:12:08,7206.0,2026-04-09 12:12:14,2026-04-09 16:01:36,13762.0,cn306,306,256,8,523124.99999999994,0.14531249999999998,63,292.95,0.29295,1654735.6906787658,0.4596488029663238,28.9578745868784,0.0289578745868784,3.16317455804782
5286298,2026-04-09 10:13:25,7134.0,2026-04-09 12:12:19,2026-04-09 20:55:58,31419.0,cn513,513,96,8,1234166.6666666665,0.342824074074074,63,259.175,0.259175,5265156.166666667,1.4625433796296297,92.14023291666666,0.09214023291666666,4.266162997974343
5286318,2026-04-09 10:19:26,6776.0,2026-04-09 12:12:22,2026-04-09 21:49:58,34656.0,cn513,513,96,8,1360833.333333333,0.37800925925925916,63,285.775,0.285775,6019111.666666667,1.671975462962963,105.33445416666667,0.10533445416666667,4.423107164727496
5286319,2026-04-09 10:19:26,6794.0,2026-04-09 12:12:40,2026-04-09 15:57:07,13467.0,cn311,311,256,8,510000.0,0.14166666666666666,63,285.59999999999997,0.28559999999999997,4298731.233333333,1.1940920092592593,75.22779658333333,0.07522779658333333,8.42888477124183
5286320,2026-04-09 10:19:27,6808.0,2026-04-09 12:12:55,2026-04-09 19:44:27,27092.0,cn063,063,96,8,1300000.0,0.3611111111111111,63,273.0,0.273,5878017.594017094,1.6327826650047483,102.86530789529914,0.10286530789529914,4.521551995397765
5286321,2026-04-09 10:19:27,6812.0,2026-04-09 12:12:59,2026-04-09 19:41:31,26912.0,cn109,109,96,8,1327500.0,0.36875,63,278.775,0.278775,4672898.985294118,1.2980274959150326,81.77573224264705,0.08177573224264706,3.5200745651933087
5286322,2026-04-09 10:19:29,6820.0,2026-04-09 12:13:09,2026-04-09 16:11:31,14302.0,cn309,309,256,8,528750.0,0.146875,63,296.1,0.29610000000000003,2048820.961111111,0.5691169336419754,35.85436681944445,0.03585436681944445,3.874838697136853
5286323,2026-04-09 10:19:31,6830.0,2026-04-09 12:13:21,2026-04-09 16:34:59,15698.0,cn303,303,256,8,572812.5,0.15911458333333334,63,320.77500000000003,0.32077500000000003,1815795.7516566766,0.5043877087935212,31.776425653991836,0.03177642565399184,3.169965305674504
5286324,2026-04-09 10:19:32,6846.0,2026-04-09 12:13:38,2026-04-09 20:14:30,28852.0,cn034,034,96,8,1386666.6666666665,0.38518518518518513,63,291.2,0.2912,6790461.046296297,1.886239179526749,118.83306831018518,0.11883306831018518,4.896967100694445
5286325,2026-04-09 10:19:34,6846.0,2026-04-09 12:13:40,2026-04-09 16:33:05,15565.0,cn303,303,256,8,567812.5,0.15772569444444445,63,317.975,0.317975,1786394.7183233434,0.4962207550898176,31.261907570658508,0.031261907570658505,3.1460996690339567
5286326,2026-04-09 10:19:35,6849.0,2026-04-09 12:13:44,2026-04-09 16:43:06,16162.0,cn302,302,256,8,620312.5,0.1723090277777778,63,347.375,0.347375,3037032.273809524,0.8436200760582011,53.14806479166667,0.05314806479166667,4.895971423773539
5286327,2026-04-09 10:19:36,6851.0,2026-04-09 12:13:47,2026-04-09 18:37:17,23010.0,cn018,018,96,8,1104166.6666666665,0.3067129629629629,63,231.875,0.231875,3279438.3028455283,0.9109550841237579,57.39017029979675,0.05739017029979675,2.9700573308789693
5286328,2026-04-09 10:19:38,6851.0,2026-04-09 12:13:49,2026-04-09 18:50:20,23791.0,cn119,119,96,8,1166666.6666666665,0.324074074074074,63,245.0,0.245,11782805.333333334,3.2730014814814816,206.19909333333334,0.20619909333333333,10.09954742857143
5286315,2026-04-09 10:16:36,7036.0,2026-04-09 12:13:52,2026-04-09 13:27:28,4416.0,cn294,294,96,2,46666.666666666664,0.012962962962962963,63,39.2,0.039200000000000006,1197655.5846153847,0.33268210683760685,20.958972730769233,0.020958972730769233,25.664048241758245
5286329,2026-04-09 10:19:39,6858.0,2026-04-09 12:13:57,2026-04-09 16:17:23,14606.0,cn304,304,256,8,567500.0,0.15763888888888888,63,317.8,0.3178,2083148.9582778332,0.5786524884105092,36.45510676986208,0.03645510676986208,3.67074706304464
5286330,2026-04-09 10:19:41,6862.0,2026-04-09 12:14:03,2026-04-09 17:48:38,20075.0,cn544,544,96,8,806666.6666666666,0.22407407407407406,63,169.4,0.1694,5177180.0,1.4381055555555555,90.60065,0.09060065,6.41799173553719
5286331,2026-04-09 10:19:42,6863.0,2026-04-09 12:14:05,2026-04-09 14:38:53,8688.0,cn315,315,256,8,335312.5,0.09314236111111111,63,187.775,0.187775,1931424.6663669664,0.5365068517686018,33.799931661421915,0.033799931661421916,5.760073562324597
5286332,2026-04-09 10:19:44,6862.0,2026-04-09 12:14:06,2026-04-09 16:26:38,15152.0,cn087,087,96,8,727500.0,0.20208333333333334,63,152.77499999999998,0.15277499999999997,4018102.717948718,1.1161396438746438,70.31679756410256,0.07031679756410256,5.523165248039475
5286333,2026-04-09 10:19:45,6884.0,2026-04-09 12:14:29,2026-04-09 14:55:07,9638.0,cn302,302,256,8,368125.0,0.10225694444444444,63,206.15,0.20615,1644722.4166666667,0.45686733796296297,28.78264229166667,0.028782642291666667,4.4678367855121675
5286334,2026-04-09 10:19:47,6890.0,2026-04-09 12:14:37,2026-04-09 14:59:02,9865.0,cn302,302,256,8,377187.5,0.10477430555555556,63,211.225,0.211225,1682990.392857143,0.4674973313492064,29.452331875000002,0.029452331875,4.461946360516038
5286335,2026-04-09 10:19:48,6904.0,2026-04-09 12:14:52,2026-04-09 12:18:17,205.0,cn313,313,256,8,7799.0625,0.00216640625,63,4.367475,0.004367475,201931.16666666666,0.05609199074074074,3.5337954166666665,0.0035337954166666666,25.891723097060275
5286336,2026-04-09 10:19:49,6930.0,2026-04-09 12:15:19,2026-04-09 14:43:54,8915.0,cn320,320,256,8,313125.0,0.08697916666666666,63,175.35,0.17535,835583.5645854962,0.2321065457181934,14.622712380246183,0.014622712380246183,2.6685303459816248
5286337,2026-04-09 10:19:51,6932.0,2026-04-09 12:15:23,2026-04-09 14:36:44,8481.0,cn315,315,256,8,327500.0,0.09097222222222222,63,183.4,0.1834,1875278.800982351,0.520910778050653,32.817379017191136,0.03281737901719114,5.726042140404125
5286829,2026-04-09 11:05:41,4201.0,2026-04-09 12:15:42,2026-04-09 12:34:28,1126.0,cn521,521,96,1,5504.479166666666,0.0015290219907407405,63,9.247525,0.009247525,208781.0,0.057994722222222225,3.6536675,0.0036536675,37.929292432299455
5286825,2026-04-09 11:03:37,4325.0,2026-04-09 12:15:42,2026-04-09 12:22:15,393.0,cn109,109,96,1,2434.7916666666665,0.0006763310185185185,63,4.09045,0.00409045,13898.29411764706,0.0038606372549019607,0.24322014705882353,0.00024322014705882353,5.708206705288431
5286338,2026-04-09 10:19:52,6956.0,2026-04-09 12:15:48,2026-04-09 14:19:31,7423.0,cn321,321,256,8,286250.0,0.07951388888888888,63,160.29999999999998,0.16029999999999997,1153437.06498779,0.32039918471883055,20.185148637286325,0.020185148637286324,4.029474462839441
5286339,2026-04-09 10:20:10,6941.0,2026-04-09 12:15:51,2026-04-09 14:47:15,9084.0,cn320,320,256,8,319687.5,0.08880208333333334,63,179.025,0.17902500000000002,844243.8525756922,0.23451218127102563,14.774267420074615,0.014774267420074615,2.640840985574013
5286343,2026-04-09 10:22:29,6811.0,2026-04-09 12:16:00,2026-04-09 14:58:25,9745.0,cn320,320,256,8,345625.0,0.09600694444444445,63,193.55,0.19355,897316.519242359,0.24925458867843306,15.703039086741283,0.015703039086741283,2.596214160556554
5286344,2026-04-09 10:22:31,6825.0,2026-04-09 12:16:16,2026-04-09 14:45:42,8966.0,cn304,304,256,8,348437.5,0.09678819444444445,63,195.125,0.195125,1474442.9601093351,0.40956748891925976,25.802751801913367,0.025802751801913368,4.231585176995401
5286345,2026-04-09 10:22:32,6825.0,2026-04-09 12:16:17,2026-04-09 14:15:37,7160.0,cn306,306,256,8,271250.0,0.07534722222222222,63,151.9,0.1519,976664.516053391,0.27129569890371974,17.091629030934342,0.017091629030934342,3.6006065107959118
5286346,2026-04-09 10:22:33,6830.0,2026-04-09 12:16:24,2026-04-09 12:20:01,217.0,cn519,519,96,8,8495.833333333332,0.0023599537037037035,63,1.7841250000000002,0.0017841250000000001,94831.0,0.026341944444444446,1.6595425000000001,0.0016595425000000001,11.162059833251595
5286347,2026-04-09 10:22:35,6842.0,2026-04-09 12:16:37,2026-04-09 14:31:19,8082.0,cn308,308,256,8,308437.5,0.08567708333333333,63,172.725,0.172725,2060347.8507936508,0.5723188474426808,36.05608738888889,0.036056087388888894,6.679952505106061
5286348,2026-04-09 10:22:36,6848.0,2026-04-09 12:16:44,2026-04-09 14:37:32,8448.0,cn316,316,256,8,321875.0,0.08940972222222222,63,180.25,0.18025,1653086.1408008658,0.45919059466690715,28.92900746401515,0.02892900746401515,5.135801602488127
5286349,2026-04-09 10:22:38,6857.0,2026-04-09 12:16:55,2026-04-09 16:49:31,16356.0,cn522,522,96,8,658333.3333333333,0.18287037037037035,63,138.25,0.13825,5447074.388888889,1.5130762191358025,95.32380180555556,0.09532380180555557,8.274037046413504
5286350,2026-04-09 10:22:39,6859.0,2026-04-09 12:16:58,2026-04-09 16:08:45,13907.0,cn068,068,96,8,668333.3333333333,0.18564814814814812,63,140.35,0.14035,3225674.5256410255,0.8960207015669516,56.44930419871795,0.056449304198717944,4.826445674275849
5286351,2026-04-09 10:22:41,6888.0,2026-04-09 12:17:29,2026-04-09 23:38:52,40883.0,cn301,301,256,8,1532500.0,0.42569444444444443,63,858.1999999999999,0.8582,25586077.711507935,7.107243808752204,447.75635995138884,0.44775635995138885,16.69564614127761
5286352,2026-04-09 10:22:42,6893.0,2026-04-09 12:17:35,2026-04-09 14:43:00,8725.0,cn313,313,256,8,332812.5,0.09244791666666667,63,186.375,0.186375,2540576.7523809522,0.7057157645502645,44.46009316666667,0.044460093166666666,7.633657847529622
5286353,2026-04-09 10:22:43,6904.0,2026-04-09 12:17:47,2026-04-09 17:04:19,17192.0,cn111,111,96,8,818333.3333333333,0.2273148148148148,63,171.85,0.17185,6867862.323529412,1.9077395343137256,120.18759066176472,0.12018759066176471,8.392499784353662
5286354,2026-04-09 10:22:43,6926.0,2026-04-09 12:18:09,2026-04-09 14:34:35,8186.0,cn321,321,256,8,315625.0,0.0876736111111111,63,176.75,0.17675,1196293.3957570207,0.3323037210436169,20.935134425747865,0.020935134425747865,3.7902365014083825
5286355,2026-04-09 10:22:45,6931.0,2026-04-09 12:18:16,2026-04-09 17:10:49,17553.0,cn067,067,96,8,849166.6666666666,0.2358796296296296,63,178.32500000000002,0.178325,3534886.4242424243,0.9819128956228956,61.86051242424242,0.061860512424242425,4.1627710589704705
5286356,2026-04-09 10:22:46,6931.0,2026-04-09 12:18:17,2026-04-09 14:46:00,8863.0,cn313,313,256,8,338125.0,0.09392361111111111,63,189.35,0.18935,2548787.0142857144,0.7079963928571429,44.603772750000005,0.044603772750000006,7.538002260364404
5286357,2026-04-09 10:22:47,6931.0,2026-04-09 12:18:18,2026-04-09 16:03:48,13530.0,cn007,007,96,8,656666.6666666666,0.1824074074074074,63,137.9,0.1379,4396460.28,1.2212389666666668,76.93805490000001,0.07693805490000001,6.695117177664976
5286358,2026-04-09 10:22:48,6939.0,2026-04-09 12:18:27,2026-04-09 18:33:04,22477.0,cn511,511,96,8,872500.0,0.2423611111111111,63,183.225,0.183225,5547068.1,1.54085225,97.07369175,0.09707369175,6.3576711747851
5286359,2026-04-09 10:22:49,6954.0,2026-04-09 12:18:43,2026-04-09 14:35:05,8182.0,cn317,317,256,8,316562.5,0.08793402777777778,63,177.275,0.17727500000000002,1232627.8523809523,0.34239662566137563,21.570987416666664,0.021570987416666663,3.893789859446246
5286360,2026-04-09 10:22:49,6960.0,2026-04-09 12:18:49,2026-04-09 14:46:11,8842.0,cn301,301,256,8,333437.5,0.09262152777777778,63,186.725,0.186725,2365285.058333333,0.6570236273148148,41.39248852083333,0.04139248852083333,7.093638412995938
5286361,2026-04-09 10:22:50,6987.0,2026-04-09 12:19:17,2026-04-09 17:13:38,17661.0,cn321,321,256,8,680000.0,0.18888888888888888,63,380.8,0.3808,2374898.5602591853,0.6596940445164403,41.56072480453574,0.04156072480453574,3.492497882734096
5286362,2026-04-09 10:22:51,6999.0,2026-04-09 12:19:30,2026-04-09 12:23:07,217.0,cn100,100,96,8,10898.333333333332,0.0030273148148148143,63,2.28865,0.00228865,120309.0,0.033419166666666666,2.1054075,0.0021054075000000003,11.039210888515065
5286934,2026-04-09 11:12:08,4050.0,2026-04-09 12:19:38,2026-04-09 12:23:21,223.0,cn004,004,96,1,1708.5416666666665,0.00047459490740740735,63,2.8703499999999997,0.00287035,69455.0,0.019293055555555556,1.2154625000000001,0.0012154625,40.651627850262166
5286939,2026-04-09 11:12:15,4044.0,2026-04-09 12:19:39,2026-04-09 12:29:21,582.0,cn004,004,96,1,3718.958333333333,0.0010330439814814814,63,6.24785,0.00624785,289852.0,0.08051444444444444,5.07241,0.005072409999999999,77.9390286258473
5286951,2026-04-09 11:17:56,3703.0,2026-04-09 12:19:39,2026-04-09 12:23:18,219.0,cn005,005,96,1,1336.4583333333335,0.00037123842592592596,63,2.2452500000000004,0.0022452500000000003,0.0,0.0,0.0,0.0,0.0
5286938,2026-04-09 11:12:14,4045.0,2026-04-09 12:19:39,2026-04-09 12:27:22,463.0,cn022,022,96,1,2778.020833333333,0.0007716724537037037,63,4.667075,0.004667075,273384.0,0.07594,4.7842199999999995,0.00478422,98.40962915744873
5286363,2026-04-09 10:22:51,7030.0,2026-04-09 12:20:01,2026-04-10 00:39:36,44375.0,cn519,519,96,8,1738333.3333333333,0.48287037037037034,63,365.05,0.36505,11662634.01111111,3.2396205586419753,204.09609519444444,0.20409609519444444,6.709089555768616
5286364,2026-04-09 10:22:52,7029.0,2026-04-09 12:20:01,2026-04-09 17:29:30,18569.0,cn302,302,256,8,712187.5,0.19782986111111112,63,398.825,0.398825,5205825.857142857,1.4460627380952382,91.10195250000001,0.09110195250000001,7.309628232934244
5286365,2026-04-09 10:22:53,7041.0,2026-04-09 12:20:14,2026-04-10 00:29:44,43770.0,cn116,116,96,8,2174166.6666666665,0.6039351851851852,63,456.575,0.456575,9520660.658604609,2.6446279607235024,166.61156152558064,0.16661156152558065,4.3789930204390695
5286366,2026-04-09 10:22:53,7045.0,2026-04-09 12:20:18,2026-04-09 17:42:03,19305.0,cn318,318,256,8,701875.0,0.19496527777777778,63,393.05,0.39305,4083674.5353174605,1.1343540375881835,71.46430436805556,0.07146430436805556,5.818236203479908
5286367,2026-04-09 10:22:54,7052.0,2026-04-09 12:20:26,2026-04-09 19:05:58,24332.0,cn064,064,96,8,1165000.0,0.3236111111111111,63,244.65,0.24465,13370900.777777778,3.7141391049382717,233.9907636111111,0.2339907636111111,11.47716804959466
5286368,2026-04-09 10:22:55,7059.0,2026-04-09 12:20:34,2026-04-09 17:18:58,17904.0,cn317,317,256,8,692812.5,0.19244791666666666,63,387.97499999999997,0.38797499999999996,3060711.2527777776,0.8501975702160494,53.56244692361111,0.05356244692361111,4.417806048213301
5286369,2026-04-09 10:22:56,7060.0,2026-04-09 12:20:36,2026-04-09 21:09:09,31713.0,cn519,519,96,8,1243333.3333333333,0.3453703703703703,63,261.1,0.2611,6918741.611111111,1.9218726697530863,121.07797819444444,0.12107797819444444,5.564671537086685
5286370,2026-04-09 10:22:58,7068.0,2026-04-09 12:20:46,2026-04-09 23:12:23,39097.0,cn533,533,96,8,1548333.3333333333,0.4300925925925926,63,325.15000000000003,0.32515000000000005,9353315.333333334,2.5981431481481483,163.68301833333334,0.16368301833333335,6.040892572658773
5286371,2026-04-09 10:22:58,7075.0,2026-04-09 12:20:53,2026-04-09 17:04:21,17008.0,cn320,320,256,8,624687.5,0.17352430555555556,63,349.825,0.349825,1610659.612282652,0.4474054478562922,28.18654321494641,0.028186543214946413,2.578344551928207
5286372,2026-04-09 10:22:58,7080.0,2026-04-09 12:20:58,2026-04-09 16:24:22,14604.0,cn317,317,256,8,564687.5,0.1568576388888889,63,316.225,0.31622500000000003,2168499.671825397,0.6023610199514992,37.948744256944444,0.037948744256944444,3.840176507936508
5286373,2026-04-09 10:22:58,7092.0,2026-04-09 12:21:10,2026-04-09 20:33:51,29561.0,cn505,505,96,8,1166666.6666666665,0.324074074074074,63,245.0,0.245,4500165.152509652,1.2500458756971256,78.75289016891891,0.07875289016891891,3.857284416436845
5286374,2026-04-09 10:23:00,7098.0,2026-04-09 12:21:18,2026-04-09 19:48:59,26861.0,cn053,053,96,8,1335833.3333333335,0.37106481481481485,63,280.52500000000003,0.280525,4611257.464357864,1.280904851210518,80.69700562626262,0.08069700562626263,3.4519706532934724
5286375,2026-04-09 10:23:00,7114.0,2026-04-09 12:21:34,2026-04-09 16:45:59,15865.0,cn318,318,256,8,605625.0,0.16822916666666668,63,339.15000000000003,0.33915,3446715.8353174604,0.9574210653659612,60.31752711805555,0.060317527118055554,5.6911716579029274
5286377,2026-04-09 10:23:01,7122.0,2026-04-09 12:21:43,2026-04-09 17:02:15,16832.0,cn045,045,96,8,830833.3333333333,0.230787037037037,63,174.475,0.174475,4498731.794871795,1.2496477207977208,78.7278064102564,0.07872780641025641,5.41472232080858
5286378,2026-04-09 10:23:02,7129.0,2026-04-09 12:21:51,2026-04-09 14:57:23,9332.0,cn309,309,256,8,338437.5,0.09401041666666667,63,189.525,0.189525,1235875.7972222222,0.3432988325617284,21.627826451388888,0.021627826451388887,3.651710573509798
5286380,2026-04-09 10:23:04,7140.0,2026-04-09 12:22:04,2026-04-09 17:30:35,18511.0,cn521,521,96,8,733333.3333333333,0.2037037037037037,63,154.0,0.154,3699130.3333333335,1.0275362037037037,64.73478083333333,0.06473478083333334,5.044268636363637
5286379,2026-04-09 10:23:03,7141.0,2026-04-09 12:22:04,2026-04-09 14:49:47,8863.0,cn302,302,256,8,338437.5,0.09401041666666667,63,189.525,0.189525,1433204.975,0.39811249305555557,25.0810870625,0.0250810870625,4.2347700092336105
5286381,2026-04-09 10:23:04,7144.0,2026-04-09 12:22:08,2026-04-09 18:30:40,22112.0,cn092,092,96,8,1105833.3333333333,0.3071759259259259,63,232.225,0.232225,6886930.617647059,1.9130362826797387,120.52128580882354,0.12052128580882354,6.227819699454764
5286382,2026-04-09 10:23:05,7156.0,2026-04-09 12:22:21,2026-04-09 17:10:50,17309.0,cn295,295,96,8,681666.6666666666,0.18935185185185185,63,143.15,0.14315,8194670.0,2.2762972222222224,143.40672500000002,0.143406725,12.021520782396088
5286383,2026-04-09 10:23:06,7183.0,2026-04-09 12:22:49,2026-04-09 15:14:32,10303.0,cn316,316,256,8,392187.5,0.10894097222222222,63,219.625,0.219625,1484182.8347402597,0.41227300965007213,25.973199607954545,0.025973199607954543,3.784370574636519
5286384,2026-04-09 10:23:07,7184.0,2026-04-09 12:22:51,2026-04-09 17:36:25,18814.0,cn091,091,96,8,940833.3333333333,0.26134259259259257,63,197.575,0.197575,4657771.128787879,1.2938253135521887,81.51099475378788,0.08151099475378788,4.950686762219181
5286387,2026-04-09 10:25:28,7046.0,2026-04-09 12:22:54,2026-04-09 13:15:29,3155.0,cn297,297,96,2,31875.0,0.008854166666666666,63,26.775,0.026775,1096460.2666666666,0.3045722962962963,19.188054666666666,0.019188054666666666,34.398753464052284
5286389,2026-04-09 10:25:41,7046.0,2026-04-09 12:23:07,2026-04-09 18:43:39,22832.0,cn100,100,96,8,1148333.3333333333,0.3189814814814815,63,241.15,0.24115,6685466.444444444,1.8570740123456788,116.99566277777777,0.11699566277777777,5.821886598935656
5286390,2026-04-09 10:25:42,7056.0,2026-04-09 12:23:18,2026-04-09 18:39:52,22594.0,cn060,060,96,8,1145000.0,0.31805555555555554,63,240.45000000000002,0.24045000000000002,3626483.2666666666,1.007356462962963,63.46345716666667,0.06346345716666667,3.1672342940320233
5286391,2026-04-09 10:25:43,7071.0,2026-04-09 12:23:34,2026-04-09 17:48:10,19476.0,cn046,046,96,8,905833.3333333333,0.2516203703703703,63,190.225,0.190225,2518071.0908163264,0.699464191893424,44.06624408928571,0.04406624408928571,2.7798392906895972
5286392,2026-04-09 10:25:44,7071.0,2026-04-09 12:23:35,2026-04-09 15:05:22,9707.0,cn317,317,256,8,375312.5,0.10425347222222223,63,210.175,0.210175,1397138.0968253969,0.3880939157848325,24.449916694444447,0.02444991669444445,3.722599425346603
5286393,2026-04-09 10:25:45,7079.0,2026-04-09 12:23:44,2026-04-09 17:23:16,17972.0,cn030,030,96,8,850000.0,0.2361111111111111,63,178.5,0.1785,0.0,0.0,0.0,0.0,0.0
5286394,2026-04-09 10:25:46,7081.0,2026-04-09 12:23:47,2026-04-09 18:36:19,22352.0,cn055,055,96,8,1073333.3333333333,0.2981481481481481,63,225.4,0.22540000000000002,6203065.5,1.72307375,108.55364625,0.10855364625,5.779253571428572
5286395,2026-04-09 10:25:46,7087.0,2026-04-09 12:23:53,2026-04-09 15:05:11,9678.0,cn303,303,256,8,342187.5,0.09505208333333333,63,191.625,0.191625,912176.5728687979,0.25338238135244384,15.963090025203963,0.015963090025203963,2.6657214914887244
5286396,2026-04-09 10:25:47,7087.0,2026-04-09 12:23:54,2026-04-09 18:00:47,20213.0,cn118,118,96,8,1015000.0,0.28194444444444444,63,213.15,0.21315,4605641.134242424,1.2793447595117844,80.59871984924241,0.08059871984924241,4.537577472160024
5286397,2026-04-09 10:25:49,7103.0,2026-04-09 12:24:12,2026-04-09 15:24:45,10833.0,cn309,309,256,8,395625.0,0.10989583333333333,63,221.54999999999998,0.22154999999999997,1426781.0416666667,0.39632806712962965,24.968668229166667,0.024968668229166668,3.6063975776724595
5286398,2026-04-09 10:25:49,7127.0,2026-04-09 12:24:36,2026-04-09 15:45:00,12024.0,cn303,303,256,8,432500.0,0.12013888888888889,63,242.20000000000002,0.24220000000000003,1195372.5754662005,0.33204793762950013,20.919020070658508,0.020919020070658507,2.7638672265114463
5286399,2026-04-09 10:25:50,7131.0,2026-04-09 12:24:41,2026-04-09 17:53:13,19712.0,cn029,029,96,8,950000.0,0.2638888888888889,63,199.5,0.1995,6850172.176470588,1.9028256045751633,119.87801308823529,0.11987801308823529,7.210707554179566
5286400,2026-04-09 10:25:53,7135.0,2026-04-09 12:24:48,2026-04-09 17:25:20,18032.0,cn053,053,96,8,896666.6666666666,0.24907407407407406,63,188.3,0.18830000000000002,2613249.3696969696,0.7259026026936026,45.73186396969697,0.045731863969696966,2.9144045015207842
5287007,2026-04-09 11:25:41,3574.0,2026-04-09 12:25:15,2026-04-09 12:29:50,275.0,cn297,297,96,1,2087.8125,0.0005799479166666667,63,3.5075250000000002,0.003507525,44305.66666666667,0.012307129629629631,0.7753491666666668,0.0007753491666666667,21.221094646510007
5287000,2026-04-09 11:21:00,3855.0,2026-04-09 12:25:15,2026-04-09 12:33:49,514.0,cn109,109,96,1,3463.958333333333,0.000962210648148148,63,5.81945,0.0058194499999999994,18196.235294117647,0.005054509803921569,0.3184341176470588,0.0003184341176470588,5.253017947420744
5286401,2026-04-09 10:25:54,7171.0,2026-04-09 12:25:25,2026-04-09 17:21:52,17787.0,cn307,307,256,8,643437.5,0.17873263888888888,63,360.325,0.360325,1957285.2117882117,0.5436903366078366,34.252491206293705,0.03425249120629371,3.0419197074901785
5286402,2026-04-09 10:25:55,7181.0,2026-04-09 12:25:36,2026-04-09 17:04:56,16760.0,cn307,307,256,8,603750.0,0.16770833333333332,63,338.09999999999997,0.33809999999999996,1838887.2117882117,0.5108020032745032,32.1805262062937,0.0321805262062937,3.0457759201461063
5286403,2026-04-09 10:25:56,7183.0,2026-04-09 12:25:39,2026-04-09 20:17:26,28307.0,cn035,035,96,8,1412500.0,0.3923611111111111,63,296.625,0.296625,0.0,0.0,0.0,0.0,0.0
5286404,2026-04-09 10:25:58,7182.0,2026-04-09 12:25:40,2026-04-09 16:59:03,16403.0,cn320,320,256,8,601250.0,0.16701388888888888,63,336.7,0.3367,1521317.5928021325,0.42258822022281456,26.62305787403732,0.026623057874037317,2.5302579506064573
5286405,2026-04-09 10:25:59,7217.0,2026-04-09 12:26:16,2026-04-09 20:08:04,27708.0,cn072,072,96,8,1414166.6666666665,0.39282407407407405,63,296.97499999999997,0.296975,4244979.566666666,1.1791609907407408,74.28714241666667,0.07428714241666667,3.0017533765468474
5286406,2026-04-09 10:26:00,7248.0,2026-04-09 12:26:48,2026-04-09 19:30:18,25410.0,cn100,100,96,8,1277500.0,0.3548611111111111,63,268.27500000000003,0.26827500000000004,7939276.311111111,2.2053545308641977,138.93733544444447,0.13893733544444448,6.214697699499891
5286407,2026-04-09 10:26:02,7247.0,2026-04-09 12:26:49,2026-04-09 19:45:35,26326.0,cn040,040,96,8,1320833.3333333333,0.36689814814814814,63,277.375,0.277375,0.0,0.0,0.0,0.0,0.0
5286408,2026-04-09 10:26:03,7247.0,2026-04-09 12:26:50,2026-04-09 16:03:14,12984.0,cn314,314,256,8,495625.0,0.13767361111111112,63,277.55,0.27755,2746367.3563492065,0.7628798212081129,48.06142873611111,0.04806142873611111,5.541220391120719
5286409,2026-04-09 10:26:05,7247.0,2026-04-09 12:26:52,2026-04-09 16:37:16,15024.0,cn303,303,256,8,546875.0,0.1519097222222222,63,306.25,0.30625,1701679.748085248,0.4726888189125689,29.77939559149184,0.029779395591491842,3.1116429679273105
5286410,2026-04-09 10:26:06,7256.0,2026-04-09 12:27:02,2026-04-09 20:02:40,27338.0,cn060,060,96,8,1383333.3333333335,0.3842592592592593,63,290.50000000000006,0.29050000000000004,4267133.216666667,1.1853147824074075,74.67483129166668,0.07467483129166667,3.084674614457831
5286411,2026-04-09 10:26:07,7262.0,2026-04-09 12:27:09,2026-04-09 16:01:37,12868.0,cn306,306,256,8,489062.5,0.13585069444444445,63,273.875,0.273875,1426153.8558302808,0.39615384884174465,24.957692477029912,0.024957692477029912,2.916097340994823
5286412,2026-04-09 10:26:09,7296.0,2026-04-09 12:27:45,2026-04-09 22:57:19,37774.0,cn545,545,96,8,1486666.6666666665,0.4129629629629629,63,312.2,0.3122,5783037.0,1.6063991666666666,101.2031475,0.1012031475,3.8899352017937225
5286414,2026-04-09 10:26:11,7299.0,2026-04-09 12:27:50,2026-04-09 15:58:12,12622.0,cn308,308,256,8,485312.5,0.13480902777777778,63,271.77500000000003,0.27177500000000004,2471216.436111111,0.6864490100308642,43.24628763194445,0.04324628763194445,5.092010686127209
5286413,2026-04-09 10:26:10,7300.0,2026-04-09 12:27:50,2026-04-09 16:49:31,15701.0,cn320,320,256,8,574062.5,0.15946180555555556,63,321.475,0.321475,1437929.35037789,0.3994248195494139,25.163763631613076,0.025163763631613077,2.504830659340908
5286416,2026-04-09 10:26:14,7297.0,2026-04-09 12:27:51,2026-04-09 16:55:12,16041.0,cn316,316,256,8,579375.0,0.1609375,63,324.45000000000005,0.32445000000000007,2200541.8783910535,0.6112616328864038,38.50948287184344,0.038509482871843435,3.79813053443979
5286415,2026-04-09 10:26:13,7298.0,2026-04-09 12:27:51,2026-04-09 16:21:14,14003.0,cn316,316,256,8,513125.00000000006,0.14253472222222224,63,287.35,0.28735000000000005,1822638.3783910533,0.5062884384419593,31.896171621843433,0.03189617162184343,3.552035816596449
5286417,2026-04-09 10:26:15,7298.0,2026-04-09 12:27:53,2026-04-09 20:10:29,27756.0,cn068,068,96,8,1332500.0,0.3701388888888889,63,279.825,0.279825,6789881.00940171,1.8860780581671417,118.82291766452992,0.11882291766452993,5.095595504241433
5286418,2026-04-09 10:26:17,7308.0,2026-04-09 12:28:05,2026-04-09 19:08:36,24031.0,cn110,110,96,8,1175000.0,0.3263888888888889,63,246.75,0.24675,5724008.195402299,1.5900022765006385,100.17014341954022,0.10017014341954023,4.871496336512595
5286419,2026-04-09 10:26:18,7310.0,2026-04-09 12:28:08,2026-04-09 16:03:29,12921.0,cn311,311,256,8,489062.5,0.13585069444444445,63,273.875,0.273875,3859879.283333333,1.0721886898148147,67.54788745833334,0.06754788745833333,7.892404924387646
5286420,2026-04-09 10:26:19,7311.0,2026-04-09 12:28:10,2026-04-09 17:00:33,16343.0,cn317,317,256,8,632187.5,0.1756076388888889,63,354.025,0.354025,2528211.9003968253,0.7022810834435625,44.24370825694444,0.04424370825694444,3.9991488291002675
5286421,2026-04-09 10:26:21,7312.0,2026-04-09 12:28:13,2026-04-09 16:15:40,13647.0,cn309,309,256,8,503750.00000000006,0.13993055555555556,63,282.1,0.2821,1850872.742063492,0.5141313172398589,32.390272986111114,0.032390272986111114,3.6741890661310013
5286422,2026-04-09 10:26:22,7335.0,2026-04-09 12:28:37,2026-04-09 16:17:59,13762.0,cn316,316,256,8,506250.0,0.140625,63,283.5,0.2835,1788898.806962482,0.49691633526735607,31.30572912184343,0.03130572912184343,3.53362727301231
5287016,2026-04-09 11:25:50,3838.0,2026-04-09 12:29:48,2026-04-09 12:33:27,219.0,cn022,022,96,1,1308.0208333333333,0.00036333912037037037,63,2.197475,0.002197475,128868.0,0.035796666666666664,2.25519,0.00225519,98.52136656844789
5286423,2026-04-09 10:26:25,7423.0,2026-04-09 12:30:08,2026-04-09 16:21:35,13887.0,cn304,304,256,8,538750.0,0.14965277777777777,57,272.96666666666664,0.27296666666666664,1796870.8976717726,0.4991308049088257,28.450455879803066,0.028450455879803067,3.3352592068153553
5286424,2026-04-09 10:26:25,7432.0,2026-04-09 12:30:17,2026-04-09 12:33:49,212.0,cn089,089,96,8,10601.666666666666,0.0029449074074074074,57,2.0143166666666668,0.0020143166666666667,131147.5,0.036429861111111114,2.0765020833333336,0.0020765020833333338,12.370460619399466
5286425,2026-04-09 10:26:26,7446.0,2026-04-09 12:30:32,2026-04-09 21:40:08,32976.0,cn536,536,96,8,1300833.3333333333,0.36134259259259255,57,247.15833333333333,0.24715833333333334,2895243.716666667,0.8042343657407408,45.841358847222224,0.04584135884722222,2.2256838308776428
5286426,2026-04-09 10:26:28,7450.0,2026-04-09 12:30:38,2026-04-09 16:10:00,13162.0,cn319,319,256,8,507187.5,0.14088541666666668,57,256.975,0.256975,1593952.3954018203,0.44276455427828343,25.237579593862154,0.025237579593862153,3.1427280747294053
5286427,2026-04-09 10:26:29,7450.0,2026-04-09 12:30:39,2026-04-09 22:52:16,37297.0,cn548,548,96,8,1458333.3333333333,0.40509259259259256,57,277.0833333333333,0.2770833333333333,5539986.75,1.5388852083333333,87.716456875,0.087716456875,3.7988480571428576
5286428,2026-04-09 10:26:30,7455.0,2026-04-09 12:30:45,2026-04-09 16:00:10,12565.0,cn303,303,256,8,453750.0,0.12604166666666666,57,229.9,0.2299,1267267.606021756,0.3520187794504878,20.065070428677807,0.020065070428677806,2.792876266714614
5286429,2026-04-09 10:26:32,7464.0,2026-04-09 12:30:56,2026-04-09 17:03:36,16360.0,cn305,305,256,8,625937.5,0.17387152777777778,57,317.14166666666665,0.31714166666666666,2492367.4818542567,0.6923243005150713,39.46248512935907,0.039462485129359064,3.981815248094669
5286430,2026-04-09 10:26:33,7467.0,2026-04-09 12:31:00,2026-04-09 20:07:36,27396.0,cn005,005,96,8,1349166.6666666667,0.37476851851851856,57,256.3416666666667,0.2563416666666667,0.0,0.0,0.0,0.0,0.0
5286460,2026-04-09 10:34:36,6987.0,2026-04-09 12:31:03,2026-04-09 20:24:34,28411.0,cn069,069,96,8,1328333.3333333333,0.36898148148148147,57,252.38333333333335,0.25238333333333335,6684468.833333333,1.856796898148148,105.83742319444444,0.10583742319444445,5.0322224592220826
5286461,2026-04-09 10:34:39,6985.0,2026-04-09 12:31:04,2026-04-09 16:38:26,14842.0,cn302,302,256,8,570000.0,0.15833333333333333,57,288.8,0.2888,2622041.3404761907,0.7283448167989418,41.51565455753968,0.04151565455753968,4.6000725271512115
5286462,2026-04-09 10:34:41,6998.0,2026-04-09 12:31:19,2026-04-09 21:45:49,33270.0,cn525,525,96,8,1292500.0,0.3590277777777778,57,245.57500000000002,0.24557500000000002,3755257.376387991,1.0431270489966642,59.45824179280986,0.059458241792809854,2.905421567805022
5286463,2026-04-09 10:34:42,7033.0,2026-04-09 12:31:55,2026-04-09 22:34:32,36157.0,cn532,532,96,8,1424166.6666666665,0.3956018518518518,57,270.59166666666664,0.2705916666666666,4102791.631714708,1.1396643421429744,64.96086750214954,0.06496086750214954,2.8808367220934175
5286464,2026-04-09 10:34:44,7054.0,2026-04-09 12:32:18,2026-04-09 20:26:50,28472.0,cn043,043,96,8,1434166.6666666665,0.3983796296296296,57,272.4916666666667,0.2724916666666667,12561194.0,3.4892205555555558,198.8855716666667,0.1988855716666667,8.758531551423593
5286465,2026-04-09 10:34:45,7055.0,2026-04-09 12:32:20,2026-04-09 22:57:09,37489.0,cn546,546,96,8,1500833.3333333333,0.41689814814814813,57,285.15833333333336,0.28515833333333335,5403588.0,1.5009966666666668,85.55681,0.08555681,3.600391782343143
5286466,2026-04-09 10:34:47,7054.0,2026-04-09 12:32:21,2026-04-09 20:57:51,30330.0,cn028,028,96,8,1450833.3333333333,0.40300925925925923,57,275.65833333333336,0.27565833333333334,16361008.888888888,4.544724691358025,259.0493074074074,0.2590493074074074,11.27697338694237
5286467,2026-04-09 10:34:48,7084.0,2026-04-09 12:32:52,2026-04-09 17:32:17,17965.0,cn320,320,256,8,660625.0,0.18350694444444443,57,334.71666666666664,0.33471666666666666,1745014.0356953505,0.48472612102648627,27.629388898509717,0.027629388898509716,2.641459278252186
5286468,2026-04-09 10:34:49,7084.0,2026-04-09 12:32:53,2026-04-10 00:22:47,42594.0,cn532,532,96,8,1673333.3333333333,0.4648148148148148,57,317.93333333333334,0.31793333333333335,6453361.74151863,1.792600483755175,102.17822757404498,0.10217822757404499,3.856590682182448
5286469,2026-04-09 10:34:51,7083.0,2026-04-09 12:32:54,2026-04-09 17:39:18,18384.0,cn307,307,256,8,666562.5,0.18515625,57,337.72499999999997,0.33772499999999994,1939141.1562326562,0.5386503211757379,30.70306830701706,0.030703068307017058,2.909166291582044
5286470,2026-04-09 10:34:52,7115.0,2026-04-09 12:33:27,2026-04-09 22:32:57,35970.0,cn046,046,96,8,1675000.0,0.4652777777777778,57,318.25,0.31825,5305185.002907496,1.4736625008076378,83.99876254603535,0.08399876254603535,3.1672746286014903
5286488,2026-04-09 10:40:53,6768.0,2026-04-09 12:33:41,2026-04-09 16:50:02,15381.0,cn306,306,256,8,584687.5,0.16241319444444444,57,296.2416666666667,0.2962416666666667,1752241.607994783,0.48673377999855083,27.743825459917396,0.027743825459917396,2.9968857004721032
5286491,2026-04-09 10:40:59,6770.0,2026-04-09 12:33:49,2026-04-09 22:01:19,34050.0,cn089,089,96,8,1712500.0,0.4756944444444444,57,325.375,0.325375,10209850.505128205,2.8360695847578348,161.6559663311966,0.16165596633119658,5.961956499344937
5286492,2026-04-09 10:41:00,6780.0,2026-04-09 12:34:00,2026-04-09 15:56:35,12155.0,cn305,305,256,8,466875.0,0.1296875,57,236.55,0.23655,1758902.3425685426,0.48858398404681735,27.84928709066859,0.02784928709066859,3.767394575782688
5286493,2026-04-09 10:41:02,6779.0,2026-04-09 12:34:01,2026-04-09 20:48:23,29662.0,cn027,027,96,8,1450000.0,0.4027777777777778,57,275.5,0.2755,5459160.966666667,1.5164336018518518,86.43671530555555,0.08643671530555555,3.7649385977011494
5286494,2026-04-09 10:41:03,6831.0,2026-04-09 12:34:54,2026-04-09 16:39:26,14672.0,cn302,302,256,8,563437.5,0.15651041666666668,57,285.475,0.28547500000000003,2591093.566666667,0.719748212962963,41.02564813888889,0.04102564813888889,4.598724022924755
5286495,2026-04-09 10:41:04,6854.0,2026-04-09 12:35:18,2026-04-09 21:36:58,32500.0,cn011,011,96,8,1560833.3333333333,0.4335648148148148,57,296.55833333333334,0.2965583333333333,3830678.2,1.0640772777777778,60.652404833333335,0.06065240483333333,2.4542519167111587
5286496,2026-04-09 10:41:06,6862.0,2026-04-09 12:35:28,2026-04-09 15:38:53,11005.0,cn316,316,256,8,415000.0,0.11527777777777778,57,210.26666666666668,0.21026666666666669,1389343.656962482,0.38592879360068943,21.9979412352393,0.0219979412352393,3.3478160408734507
5286497,2026-04-09 10:41:07,6862.0,2026-04-09 12:35:29,2026-04-09 15:48:03,11554.0,cn047,047,96,8,555000.0,0.15416666666666667,57,105.45,0.10545,1987753.8476190476,0.5521538465608465,31.472769253968252,0.031472769253968254,3.581538464178464
5286498,2026-04-09 10:41:08,6862.0,2026-04-09 12:35:30,2026-04-09 21:41:18,32748.0,cn510,510,96,8,1273333.3333333333,0.3537037037037037,57,241.93333333333334,0.24193333333333333,4276329.598541981,1.1878693329283279,67.70855197691469,0.0677085519769147,3.358374030268571
5286500,2026-04-09 10:41:11,6860.0,2026-04-09 12:35:31,2026-04-09 22:13:06,34655.0,cn536,536,96,8,1366666.6666666665,0.3796296296296296,57,259.66666666666663,0.2596666666666666,3057604.05,0.8493344583333333,48.412064125,0.048412064125,2.237271256097561
5286501,2026-04-09 10:41:13,6876.0,2026-04-09 12:35:49,2026-04-09 20:19:17,27808.0,cn103,103,96,8,1341666.6666666667,0.37268518518518523,57,254.91666666666669,0.2549166666666667,5558995.166666667,1.5441653240740743,88.01742347222223,0.08801742347222223,4.143350434782609
5286502,2026-04-09 10:41:14,6888.0,2026-04-09 12:36:02,2026-04-09 19:55:32,26370.0,cn018,018,96,8,1265833.3333333333,0.35162037037037036,57,240.50833333333333,0.24050833333333332,4020476.3447941393,1.1167989846650386,63.6575421259072,0.0636575421259072,3.1761498444719996
5286503,2026-04-09 10:41:15,6931.0,2026-04-09 12:36:46,2026-04-09 16:56:11,15565.0,cn307,307,256,8,557812.5,0.15494791666666666,57,282.625,0.282625,1542118.9425574425,0.4283663729326229,24.416883257159505,0.024416883257159506,2.7645829782542384
5286504,2026-04-09 10:41:17,6937.0,2026-04-09 12:36:54,2026-04-09 20:35:38,28724.0,cn540,540,96,8,1137500.0,0.3159722222222222,57,216.125,0.216125,4437350.22,1.2325972833333332,70.25804514999999,0.07025804514999999,3.900967226373626
5286505,2026-04-09 10:41:19,6939.0,2026-04-09 12:36:58,2026-04-09 16:55:39,15521.0,cn303,303,256,8,566562.5,0.15737847222222223,57,287.05833333333334,0.28705833333333336,2068628.8177822179,0.5746191160506161,32.75328961488512,0.03275328961488512,3.6511926182587406
5286506,2026-04-09 10:41:19,6939.0,2026-04-09 12:36:58,2026-04-09 19:48:32,25894.0,cn102,102,96,8,1274166.6666666665,0.35393518518518513,57,242.09166666666664,0.24209166666666665,4911228.25,1.3642300694444445,77.76111395833334,0.07776111395833334,3.8544629823414
5286507,2026-04-09 10:41:21,6989.0,2026-04-09 12:37:50,2026-04-09 22:14:48,34618.0,cn544,544,96,8,1385000.0,0.38472222222222224,57,263.15000000000003,0.26315000000000005,12115231.0,3.3653419444444443,191.82449083333333,0.19182449083333333,8.747459205776174
5286508,2026-04-09 10:41:22,6991.0,2026-04-09 12:37:53,2026-04-09 20:41:23,29010.0,cn106,106,96,8,1407500.0,0.3909722222222222,57,267.425,0.267425,6387878.128205128,1.7744105911680912,101.1414036965812,0.10114140369658119,4.538456929453021
5286509,2026-04-09 10:41:24,6996.0,2026-04-09 12:38:00,2026-04-09 20:57:32,29972.0,cn052,052,96,8,1440000.0,0.4,57,273.59999999999997,0.27359999999999995,10522653.775119618,2.9229593819776714,166.60868477272726,0.16660868477272725,7.307398454944179
5286510,2026-04-09 10:41:25,6997.0,2026-04-09 12:38:02,2026-04-09 16:27:24,13762.0,cn319,319,256,8,530312.5,0.14730902777777777,57,268.69166666666666,0.26869166666666666,1629041.0312604064,0.4525113975723351,25.7931496616231,0.0257931496616231,3.0718510901787273
5286511,2026-04-09 10:41:26,7020.0,2026-04-09 12:38:26,2026-04-09 16:59:57,15691.0,cn047,047,96,8,752500.0,0.20902777777777778,57,142.975,0.142975,2485597.4596638656,0.6904437387955182,39.35529311134454,0.03935529311134454,3.3031195477260673
5286512,2026-04-09 10:41:28,7029.0,2026-04-09 12:38:37,2026-04-10 00:13:11,41674.0,cn540,540,96,8,1644166.6666666665,0.45671296296296293,57,312.39166666666665,0.3123916666666667,7296930.6141176475,2.0269251705882354,115.53473472352943,0.11553473472352943,4.438072345129842
5286513,2026-04-09 10:41:29,7057.0,2026-04-09 12:39:06,2026-04-09 19:54:38,26132.0,cn067,067,96,8,1261666.6666666665,0.3504629629629629,57,239.71666666666667,0.23971666666666666,5008066.529483066,1.391129591523074,79.29438671681521,0.07929438671681521,3.969405439484597
5286514,2026-04-09 10:41:31,7063.0,2026-04-09 12:39:14,2026-04-09 19:51:47,25953.0,cn115,115,96,8,1246666.6666666665,0.34629629629629627,57,236.86666666666667,0.23686666666666667,4101371.413112961,1.1392698369758225,64.93838070762189,0.0649383807076219,3.28987011747029
5286515,2026-04-09 10:41:32,7066.0,2026-04-09 12:39:18,2026-04-09 20:53:48,29670.0,cn024,024,96,8,1479166.6666666665,0.4108796296296296,57,281.04166666666663,0.28104166666666663,9802842.470588235,2.7230117973856207,155.2116724509804,0.1552116724509804,6.6272737829328925
5286516,2026-04-09 10:41:33,7077.0,2026-04-09 12:39:30,2026-04-09 17:36:56,17846.0,cn307,307,256,8,645937.5,0.17942708333333332,57,327.275,0.327275,1803061.4562326563,0.5008504045090711,28.548473057017056,0.028548473057017056,2.7913868698328494
5286517,2026-04-09 10:41:35,7076.0,2026-04-09 12:39:31,2026-04-09 23:01:08,37297.0,cn532,532,96,8,1467500.0,0.4076388888888889,57,278.825,0.278825,4342618.672891178,1.206282964691994,68.75812898744365,0.06875812898744366,2.959195007080871
5286518,2026-04-09 10:41:36,7090.0,2026-04-09 12:39:46,2026-04-09 20:27:16,28050.0,cn528,528,96,8,1090000.0,0.30277777777777776,57,207.1,0.2071,3374909.1703252033,0.9374747695347787,53.43606186348239,0.05343606186348239,3.09624694525248
5286519,2026-04-09 10:41:38,7095.0,2026-04-09 12:39:53,2026-04-09 17:23:13,17000.0,cn306,306,256,8,646250.0,0.1795138888888889,57,327.43333333333334,0.32743333333333335,2147512.2282328783,0.5965311745091328,34.00227694702057,0.03400227694702057,3.3230363299541636
5286520,2026-04-09 10:41:39,7103.0,2026-04-09 12:40:02,2026-04-09 16:38:24,14302.0,cn319,319,256,8,551250.0,0.153125,57,279.3,0.2793,1721165.7753080253,0.47810160425222925,27.25179144237707,0.02725179144237707,3.1222961910349665
5286521,2026-04-09 10:41:40,7120.0,2026-04-09 12:40:20,2026-04-09 16:51:42,15082.0,cn312,312,256,8,530000.0,0.14722222222222223,57,268.53333333333336,0.26853333333333335,1702357.5938034188,0.47287710938983857,26.9539952352208,0.0269539952352208,3.2119954600064506
5286522,2026-04-09 10:41:42,7121.0,2026-04-09 12:40:23,2026-04-09 19:11:53,23490.0,cn092,092,96,8,1174166.6666666665,0.32615740740740734,57,223.09166666666667,0.22309166666666666,7562889.029411765,2.100802508169935,119.74574296568629,0.11974574296568628,6.441069435978792
5286523,2026-04-09 10:41:43,7129.0,2026-04-09 12:40:32,2026-04-09 19:19:06,23914.0,cn547,547,96,8,940000.0,0.2611111111111111,57,178.6,0.17859999999999998,1973411.5710250202,0.5481698808402834,31.245683207896153,0.031245683207896155,2.0993740117287447
5286524,2026-04-09 10:41:45,7130.0,2026-04-09 12:40:35,2026-04-09 16:36:58,14183.0,cn317,317,256,8,548437.5,0.15234375,57,277.875,0.277875,2073176.9718253969,0.5758824921737213,32.825302053902114,0.03282530205390211,3.780151743499299
5286525,2026-04-09 10:41:46,7129.0,2026-04-09 12:40:35,2026-04-09 17:00:58,15623.0,cn319,319,256,8,601875.0,0.1671875,57,304.95,0.30495,2086181.6848318349,0.5794949124532874,33.03121000983738,0.03303121000983738,3.4661377941131213
5286526,2026-04-09 10:41:48,7143.0,2026-04-09 12:40:51,2026-04-09 20:46:24,29133.0,cn036,036,96,8,1398333.3333333333,0.3884259259259259,57,265.68333333333334,0.2656833333333333,8266532.166666667,2.296258935185185,130.88675930555556,0.13088675930555554,5.91170357568534
5286527,2026-04-09 10:41:49,7144.0,2026-04-09 12:40:53,2026-04-09 18:01:22,19229.0,cn307,307,256,8,699375.0,0.19427083333333334,57,354.35,0.35435,2227387.265756466,0.6187186849323516,35.26696504114404,0.03526696504114404,3.1848254023327485
5286528,2026-04-09 10:41:51,7152.0,2026-04-09 12:41:03,2026-04-09 20:50:33,29370.0,cn050,050,96,8,1426666.6666666665,0.39629629629629626,57,271.06666666666666,0.2710666666666667,9271295.0,2.575359722222222,146.79550416666666,0.14679550416666667,6.498571261682244
5286529,2026-04-09 10:41:51,7156.0,2026-04-09 12:41:07,2026-04-09 20:48:58,29271.0,cn072,072,96,8,1492500.0,0.41458333333333336,57,283.575,0.28357499999999997,4230866.816666666,1.1752407824074074,66.98872459722222,0.06698872459722222,2.8347516359575655
5286530,2026-04-09 10:41:53,7171.0,2026-04-09 12:41:24,2026-04-09 23:27:01,38737.0,cn538,538,96,8,1509166.6666666665,0.4192129629629629,57,286.7416666666667,0.2867416666666667,5258650.842594987,1.4607363451652742,83.26197167442062,0.08326197167442062,3.4844732253528354
5286531,2026-04-09 10:41:54,7203.0,2026-04-09 12:41:57,2026-04-09 16:32:16,13819.0,cn313,313,256,8,527812.5,0.14661458333333333,57,267.425,0.267425,3030701.7285714285,0.8418615912698413,47.986110702380955,0.04798611070238096,5.742004459105134
5286540,2026-04-09 10:46:30,6932.0,2026-04-09 12:42:02,2026-04-09 16:43:38,14496.0,cn315,315,256,8,559375.0,0.15538194444444445,57,283.4166666666667,0.2834166666666667,2221476.2806887557,0.6170767446357655,35.17337444423863,0.03517337444423863,3.9713542448067143
5286541,2026-04-09 10:46:33,6939.0,2026-04-09 12:42:12,2026-04-09 21:42:46,32434.0,cn075,075,96,8,1610000.0,0.44722222222222224,57,305.9,0.30589999999999995,5538793.091628959,1.5385536365636,87.6975572841252,0.08769755728412519,3.4402441562912793
5286542,2026-04-09 10:46:34,6956.0,2026-04-09 12:42:30,2026-04-10 00:12:07,41377.0,cn509,509,96,8,1647500.0,0.4576388888888889,57,313.025,0.313025,10932351.5,3.0367643055555558,173.0955654166667,0.17309556541666668,6.6357216995447645
5286543,2026-04-09 10:46:36,6964.0,2026-04-09 12:42:40,2026-04-09 20:22:32,27592.0,cn059,059,96,8,1373333.3333333333,0.3814814814814815,57,260.93333333333334,0.26093333333333335,5192995.833333333,1.4424988425925924,82.22243402777777,0.08222243402777776,3.781307645631068
5287084,2026-04-09 11:32:01,4249.0,2026-04-09 12:42:50,2026-04-09 12:47:30,280.0,cn515,515,96,1,1357.7083333333333,0.0003771412037037037,57,2.0637166666666666,0.0020637166666666665,130311.0,0.0361975,2.0632575,0.0020632575000000004,95.97864047874789
5287080,2026-04-09 11:31:55,4255.0,2026-04-09 12:42:50,2026-04-09 12:48:40,350.0,cn022,022,96,1,2093.958333333333,0.0005816550925925925,57,3.1828166666666666,0.0031828166666666665,207243.0,0.0575675,3.2813475,0.0032813474999999997,98.97188339468711
5287081,2026-04-09 11:31:56,4254.0,2026-04-09 12:42:50,2026-04-09 12:46:30,220.0,cn079,079,96,1,1371.3541666666665,0.0003809317129629629,57,2.0844583333333335,0.0020844583333333336,123852.0,0.034403333333333334,1.96099,0.00196099,90.3136498290923
5287082,2026-04-09 11:31:58,4252.0,2026-04-09 12:42:50,2026-04-09 12:46:33,223.0,cn105,105,96,1,1353.2291666666665,0.0003758969907407407,57,2.0569083333333333,0.0020569083333333332,133900.0,0.03719444444444445,2.1200833333333335,0.0021200833333333336,98.94850280963745
5287069,2026-04-09 11:26:53,4557.0,2026-04-09 12:42:50,2026-04-09 12:50:31,461.0,cn016,016,96,1,2975.0,0.0008263888888888889,57,4.522,0.004522,289106.0,0.08030722222222222,4.577511666666667,0.0045775116666666674,97.17848739495798
5287083,2026-04-09 11:31:59,4251.0,2026-04-09 12:42:50,2026-04-09 13:00:26,1056.0,cn297,297,96,1,5291.041666666666,0.001469733796296296,57,8.042383333333333,0.008042383333333333,169981.0,0.04721694444444444,2.6913658333333332,0.002691365833333333,32.12618813245659
5286544,2026-04-09 10:46:37,6979.0,2026-04-09 12:42:56,2026-04-09 21:26:30,31414.0,cn088,088,96,8,1571666.6666666665,0.436574074074074,57,298.6166666666667,0.2986166666666667,16694674.8,4.637409666666667,264.332351,0.264332351,10.622274528101805
5286546,2026-04-09 10:46:38,6987.0,2026-04-09 12:43:05,2026-04-09 22:08:31,33926.0,cn001,001,96,8,1696666.6666666665,0.47129629629629627,57,322.3666666666667,0.3223666666666667,6608053.75,1.835570486111111,104.62751770833333,0.10462751770833333,3.894727161100197
5286547,2026-04-09 10:46:40,6997.0,2026-04-09 12:43:17,2026-04-09 17:33:43,17426.0,cn309,309,256,8,625625.0,0.17378472222222222,57,316.98333333333335,0.31698333333333334,2781065.2873015874,0.772518135361552,44.03353371560846,0.04403353371560846,4.445259200482058
5286549,2026-04-09 10:46:41,7002.0,2026-04-09 12:43:23,2026-04-09 21:23:51,31228.0,cn103,103,96,8,1505833.3333333333,0.418287037037037,57,286.10833333333335,0.28610833333333335,6569463.0,1.8248508333333333,104.0164975,0.1040164975,4.3626760376314335
5286550,2026-04-09 10:46:42,7038.0,2026-04-09 12:44:00,2026-04-09 15:16:22,9142.0,cn318,318,256,8,350000.0,0.09722222222222222,57,177.33333333333334,0.17733333333333334,1839478.775793651,0.5109663266093475,29.125080616732806,0.029125080616732805,5.255653645124717
5286551,2026-04-09 10:46:43,7042.0,2026-04-09 12:44:05,2026-04-09 18:34:35,21030.0,cn116,116,96,8,1051666.6666666665,0.2921296296296296,57,199.81666666666666,0.19981666666666667,2741932.1745098038,0.7616478262527233,43.41392609640523,0.04341392609640523,2.6072255225132843
5286554,2026-04-09 10:46:45,7068.0,2026-04-09 12:44:33,2026-04-09 17:14:03,16170.0,cn077,077,96,8,805833.3333333333,0.22384259259259257,57,153.10833333333332,0.15310833333333332,6097433.9,1.693731638888889,96.54270341666667,0.09654270341666667,7.566619110651501
5286555,2026-04-09 10:46:46,7068.0,2026-04-09 12:44:34,2026-04-09 18:34:04,20970.0,cn096,096,96,8,1017500.0,0.2826388888888889,57,193.325,0.193325,7025143.555555556,1.951428765432099,111.23143962962965,0.11123143962962964,6.904317990717991
5286556,2026-04-09 10:46:46,7069.0,2026-04-09 12:44:35,2026-04-09 18:58:08,22413.0,cn046,046,96,8,1043333.3333333333,0.2898148148148148,57,198.23333333333335,0.19823333333333334,2471512.729525469,0.6865313137570747,39.13228488415326,0.03913228488415326,2.3688620410787244
5286557,2026-04-09 10:46:47,7091.0,2026-04-09 12:44:58,2026-04-09 18:25:43,20445.0,cn012,012,96,8,1005833.3333333333,0.2793981481481481,57,191.10833333333335,0.19110833333333335,3826077.230487805,1.062799230691057,60.57955614939025,0.06057955614939025,3.803887884494918
5286558,2026-04-09 10:46:48,7092.0,2026-04-09 12:45:00,2026-04-09 19:13:52,23332.0,cn503,503,96,8,909166.6666666666,0.25254629629629627,57,172.74166666666667,0.17274166666666668,2646927.216666667,0.7352575601851852,41.90968093055555,0.041909680930555554,2.9113773235563705
5286559,2026-04-09 10:46:49,7097.0,2026-04-09 12:45:06,2026-04-09 19:50:36,25530.0,cn020,020,96,8,1260000.0,0.35,57,239.4,0.2394,0.0,0.0,0.0,0.0,0.0
5286561,2026-04-09 10:46:51,7109.0,2026-04-09 12:45:20,2026-04-09 18:43:09,21469.0,cn073,073,96,8,1074166.6666666665,0.2983796296296296,57,204.09166666666667,0.20409166666666667,3805987.678557064,1.0572187995991844,60.261471577153515,0.060261471577153516,3.5432003213874923
5286457,2026-04-09 10:31:39,8032.0,2026-04-09 12:45:31,2026-04-09 12:49:07,216.0,cn296,296,96,1,1091.25,0.000303125,57,1.6587,0.0016587000000000001,34872.0,0.009686666666666666,0.55214,0.00055214,31.956013745704468
5286388,2026-04-09 10:25:36,8395.0,2026-04-09 12:45:31,2026-04-09 13:36:07,3036.0,cn296,296,96,2,32500.0,0.009027777777777777,57,24.7,0.0247,1276105.3333333333,0.3544737037037037,20.20500111111111,0.02020500111111111,39.26477948717948
5286562,2026-04-09 10:46:51,7136.0,2026-04-09 12:45:47,2026-04-09 18:55:32,22185.0,cn062,062,96,8,1065000.0,0.29583333333333334,57,202.35,0.20235,5662491.928571428,1.5729144246031745,89.65612220238094,0.08965612220238094,5.316893829644534
5286564,2026-04-09 10:46:52,7138.0,2026-04-09 12:45:50,2026-04-09 20:04:26,26316.0,cn546,546,96,8,1056666.6666666665,0.29351851851851846,57,200.76666666666665,0.20076666666666665,3041199.1666666665,0.8447775462962962,48.15232013888888,0.048152320138888885,2.878106466876972
5286565,2026-04-09 10:46:52,7141.0,2026-04-09 12:45:53,2026-04-09 19:10:25,23072.0,cn097,097,96,8,1155833.3333333333,0.3210648148148148,57,219.60833333333335,0.21960833333333335,7940098.970588235,2.205583047385621,125.7182337009804,0.1257182337009804,6.869588150472879
5286566,2026-04-09 10:46:54,7149.0,2026-04-09 12:46:03,2026-04-09 19:54:44,25721.0,cn294,294,96,8,1040833.3333333333,0.28912037037037036,57,197.75833333333333,0.1977583333333333,3624733.960809452,1.0068705446692923,57.39162104614966,0.05739162104614966,3.482530626878577
5286569,2026-04-09 10:46:55,7156.0,2026-04-09 12:46:11,2026-04-09 15:47:31,10880.0,cn319,319,256,8,419687.5,0.11657986111111111,57,212.64166666666668,0.21264166666666667,1255182.207847708,0.3486617244021411,19.873718290922042,0.019873718290922042,2.9907543299424164
5286571,2026-04-09 10:46:58,7158.0,2026-04-09 12:46:16,2026-04-09 18:44:10,21474.0,cn532,532,96,8,849166.6666666666,0.2358796296296296,57,161.34166666666667,0.16134166666666666,2056534.1475609755,0.5712594854336043,32.56179066971544,0.03256179066971544,2.4218262777950645
5286573,2026-04-09 10:46:58,7166.0,2026-04-09 12:46:24,2026-04-09 18:21:55,20131.0,cn069,069,96,8,946666.6666666666,0.26296296296296295,57,179.86666666666667,0.17986666666666667,4069515.8333333335,1.130421064814815,64.43400069444445,0.06443400069444445,4.2987843309859155
5287115,2026-04-09 11:32:51,4434.0,2026-04-09 12:46:45,2026-04-09 12:51:23,278.0,cn079,079,96,1,1737.5,0.0004826388888888889,57,2.641,0.002641,162437.5,0.04512152777777778,2.5719270833333336,0.0025719270833333336,93.48920863309353
5287143,2026-04-09 11:35:40,4265.0,2026-04-09 12:46:45,2026-04-09 12:50:30,225.0,cn105,105,96,1,1399.7916666666665,0.0003888310185185185,57,2.1276833333333336,0.0021276833333333336,135354.0,0.03759833333333333,2.143105,0.0021431049999999997,96.69581783003424
5286574,2026-04-09 10:46:59,7204.0,2026-04-09 12:47:03,2026-04-09 15:53:35,11192.0,cn118,118,96,8,563333.3333333333,0.15648148148148147,57,107.03333333333333,0.10703333333333333,2272379.234848485,0.6312164541245792,35.97933788510101,0.03597933788510101,4.033809292630447
5286575,2026-04-09 10:47:01,7224.0,2026-04-09 12:47:25,2026-04-09 14:28:13,6048.0,cn073,073,96,8,303333.3333333333,0.08425925925925926,57,57.63333333333333,0.057633333333333335,970228.4833333333,0.269507912037037,15.36195098611111,0.015361950986111109,3.1985554395604394
5286576,2026-04-09 10:47:02,7238.0,2026-04-09 12:47:40,2026-04-09 19:25:11,23851.0,cn078,078,96,8,1170000.0,0.325,57,222.29999999999998,0.22229999999999997,5927892.666666667,1.646636851851852,93.85830055555556,0.09385830055555557,5.066574928774929
5286577,2026-04-09 10:47:03,7265.0,2026-04-09 12:48:08,2026-04-09 19:10:53,22965.0,cn034,034,96,8,1104166.6666666665,0.3067129629629629,57,209.79166666666666,0.20979166666666665,4606550.37962963,1.279597327674897,72.93704767746914,0.07293704767746914,4.171970155136269
5286578,2026-04-09 10:47:05,7265.0,2026-04-09 12:48:10,2026-04-09 16:10:37,12147.0,cn308,308,256,8,466875.0,0.1296875,57,236.55,0.23655,2132027.636111111,0.5922298989197531,33.757104238425924,0.03375710423842592,4.566591991670385
5286579,2026-04-09 10:47:06,7295.0,2026-04-09 12:48:41,2026-04-09 20:07:11,26310.0,cn033,033,96,8,1263333.3333333333,0.3509259259259259,57,240.03333333333333,0.24003333333333332,4421100.246857718,1.2280834019049216,70.00075390858053,0.07000075390858053,3.4995516465892225
5286580,2026-04-09 10:47:07,7317.0,2026-04-09 12:49:04,2026-04-09 21:19:54,30650.0,cn101,101,96,8,1471666.6666666665,0.40879629629629627,57,279.6166666666667,0.2796166666666667,4781400.740820943,1.328166872450262,75.70551172966493,0.07570551172966493,3.248969925812646
5286581,2026-04-09 10:47:09,7318.0,2026-04-09 12:49:07,2026-04-09 19:45:53,25006.0,cn106,106,96,8,1214166.6666666665,0.33726851851851847,57,230.6916666666667,0.23069166666666668,5111366.397435897,1.4198239992877493,80.92996795940171,0.0809299679594017,4.209773285465393
5286582,2026-04-09 10:47:10,7328.0,2026-04-09 12:49:18,2026-04-09 16:14:54,12336.0,cn546,546,96,8,495000.0,0.1375,57,94.05,0.09405,1335700.25,0.3710278472222222,21.148587291666665,0.021148587291666666,2.6983843434343435
5286583,2026-04-09 10:47:11,7355.0,2026-04-09 12:49:46,2026-04-09 18:56:16,21990.0,cn053,053,96,8,1094166.6666666665,0.30393518518518514,57,207.89166666666665,0.20789166666666664,2913344.55007215,0.8092623750200416,46.127955376142374,0.04612795537614237,2.662614973409429
5286584,2026-04-09 10:47:13,7353.0,2026-04-09 12:49:46,2026-04-09 15:19:14,8968.0,cn304,304,256,8,348750.0,0.096875,57,176.70000000000002,0.17670000000000002,1117383.4826368077,0.3103843007324466,17.691905141749455,0.017691905141749457,3.2039669753026745
5286585,2026-04-09 10:47:14,7352.0,2026-04-09 12:49:46,2026-04-09 17:55:40,18354.0,cn114,114,96,8,880833.3333333333,0.2446759259259259,57,167.35833333333332,0.16735833333333333,3021412.2575757573,0.8392811826599326,47.83902741161616,0.04783902741161616,3.4301747484303777
5286586,2026-04-09 10:47:16,7368.0,2026-04-09 12:50:04,2026-04-09 18:52:39,21755.0,cn081,081,96,8,1064166.6666666665,0.2956018518518518,57,202.19166666666666,0.20219166666666666,3600202.475609756,1.0000562432249323,57.00320586382114,0.057003205863821134,3.3831190060545873
5286484,2026-04-09 10:37:31,7965.0,2026-04-09 12:50:16,2026-04-09 12:53:51,215.0,cn296,296,96,1,1091.3541666666665,0.00030315393518518517,57,1.6588583333333333,0.0016588583333333334,34878.0,0.009688333333333334,0.552235,0.000552235,31.958461391619743
5286587,2026-04-09 10:47:17,7389.0,2026-04-09 12:50:26,2026-04-09 18:41:14,21048.0,cn035,035,96,8,1050000.0,0.2916666666666667,57,199.5,0.1995,0.0,0.0,0.0,0.0,0.0
5286588,2026-04-09 10:47:19,7412.0,2026-04-09 12:50:51,2026-04-09 21:26:28,30937.0,cn526,526,96,8,1192500.0,0.33125,57,226.57500000000002,0.22657500000000003,12290427.8,3.4140077222222223,194.59844016666668,0.19459844016666666,10.306438406708596
5286589,2026-04-09 10:47:20,7411.0,2026-04-09 12:50:51,2026-04-09 19:55:23,25472.0,cn082,082,96,8,1224166.6666666665,0.34004629629629624,57,232.59166666666667,0.23259166666666667,5292584.0,1.4701622222222221,83.79924666666666,0.08379924666666666,4.323417835262084
5286499,2026-04-09 10:41:10,7844.0,2026-04-09 12:51:54,2026-04-09 12:55:28,214.0,cn294,294,96,1,1086.25,0.00030173611111111113,57,1.6511,0.0016511,9326.212121212122,0.0025906144781144783,0.14766502525252526,0.00014766502525252525,8.585695853820136
5286590,2026-04-09 10:47:21,7478.0,2026-04-09 12:51:59,2026-04-09 20:49:31,28652.0,cn040,040,96,8,1435833.3333333333,0.3988425925925926,57,272.80833333333334,0.2728083333333333,0.0,0.0,0.0,0.0,0.0
5286591,2026-04-09 10:47:23,7480.0,2026-04-09 12:52:03,2026-04-09 20:17:37,26734.0,cn011,011,96,8,1283333.3333333333,0.35648148148148145,57,243.83333333333331,0.24383333333333332,2981519.566666667,0.8281998796296297,47.2073931388889,0.047207393138888894,2.323262
5286592,2026-04-09 10:47:24,7525.0,2026-04-09 12:52:49,2026-04-09 19:35:40,24171.0,cn098,098,96,8,1210833.3333333333,0.3363425925925926,57,230.05833333333334,0.23005833333333334,4470132.295454546,1.2417034154040405,70.77709467803031,0.07077709467803031,3.6917816617656265
5286593,2026-04-09 10:47:26,7533.0,2026-04-09 12:52:59,2026-04-09 20:00:33,25654.0,cn082,082,96,8,1232500.0,0.3423611111111111,57,234.175,0.23417500000000002,5409856.0,1.5027377777777777,85.65605333333333,0.08565605333333333,4.389335496957403
5286594,2026-04-09 10:47:27,7559.0,2026-04-09 12:53:26,2026-04-09 16:45:09,13903.0,cn321,321,256,8,535625.0,0.14878472222222222,57,271.3833333333333,0.2713833333333333,1689162.0523226773,0.4692116812007437,26.74506582844239,0.02674506582844239,3.153628102352723
5286595,2026-04-09 10:47:30,7556.0,2026-04-09 12:53:26,2026-04-09 17:34:05,16839.0,cn307,307,256,8,610000.0,0.16944444444444445,57,309.06666666666666,0.30906666666666666,1642622.7776612276,0.45628410490589655,26.008193979636104,0.026008193979636104,2.6928242256741437
5286597,2026-04-09 10:47:32,7559.0,2026-04-09 12:53:31,2026-04-09 20:14:00,26429.0,cn014,014,96,8,1244166.6666666665,0.3456018518518518,57,236.39166666666665,0.23639166666666664,7119936.454248366,1.9777601261801017,112.7323271922658,0.1127323271922658,5.7226548862009645
5286598,2026-04-09 10:47:34,7569.0,2026-04-09 12:53:43,2026-04-09 20:40:13,27990.0,cn102,102,96,8,1372499.9999999998,0.3812499999999999,57,260.775,0.260775,5121990.416666667,1.422775115740741,81.09818159722224,0.08109818159722224,3.731869156041288
5286599,2026-04-09 10:47:35,7577.0,2026-04-09 12:53:52,2026-04-09 21:25:43,30711.0,cn545,545,96,8,1211666.6666666665,0.336574074074074,57,230.21666666666667,0.23021666666666668,3953444.4166666665,1.0981790046296296,62.59620326388889,0.06259620326388889,3.262815199449794
5286596,2026-04-09 10:47:31,7602.0,2026-04-09 12:54:13,2026-04-09 12:57:48,215.0,cn296,296,96,1,1086.25,0.00030173611111111113,57,1.6511,0.0016511,34830.0,0.009675,0.5514749999999999,0.000551475,32.0644418872267
5286600,2026-04-09 10:47:36,7605.0,2026-04-09 12:54:21,2026-04-09 20:09:53,26132.0,cn032,032,96,8,1315000.0,0.36527777777777776,57,249.85000000000002,0.24985000000000002,3599584.108047574,0.9998844744576594,56.99341504408658,0.05699341504408658,2.7373263179069003
5286601,2026-04-09 10:47:38,7622.0,2026-04-09 12:54:40,2026-04-09 17:19:07,15867.0,cn316,316,256,8,572187.5,0.15894097222222223,57,289.90833333333336,0.2899083333333334,2626277.4783910536,0.7295215217752927,41.582726741191685,0.041582726741191685,4.589889640006211
5286602,2026-04-09 10:47:39,7685.0,2026-04-09 12:55:44,2026-04-09 20:33:19,27455.0,cn036,036,96,8,1317500.0,0.3659722222222222,57,250.325,0.25032499999999996,7287826.166666667,2.0243961574074074,115.39058097222222,0.11539058097222223,5.531556862745099
5286663,2026-04-09 10:53:26,7354.0,2026-04-09 12:56:00,2026-04-09 12:59:35,215.0,cn294,294,96,1,1161.4583333333333,0.0003226273148148148,57,1.7654166666666669,0.0017654166666666669,9907.045454545454,0.0027519570707070706,0.15686155303030302,0.00015686155303030303,8.529832857725234
5286603,2026-04-09 10:47:41,7744.0,2026-04-09 12:56:45,2026-04-09 20:48:41,28316.0,cn548,548,96,8,1110833.3333333333,0.3085648148148148,57,211.05833333333334,0.21105833333333335,3458123.9166666665,0.9605899768518518,54.75362868055555,0.05475362868055555,3.1130897974493625
5286604,2026-04-09 10:47:42,7751.0,2026-04-09 12:56:53,2026-04-09 19:00:23,21810.0,cn086,086,96,8,1090000.0,0.30277777777777776,57,207.1,0.2071,3324146.3634920637,0.9233739898589066,52.63231742195768,0.05263231742195768,3.0496755628367556
5286605,2026-04-09 10:47:43,7778.0,2026-04-09 12:57:21,2026-04-09 19:15:57,22716.0,cn114,114,96,8,1090000.0,0.30277777777777776,57,207.1,0.2071,3654713.883030303,1.015198300841751,57.8663031479798,0.057866303147979796,3.352948516541562
5286606,2026-04-09 10:47:44,7784.0,2026-04-09 12:57:28,2026-04-09 19:45:59,24511.0,cn045,045,96,8,1214166.6666666665,0.33726851851851847,57,230.6916666666667,0.23069166666666668,6186452.577777778,1.718459049382716,97.95216581481482,0.09795216581481482,5.095225184168383
5286607,2026-04-09 10:47:46,7784.0,2026-04-09 12:57:30,2026-04-09 16:40:50,13400.0,cn301,301,256,8,505000.0,0.14027777777777778,57,255.86666666666667,0.2558666666666667,1949763.8781746032,0.5416010772707232,30.87126140443122,0.030871261404431218,3.8609185706427787
5286608,2026-04-09 10:47:47,7804.0,2026-04-09 12:57:51,2026-04-09 19:50:22,24751.0,cn072,072,96,8,1265000.0,0.35138888888888886,57,240.35,0.24035,3243715.433333333,0.9010320648148148,51.35882769444444,0.05135882769444444,2.5642019235836626
5286609,2026-04-09 10:47:48,7814.0,2026-04-09 12:58:02,2026-04-09 19:38:33,24031.0,cn115,115,96,8,1154166.6666666665,0.3206018518518518,57,219.29166666666669,0.2192916666666667,3280636.2464462947,0.9112878462350819,51.94340723539967,0.05194340723539967,2.8424285167765735
5286610,2026-04-09 10:47:50,7817.0,2026-04-09 12:58:07,2026-04-09 16:29:31,12684.0,cn308,308,256,8,487187.5,0.13532986111111112,57,246.84166666666667,0.24684166666666668,2416134.6027777777,0.6711485007716049,38.25546454398148,0.03825546454398148,4.959352616349512
5286611,2026-04-09 10:47:51,7822.0,2026-04-09 12:58:13,2026-04-09 17:13:03,15290.0,cn312,312,256,8,537812.5,0.14939236111111112,57,272.4916666666667,0.2724916666666667,1571215.8335470085,0.4364488426519468,24.877584031160968,0.024877584031160967,2.9214937056074533
5286698,2026-04-09 10:55:46,7350.0,2026-04-09 12:58:16,2026-04-09 13:01:52,216.0,cn296,296,96,1,1086.25,0.00030173611111111113,57,1.6511,0.0016511,34983.666666666664,0.009717685185185185,0.5539080555555556,0.0005539080555555556,32.20590717299578
5286613,2026-04-09 10:47:54,7832.0,2026-04-09 12:58:26,2026-04-09 20:29:01,27035.0,cn515,515,96,8,1048333.3333333333,0.2912037037037037,57,199.18333333333334,0.19918333333333332,4302514.58974359,1.1951429415954418,68.12314767094018,0.06812314767094019,4.104147462394522
5286614,2026-04-09 10:47:56,7830.0,2026-04-09 12:58:26,2026-04-09 16:59:56,14490.0,cn306,306,256,8,551562.5,0.15321180555555555,57,279.4583333333333,0.2794583333333333,1641189.0782328781,0.4558858550646884,25.985493738687236,0.025985493738687235,2.9755269407055014
5286616,2026-04-09 10:47:59,7837.0,2026-04-09 12:58:36,2026-04-09 20:31:09,27153.0,cn047,047,96,8,1302500.0,0.36180555555555555,57,247.475,0.247475,4782952.656245062,1.3285979600680728,75.73008372388016,0.07573008372388015,3.672132557577783
5286617,2026-04-09 10:48:00,7837.0,2026-04-09 12:58:37,2026-04-09 18:45:26,20809.0,cn087,087,96,8,999166.6666666666,0.2775462962962963,57,189.84166666666667,0.18984166666666666,4617828.444444444,1.28273012345679,73.11561703703703,0.07311561703703702,4.6216798443147065
5286618,2026-04-09 10:48:03,7855.0,2026-04-09 12:58:58,2026-04-09 15:08:22,7764.0,cn316,316,256,8,295000.0,0.08194444444444444,57,149.46666666666667,0.14946666666666666,882366.928030303,0.24510192445286194,13.97080969381313,0.013970809693813131,2.9910743323061117
5286619,2026-04-09 10:48:03,7865.0,2026-04-09 12:59:08,2026-04-09 19:33:39,23671.0,cn084,084,96,8,1140833.3333333333,0.31689814814814815,57,216.75833333333333,0.21675833333333333,4091263.8714285716,1.1364621865079365,64.77834463095238,0.06477834463095238,3.5862064614421376
5286620,2026-04-09 10:48:04,7887.0,2026-04-09 12:59:31,2026-04-09 17:55:01,17730.0,cn089,089,96,8,895000.0,0.24861111111111112,57,170.05,0.17005,3806737.1923076925,1.057426997863248,60.27333887820514,0.060273338878205136,4.253337645036528
5286621,2026-04-09 10:48:05,7901.0,2026-04-09 12:59:46,2026-04-09 19:18:14,22708.0,cn525,525,96,8,884166.6666666666,0.24560185185185185,57,167.99166666666667,0.16799166666666668,2140756.269047619,0.5946545191798941,33.89530759325396,0.03389530759325396,2.4212134993941024
5286754,2026-04-09 11:01:39,7097.0,2026-04-09 12:59:56,2026-04-09 13:03:31,215.0,cn294,294,96,1,1268.0208333333333,0.0003522280092592592,57,1.9273916666666666,0.0019273916666666666,12141.863636363638,0.0033727398989898995,0.19224617424242427,0.00019224617424242426,9.575444911615126
5286622,2026-04-09 10:48:07,7910.0,2026-04-09 12:59:57,2026-04-09 18:18:27,19110.0,cn042,042,96,8,952500.0,0.26458333333333334,57,180.975,0.180975,4133466.185185185,1.1481850514403291,65.44654793209875,0.06544654793209875,4.339597044813843
5286623,2026-04-09 10:48:08,7913.0,2026-04-09 13:00:01,2026-04-09 16:16:24,11783.0,cn303,303,256,8,423437.5,0.11762152777777778,61,229.59722222222223,0.22959722222222223,1216215.5845571095,0.3378376623769749,20.60809740499547,0.02060809740499547,2.8722434469245393
5286624,2026-04-09 10:48:10,7932.0,2026-04-09 13:00:22,2026-04-09 20:44:58,27876.0,cn507,507,96,8,1105000.0,0.30694444444444446,61,224.6833333333333,0.22468333333333332,3261748.6785714286,0.9060412996031746,55.26851927579365,0.055268519275793654,2.9518087588881707
5286625,2026-04-09 10:48:18,7931.0,2026-04-09 13:00:29,2026-04-09 16:49:07,13718.0,cn301,301,256,8,516875.0,0.14357638888888888,61,280.26111111111106,0.28026111111111107,1977006.7115079365,0.5491685309744267,33.49928038944003,0.03349928038944003,3.824922295541352
5286626,2026-04-09 10:48:19,7944.0,2026-04-09 13:00:43,2026-04-09 15:34:06,9203.0,cn306,306,256,8,350937.5,0.09748263888888889,61,190.28611111111113,0.19028611111111113,922179.3243256743,0.2561609234237984,15.625816328851704,0.015625816328851704,2.627759428176454
5286627,2026-04-09 10:48:21,7963.0,2026-04-09 13:01:04,2026-04-09 17:38:33,16649.0,cn307,307,256,8,608125.0,0.16892361111111112,61,329.73888888888894,0.3297388888888889,1642683.610994561,0.45630100305404475,27.83436118629673,0.02783436118629673,2.7012269039992782
5286628,2026-04-09 10:48:22,7983.0,2026-04-09 13:01:25,2026-04-09 22:53:08,35503.0,cn528,528,96,8,1375833.3333333335,0.382175925925926,61,279.7527777777778,0.2797527777777778,3833927.063895048,1.0649797399708467,64.96376413822165,0.06496376413822165,2.7866217302689624
5286629,2026-04-09 10:48:24,7985.0,2026-04-09 13:01:29,2026-04-09 19:50:52,24563.0,cn001,001,96,8,1228333.3333333333,0.3412037037037037,61,249.7611111111111,0.2497611111111111,4240028.083333333,1.1777855787037037,71.84492030092592,0.07184492030092592,3.4518546132971504
5286630,2026-04-09 10:48:25,7999.0,2026-04-09 13:01:44,2026-04-09 21:31:18,30574.0,cn507,507,96,8,1210833.3333333333,0.3363425925925926,61,246.20277777777778,0.24620277777777777,3614047.6277777776,1.0039021188271604,61.23802924845678,0.06123802924845678,2.984760601055288
5286631,2026-04-09 10:48:27,8001.0,2026-04-09 13:01:48,2026-04-09 17:37:29,16541.0,cn320,320,256,8,605937.5,0.16831597222222222,61,328.55277777777775,0.32855277777777775,1594524.4837472984,0.4429234677075829,27.018331530162556,0.027018331530162556,2.631499921604618
5286638,2026-04-09 10:52:53,7752.0,2026-04-09 13:02:05,2026-04-09 19:30:39,23314.0,cn026,026,96,8,1115000.0,0.30972222222222223,61,226.71666666666667,0.22671666666666668,5284484.335686275,1.4679123154684097,89.54265124357299,0.089542651243573,4.739447834696211
5286864,2026-04-09 11:08:20,6837.0,2026-04-09 13:02:17,2026-04-09 13:05:54,217.0,cn296,296,96,1,1336.9791666666665,0.0003713831018518518,61,2.174819444444444,0.002174819444444444,35081.666666666664,0.009744907407407407,0.5944393518518518,0.0005944393518518518,26.239501363459294
5286639,2026-04-09 10:52:54,7814.0,2026-04-09 13:03:08,2026-04-09 13:06:41,213.0,cn046,046,96,8,9798.333333333332,0.002721759259259259,61,1.992327777777778,0.001992327777777778,30109.9,0.008363861111111112,0.5101955277777778,0.0005101955277777777,3.0729613879911555
5286640,2026-04-09 10:52:55,7814.0,2026-04-09 13:03:09,2026-04-09 16:37:32,12863.0,cn314,314,256,8,491250.0,0.13645833333333332,61,266.3666666666666,0.26636666666666664,2256245.753174603,0.6267349314373897,38.23083081768077,0.03823083081768077,4.592866673128963
5286641,2026-04-09 10:52:57,7817.0,2026-04-09 13:03:14,2026-04-09 20:46:49,27815.0,cn061,061,96,8,1384166.6666666665,0.3844907407407407,61,281.44722222222225,0.28144722222222224,16795491.0,4.665414166666666,284.59026416666666,0.28459026416666666,12.134009151113789
5286642,2026-04-09 10:52:58,7821.0,2026-04-09 13:03:19,2026-04-09 20:03:02,25183.0,cn107,107,96,8,1229166.6666666665,0.3414351851851851,61,249.93055555555557,0.24993055555555557,6194845.056410257,1.7207902934472936,104.96820790028491,0.10496820790028491,5.039873944198176
5286643,2026-04-09 10:52:59,7824.0,2026-04-09 13:03:23,2026-04-09 19:50:05,24402.0,cn048,048,96,8,1163333.3333333333,0.32314814814814813,61,236.54444444444445,0.23654444444444445,7233943.631578947,2.009428786549708,122.57515597953217,0.12257515597953217,6.2182896546523905
5286644,2026-04-09 10:53:01,7834.0,2026-04-09 13:03:35,2026-04-09 20:51:07,28052.0,cn038,038,96,8,1308333.3333333333,0.36342592592592593,61,266.02777777777777,0.26602777777777775,4709705.804260249,1.3082516122945136,79.80334834996533,0.07980334834996533,3.5997751370142033
5286645,2026-04-09 10:53:02,7836.0,2026-04-09 13:03:38,2026-04-09 19:42:21,23923.0,cn008,008,96,8,1148333.3333333333,0.3189814814814815,61,233.49444444444447,0.23349444444444448,4447443.076923077,1.2354008547008548,75.35945213675214,0.07535945213675214,3.8729547839678466
5286646,2026-04-09 10:53:03,7840.0,2026-04-09 13:03:43,2026-04-09 19:03:16,21573.0,cn075,075,96,8,1068333.3333333333,0.2967592592592592,61,217.22777777777776,0.21722777777777777,3358875.181372549,0.9330208837145969,56.91427390659041,0.05691427390659041,3.1440329310819495
5286647,2026-04-09 10:53:05,7849.0,2026-04-09 13:03:54,2026-04-09 16:52:35,13721.0,cn309,309,256,8,506250.0,0.140625,61,274.5,0.2745,2018116.8178571428,0.5605880049603175,34.19586830257936,0.03419586830257936,3.986403590828924
5286923,2026-04-09 11:11:51,6734.0,2026-04-09 13:04:05,2026-04-09 13:07:39,214.0,cn294,294,96,1,1068.8541666666665,0.00029690393518518515,61,1.7386694444444444,0.0017386694444444443,9373.128787878788,0.0026036468855218857,0.15882246001683503,0.00015882246001683504,8.76932427284245
5286648,2026-04-09 10:53:06,7860.0,2026-04-09 13:04:06,2026-04-09 19:20:37,22591.0,cn101,101,96,8,1085000.0,0.3013888888888889,61,220.61666666666667,0.22061666666666668,2817687.5785714285,0.782690994047619,47.744150636904756,0.04774415063690476,2.596947077024358
5286649,2026-04-09 10:53:07,7870.0,2026-04-09 13:04:17,2026-04-09 17:20:41,15384.0,cn301,301,256,8,578437.5,0.16067708333333333,61,313.64166666666665,0.31364166666666665,2360456.1615079367,0.655682267085538,39.99661829221782,0.03999661829221782,4.080745389965099
5286650,2026-04-09 10:53:08,7871.0,2026-04-09 13:04:19,2026-04-09 19:44:15,23996.0,cn019,019,96,8,1166666.6666666665,0.324074074074074,61,237.22222222222223,0.23722222222222222,3076477.5703252032,0.8545771028681121,52.12920327495483,0.052129203274954836,2.6369807745644605
5286651,2026-04-09 10:53:09,7896.0,2026-04-09 13:04:45,2026-04-09 19:57:16,24751.0,cn038,038,96,8,1156666.6666666665,0.32129629629629625,61,235.1888888888889,0.2351888888888889,3811514.7619073084,1.0587541005298078,64.58400013231828,0.06458400013231828,3.295257719228221
5286652,2026-04-09 10:53:11,7897.0,2026-04-09 13:04:48,2026-04-09 15:59:21,10473.0,cn305,305,256,8,402187.5,0.11171875,61,218.07500000000002,0.21807500000000002,1327690.7647907648,0.3688029902196569,22.49698240339907,0.02249698240339907,3.301173618749376
5286653,2026-04-09 10:53:12,7915.0,2026-04-09 13:05:07,2026-04-09 18:09:36,18269.0,cn040,040,96,8,916666.6666666666,0.2546296296296296,61,186.38888888888889,0.18638888888888888,0.0,0.0,0.0,0.0,0.0
5286654,2026-04-09 10:53:14,7936.0,2026-04-09 13:05:30,2026-04-09 19:26:05,22835.0,cn504,504,96,8,893333.3333333333,0.24814814814814812,61,181.64444444444445,0.18164444444444444,5715868.166666667,1.5877411574074074,96.85221060185185,0.09685221060185185,6.398359888059702
5286655,2026-04-09 10:53:15,7960.0,2026-04-09 13:05:55,2026-04-09 19:19:36,22421.0,cn032,032,96,8,1125000.0,0.3125,61,228.75,0.22875,2637127.9602870415,0.7325355445241782,44.684668215974874,0.044684668215974874,2.3441137424773704
5286656,2026-04-09 10:53:17,7964.0,2026-04-09 13:06:01,2026-04-09 18:05:34,17973.0,cn026,026,96,8,860000.0,0.2388888888888889,61,174.86666666666667,0.17486666666666667,3761322.6533333333,1.044811848148148,63.733522737037035,0.06373352273703703,4.373630992248062
5286657,2026-04-09 10:53:18,7963.0,2026-04-09 13:06:01,2026-04-09 16:01:33,10532.0,cn301,301,256,8,397187.5,0.11032986111111111,61,215.36388888888888,0.21536388888888888,1415871.6305555555,0.39329767515432096,23.991158184413578,0.023991158184413577,3.5647436803916426
5286944,2026-04-09 11:16:36,6593.0,2026-04-09 13:06:29,2026-04-09 13:10:03,214.0,cn296,296,96,1,1264.6875,0.00035130208333333335,61,2.057225,0.0020572249999999998,47533.0,0.01320361111111111,0.8054202777777777,0.0008054202777777777,37.58477884852977
5286658,2026-04-09 10:53:19,7993.0,2026-04-09 13:06:32,2026-04-09 18:10:58,18266.0,cn073,073,96,8,914166.6666666666,0.25393518518518515,61,185.88055555555553,0.18588055555555552,3013140.071719457,0.8369833532554047,51.05598454857969,0.05105598454857969,3.296051126766954
5286659,2026-04-09 10:53:21,7996.0,2026-04-09 13:06:37,2026-04-09 19:19:08,22351.0,cn105,105,96,8,1087500.0,0.3020833333333333,61,221.125,0.221125,5093872.166666667,1.4149644907407408,86.3128339351852,0.0863128339351852,4.684020383141763
5286660,2026-04-09 10:53:22,7999.0,2026-04-09 13:06:41,2026-04-09 19:08:14,21693.0,cn046,046,96,8,1009166.6666666666,0.28032407407407406,61,205.19722222222222,0.20519722222222223,2313110.6935313814,0.6425307482031615,39.19437564039285,0.039194375640392846,2.2920997788915423
5286661,2026-04-09 10:53:24,8036.0,2026-04-09 13:07:20,2026-04-09 18:25:47,19107.0,cn044,044,96,8,949166.6666666666,0.2636574074074074,61,192.9972222222222,0.1929972222222222,4122972.7564102565,1.1452702101139602,69.86148281695158,0.06986148281695158,4.3437816573242385
5286662,2026-04-09 10:53:25,8050.0,2026-04-09 13:07:35,2026-04-09 20:49:13,27698.0,cn297,297,96,8,1152500.0,0.32013888888888886,61,234.34166666666667,0.23434166666666667,3704684.2175757578,1.0290789493265993,62.77381590892256,0.06277381590892256,3.2144765445342802
5286664,2026-04-09 10:53:28,8062.0,2026-04-09 13:07:50,2026-04-09 21:24:26,29796.0,cn505,505,96,8,1172500.0,0.32569444444444445,61,238.40833333333333,0.23840833333333333,3738531.6096525094,1.0384810026812525,63.34734116355641,0.0633473411635564,3.1885130999168525
5286665,2026-04-09 10:53:29,8065.0,2026-04-09 13:07:54,2026-04-09 21:44:27,30993.0,cn071,071,96,8,1530000.0,0.425,61,311.09999999999997,0.3111,7335841.050980392,2.037733625272331,124.30175114161219,0.12430175114161218,4.794667353581955
5286666,2026-04-09 10:53:31,8078.0,2026-04-09 13:08:09,2026-04-09 16:24:39,11790.0,cn301,301,256,8,444687.5,0.12352430555555556,61,241.11944444444447,0.24111944444444447,1599382.184126984,0.44427282892416226,27.1006425643739,0.0271006425643739,3.59664300014501
5286667,2026-04-09 10:53:32,8080.0,2026-04-09 13:08:12,2026-04-09 21:45:52,31060.0,cn546,546,96,8,1246666.6666666665,0.34629629629629627,61,253.4888888888889,0.25348888888888893,3784994.0833333335,1.0513872453703703,64.1346219675926,0.06413462196759259,3.036091510695188
5286668,2026-04-09 10:53:34,8093.0,2026-04-09 13:08:27,2026-04-09 20:40:08,27101.0,cn536,536,96,8,1071666.6666666665,0.29768518518518516,61,217.90555555555557,0.21790555555555557,2181688.183333333,0.6060244953703703,36.96749421759259,0.036967494217592586,2.035789906687403
5287085,2026-04-09 11:32:12,5794.0,2026-04-09 13:08:46,2026-04-09 13:12:20,214.0,cn294,294,96,1,1076.1458333333333,0.0002989293981481481,61,1.7505305555555555,0.0017505305555555555,9385.454545454546,0.002607070707070707,0.15903131313131313,0.00015903131313131313,8.721359368537765
5286669,2026-04-09 10:53:35,8118.0,2026-04-09 13:08:53,2026-04-09 13:12:30,217.0,cn535,535,96,8,8415.833333333332,0.002337731481481481,61,1.7112194444444444,0.0017112194444444445,92344.0,0.02565111111111111,1.5647177777777777,0.0015647177777777777,10.972650757500745
5286671,2026-04-09 10:53:38,8181.0,2026-04-09 13:09:59,2026-04-09 19:36:46,23207.0,cn059,059,96,8,1157500.0,0.3215277777777778,61,235.35833333333335,0.23535833333333334,3659269.8333333335,1.0164638425925927,62.004294398148154,0.062004294398148155,3.1613562275018
5286670,2026-04-09 10:53:37,8182.0,2026-04-09 13:09:59,2026-04-09 17:02:40,13961.0,cn317,317,256,8,539687.5,0.14991319444444445,61,292.6305555555556,0.2926305555555556,2159562.467063492,0.5998784630731923,36.59258624746473,0.03659258624746473,4.001505439839708
5286672,2026-04-09 10:53:40,8194.0,2026-04-09 13:10:14,2026-04-09 17:23:48,15214.0,cn307,307,256,8,559375.0,0.15538194444444445,61,303.30555555555554,0.30330555555555555,1453672.1665501166,0.40379782404169906,24.631667266543644,0.024631667266543644,2.5987435379666888
5286673,2026-04-09 10:53:41,8194.0,2026-04-09 13:10:15,2026-04-09 21:57:45,31650.0,cn050,050,96,8,1533333.3333333333,0.42592592592592593,61,311.77777777777777,0.31177777777777776,10592634.0,2.9423983333333332,179.48629833333334,0.17948629833333335,6.908239565217392
5286674,2026-04-09 10:53:49,8189.0,2026-04-09 13:10:18,2026-04-09 20:40:56,27038.0,cn067,067,96,8,1304166.6666666665,0.3622685185185185,61,265.18055555555554,0.26518055555555553,5900030.732097445,1.6388974255826236,99.97274296054005,0.09997274296054004,4.523985225889415
5286675,2026-04-09 10:53:50,8190.0,2026-04-09 13:10:20,2026-04-09 20:16:52,25592.0,cn019,019,96,8,1244166.6666666665,0.3456018518518518,61,252.98055555555555,0.25298055555555554,3159593.45428677,0.8776648484129916,53.53755575319249,0.053537555753192495,2.5395258842224546
5287154,2026-04-09 11:37:57,5558.0,2026-04-09 13:10:35,2026-04-09 13:14:11,216.0,cn296,296,96,1,1086.25,0.00030173611111111113,61,1.7669666666666668,0.0017669666666666668,34905.333333333336,0.009695925925925927,0.5914514814814815,0.0005914514814814815,32.13379363252781
5286676,2026-04-09 10:53:52,8220.0,2026-04-09 13:10:52,2026-04-09 17:31:18,15626.0,cn321,321,256,8,601562.5,0.16710069444444445,61,326.18055555555554,0.32618055555555553,1998304.7174020424,0.5550846437227895,33.860163267090165,0.03386016326709017,3.3218571925644342
5286677,2026-04-09 10:53:54,8221.0,2026-04-09 13:10:55,2026-04-09 13:14:32,217.0,cn528,528,96,8,8771.666666666666,0.002436574074074074,61,1.7835722222222221,0.0017835722222222222,32874.833333333336,0.00913189814814815,0.5570457870370371,0.0005570457870370371,3.7478434353030594
5286678,2026-04-09 10:53:55,8226.0,2026-04-09 13:11:01,2026-04-09 23:17:52,36411.0,cn087,087,96,8,1747500.0,0.48541666666666666,61,355.325,0.355325,12038097.644444445,3.3439160123456793,203.97887675308644,0.20397887675308643,6.888754016849468
5286679,2026-04-09 10:53:56,8234.0,2026-04-09 13:11:10,2026-04-09 13:14:43,213.0,cn110,110,96,8,10650.0,0.002958333333333333,61,2.1654999999999998,0.0021655,60230.0,0.016730555555555554,1.0205638888888888,0.0010205638888888889,5.655399061032864
5286680,2026-04-09 10:53:57,8254.0,2026-04-09 13:11:31,2026-04-09 23:48:25,38214.0,cn536,536,96,8,1505000.0,0.41805555555555557,61,306.01666666666665,0.30601666666666666,3616004.433333333,1.004445675925926,61.27118623148148,0.06127118623148148,2.4026607530454043
5286681,2026-04-09 10:53:58,8256.0,2026-04-09 13:11:34,2026-04-09 22:48:09,34595.0,cn534,534,96,8,1342500.0,0.3729166666666667,61,272.97499999999997,0.27297499999999997,3333084.4185513672,0.9258567829309353,56.47726375878705,0.056477263758787054,2.482744445848318
5286682,2026-04-09 10:54:00,8286.0,2026-04-09 13:12:06,2026-04-09 17:02:27,13821.0,cn316,316,256,8,494062.5,0.13723958333333333,61,267.89166666666665,0.26789166666666664,1866478.2502164503,0.5184661806156806,31.62643701755652,0.03162643701755652,3.7778180902546747
5286683,2026-04-09 10:54:01,8293.0,2026-04-09 13:12:14,2026-04-09 17:19:34,14840.0,cn320,320,256,8,540625.0,0.1501736111111111,61,293.13888888888886,0.29313888888888884,1339837.051387991,0.3721769587188864,22.70279448185207,0.02270279448185207,2.478311308925764
5286684,2026-04-09 10:54:02,8308.0,2026-04-09 13:12:30,2026-04-09 21:03:24,28254.0,cn535,535,96,8,1110000.0,0.30833333333333335,61,225.70000000000002,0.2257,3931788.75,1.0921635416666666,66.62197604166667,0.06662197604166667,3.542152027027027
5286685,2026-04-09 10:54:04,8311.0,2026-04-09 13:12:35,2026-04-09 20:54:05,27690.0,cn078,078,96,8,1353333.333333333,0.37592592592592583,61,275.17777777777775,0.27517777777777774,8193802.166666667,2.2760561574074076,138.83942560185187,0.13883942560185186,6.054533620689657
5286686,2026-04-09 10:54:05,8322.0,2026-04-09 13:12:47,2026-04-09 19:58:13,24326.0,cn068,068,96,8,1168333.3333333333,0.324537037037037,61,237.5611111111111,0.2375611111111111,5650612.82051282,1.5696146723646722,95.746495014245,0.095746495014245,4.836473170196423
5286687,2026-04-09 10:54:07,8323.0,2026-04-09 13:12:50,2026-04-09 17:11:15,14305.0,cn313,313,256,8,546875.0,0.1519097222222222,61,296.52777777777777,0.2965277777777778,3794759.2285714285,1.0540997857142858,64.30008692857143,0.06430008692857143,6.938988303673469
5286688,2026-04-09 10:54:08,8338.0,2026-04-09 13:13:06,2026-04-09 17:23:42,15036.0,cn312,312,256,8,529062.5,0.14696180555555555,61,286.8694444444444,0.2868694444444444,1464563.5153651903,0.40682319871255285,24.816215121465724,0.024816215121465725,2.7682240101409388
5286689,2026-04-09 10:54:10,8343.0,2026-04-09 13:13:13,2026-04-09 20:42:40,26967.0,cn074,074,96,8,1351666.6666666665,0.37546296296296294,61,274.83888888888885,0.27483888888888885,6624616.166666667,1.8401711574074076,112.25044060185186,0.11225044060185187,4.901072379778053
5286690,2026-04-09 10:54:11,8344.0,2026-04-09 13:13:15,2026-04-09 22:08:56,32141.0,cn066,066,96,8,1549166.6666666665,0.430324074074074,61,314.9972222222222,0.3149972222222222,6705675.28670186,1.8626875796394056,113.62394235800375,0.11362394235800374,4.328569308252949
5286691,2026-04-09 10:54:12,8377.0,2026-04-09 13:13:49,2026-04-09 20:42:30,26921.0,cn015,015,96,8,1308333.3333333333,0.36342592592592593,61,266.02777777777777,0.26602777777777775,0.0,0.0,0.0,0.0,0.0
5286692,2026-04-09 10:54:14,8408.0,2026-04-09 13:14:22,2026-04-09 20:42:53,26911.0,cn019,019,96,8,1307500.0,0.36319444444444443,61,265.85833333333335,0.26585833333333336,3387283.2609534366,0.9409120169315102,57.39563303282212,0.05739563303282212,2.590656413731118
5286693,2026-04-09 10:54:15,8418.0,2026-04-09 13:14:33,2026-04-10 00:11:06,39393.0,cn528,528,96,8,1524166.6666666665,0.4233796296296296,61,309.9138888888889,0.3099138888888889,4984937.759646682,1.3847049332351895,84.46700092734656,0.08446700092734656,3.270598858160754
5286694,2026-04-09 10:54:17,8420.0,2026-04-09 13:14:37,2026-04-09 18:56:19,20502.0,cn038,038,96,8,960000.0,0.26666666666666666,61,195.20000000000002,0.1952,2979385.9940285203,0.8276072205634779,50.48404045437215,0.05048404045437215,3.103527077113042
5286695,2026-04-09 10:54:18,8425.0,2026-04-09 13:14:43,2026-04-09 20:19:16,25473.0,cn110,110,96,8,1240000.0,0.34444444444444444,61,252.13333333333335,0.2521333333333334,5448387.248452697,1.5134409023479714,92.31989504322625,0.09231989504322625,4.393860684236046
5286696,2026-04-09 10:54:19,8433.0,2026-04-09 13:14:52,2026-04-09 19:32:43,22671.0,cn099,099,96,8,1115833.3333333333,0.3099537037037037,61,226.88611111111112,0.22688611111111112,11136821.909090908,3.093561641414141,188.7072601262626,0.1887072601262626,9.98072165116437
5286697,2026-04-09 10:54:20,8434.0,2026-04-09 13:14:54,2026-04-09 20:15:26,25232.0,cn049,049,96,8,1174166.6666666665,0.32615740740740734,61,238.7472222222222,0.2387472222222222,4605403.416666667,1.279278726851852,78.03600233796297,0.07803600233796297,3.92227402413059
5286699,2026-04-09 10:55:51,8345.0,2026-04-09 13:14:56,2026-04-09 20:42:29,26853.0,cn057,057,96,8,1348333.3333333333,0.374537037037037,61,274.1611111111111,0.2741611111111111,7917856.950427351,2.199404708452042,134.16368721557456,0.13416368721557456,5.872329011441793
5286701,2026-04-09 10:55:54,8349.0,2026-04-09 13:15:03,2026-04-09 19:50:36,23733.0,cn109,109,96,8,1169166.6666666665,0.32476851851851846,61,237.73055555555555,0.23773055555555556,3680158.9166666665,1.0222663657407407,62.35824831018518,0.06235824831018518,3.147676906628653
5286700,2026-04-09 10:55:53,8350.0,2026-04-09 13:15:03,2026-04-09 20:07:31,24748.0,cn098,098,96,8,1239166.6666666665,0.34421296296296294,61,251.96388888888887,0.2519638888888889,4028785.168787879,1.1191069913299663,68.26552647112794,0.06826552647112794,3.251205247172465
5286702,2026-04-09 10:55:56,8348.0,2026-04-09 13:15:04,2026-04-09 20:32:35,26251.0,cn037,037,96,8,1259166.6666666665,0.3497685185185185,61,256.03055555555557,0.25603055555555554,3304177.544795127,0.9178270957764242,55.987452842361876,0.055987452842361875,2.624098645767143
5286703,2026-04-09 10:55:57,8350.0,2026-04-09 13:15:07,2026-04-09 21:20:41,29134.0,cn515,515,96,8,1128333.3333333333,0.3134259259259259,61,229.42777777777778,0.22942777777777779,4487072.564102564,1.2464090455840455,76.03095178062678,0.07603095178062678,3.9767260538575164
5286704,2026-04-09 10:55:59,8360.0,2026-04-09 13:15:19,2026-04-09 19:37:51,22952.0,cn082,082,96,8,1102500.0,0.30625,61,224.17499999999998,0.22417499999999999,4532714.333333333,1.2590873148148147,76.8043262037037,0.0768043262037037,4.11130551776266
5286705,2026-04-09 10:56:00,8363.0,2026-04-09 13:15:23,2026-04-09 16:51:47,12984.0,cn306,306,256,8,494687.5,0.13741319444444444,61,268.23055555555555,0.2682305555555555,1418469.207958708,0.39401922443297444,24.03517269041144,0.02403517269041144,2.867404589682796
5286706,2026-04-09 10:56:01,8369.0,2026-04-09 13:15:30,2026-04-09 16:41:13,12343.0,cn315,315,256,8,475937.5,0.1322048611111111,61,258.06388888888887,0.25806388888888887,1572447.6616411367,0.436791017122538,26.64425204447482,0.02664425204447482,3.3038952838159146
5286707,2026-04-09 10:56:03,8375.0,2026-04-09 13:15:38,2026-04-09 19:56:16,24038.0,cn503,503,96,8,936666.6666666666,0.2601851851851852,61,190.45555555555555,0.19045555555555554,2023937.8452380951,0.562204957010582,34.29450237764551,0.03429450237764551,2.160787735129639
5286708,2026-04-09 10:56:04,8381.0,2026-04-09 13:15:45,2026-04-09 19:58:15,24150.0,cn083,083,96,8,1158333.3333333333,0.32175925925925924,61,235.52777777777777,0.23552777777777778,6869431.388888889,1.9081753858024693,116.39869853395062,0.11639869853395063,5.930444364508394
5286709,2026-04-09 10:56:07,8387.0,2026-04-09 13:15:54,2026-04-09 16:49:16,12802.0,cn316,316,256,8,455312.5,0.12647569444444445,61,246.88055555555556,0.24688055555555555,1561432.2057720057,0.4337311682700016,26.457601264470096,0.026457601264470096,3.4293638012837464
5286711,2026-04-09 10:56:08,8388.0,2026-04-09 13:15:56,2026-04-09 17:30:26,15270.0,cn304,304,256,8,592187.5,0.1644965277777778,61,321.09722222222223,0.32109722222222226,1790751.4270729271,0.497430951964702,30.34328806984682,0.030343288069846822,3.023960193474072
5286710,2026-04-09 10:56:07,8389.0,2026-04-09 13:15:56,2026-04-09 19:18:21,21745.0,cn031,031,96,8,1065000.0,0.29583333333333334,61,216.54999999999998,0.21655,4597345.758119659,1.2770404883665718,77.89946979036088,0.07789946979036089,4.3167565803940455
5286712,2026-04-09 10:56:10,8388.0,2026-04-09 13:15:58,2026-04-09 20:30:32,26074.0,cn547,547,96,8,1027500.0,0.28541666666666665,61,208.92499999999998,0.20892499999999997,1806244.590300527,0.501734608416813,30.605811113425595,0.030605811113425595,1.7579022776647464
5286713,2026-04-09 10:56:11,8391.0,2026-04-09 13:16:02,2026-04-09 16:18:24,10942.0,cn315,315,256,8,421875.0,0.1171875,61,228.75,0.22875,1341059.123942724,0.37251642331742335,22.723501822362824,0.022723501822362824,3.1788068123086792
5286714,2026-04-09 10:56:13,8400.0,2026-04-09 13:16:13,2026-04-09 16:38:49,12156.0,cn302,302,256,8,466875.0,0.1296875,61,253.15000000000003,0.25315000000000004,2147439.5904761907,0.5965109973544974,36.38717083862434,0.03638717083862434,4.599602871167209
5286715,2026-04-09 10:56:14,8421.0,2026-04-09 13:16:35,2026-04-09 20:34:12,26257.0,cn533,533,96,8,1042500.0,0.28958333333333336,61,211.975,0.211975,4393045.666666667,1.220290462962963,74.43771824074074,0.07443771824074073,4.213952677857714
5286717,2026-04-09 10:56:18,8425.0,2026-04-09 13:16:43,2026-04-09 20:49:36,27173.0,cn297,297,96,8,1131666.6666666665,0.3143518518518518,61,230.10555555555555,0.23010555555555556,3502241.870909091,0.9728449641414142,59.34354281262627,0.05934354281262627,3.0947645398313033
5286716,2026-04-09 10:56:16,8427.0,2026-04-09 13:16:43,2026-04-09 19:59:20,24157.0,cn297,297,96,8,1006666.6666666666,0.2796296296296296,61,204.6888888888889,0.2046888888888889,3020208.0090909093,0.8389466691919193,51.175746820707076,0.05117574682070707,3.000206631547261
5286718,2026-04-09 10:56:19,8429.0,2026-04-09 13:16:48,2026-04-09 17:27:15,15027.0,cn320,320,256,8,547187.5,0.15199652777777778,61,296.69722222222225,0.2966972222222223,1380372.192413632,0.38343672011489777,23.389639927008762,0.02338963992700876,2.522667627483508
5286719,2026-04-09 10:56:21,8429.0,2026-04-09 13:16:50,2026-04-09 22:28:24,33094.0,cn503,503,96,8,1286666.6666666665,0.35740740740740734,61,261.6222222222222,0.2616222222222222,3025557.542971734,0.8404326508254817,51.26639170035438,0.05126639170035438,2.351469592983213
5286720,2026-04-09 10:56:22,8448.0,2026-04-09 13:17:10,2026-04-09 20:22:43,25533.0,cn084,084,96,8,1230000.0,0.3416666666666667,61,250.09999999999997,0.2501,3963885.6142857145,1.1010793373015872,67.16583957539682,0.06716583957539682,3.222671231126597
5286721,2026-04-09 10:56:23,8471.0,2026-04-09 13:17:34,2026-04-09 20:15:29,25075.0,cn114,114,96,8,1203333.3333333333,0.33425925925925926,61,244.67777777777778,0.24467777777777777,4282274.193618538,1.1895206093384827,72.56075716964745,0.07256075716964744,3.558676615195461
5286722,2026-04-09 10:56:25,8470.0,2026-04-09 13:17:35,2026-04-09 13:21:03,208.0,cn315,315,256,8,7978.75,0.0022163194444444444,61,4.326255555555555,0.004326255555555555,35748.92857142857,0.009930257936507937,0.6057457341269842,0.0006057457341269842,4.480517445894228
5286723,2026-04-09 10:56:26,8479.0,2026-04-09 13:17:45,2026-04-09 20:12:18,24873.0,cn039,039,96,8,1191666.6666666665,0.3310185185185185,61,242.30555555555557,0.24230555555555558,7300254.777777778,2.0278485493827163,123.6987615123457,0.1236987615123457,6.126087925407926
5286724,2026-04-09 10:56:28,8480.0,2026-04-09 13:17:48,2026-04-09 19:43:19,23131.0,cn112,112,96,8,1116666.6666666665,0.3101851851851851,61,227.05555555555557,0.22705555555555557,4268866.159683258,1.1857961554675718,72.33356548352188,0.07233356548352188,3.822865217626799
5286725,2026-04-09 10:56:29,8491.0,2026-04-09 13:18:00,2026-04-09 20:32:31,26071.0,cn042,042,96,8,1300833.3333333333,0.36134259259259255,61,264.5027777777778,0.2645027777777778,5728882.103703704,1.5913561399176954,97.07272453497941,0.09707272453497942,4.404009304576839
5286726,2026-04-09 10:56:31,8489.0,2026-04-09 13:18:00,2026-04-09 20:01:32,24212.0,cn007,007,96,8,1169166.6666666665,0.32476851851851846,61,237.73055555555555,0.23773055555555556,7003503.830326797,1.9454177306463327,118.6704815694263,0.1186704815694263,5.990167210543235
5286727,2026-04-09 10:56:32,8497.0,2026-04-09 13:18:09,2026-04-09 22:05:43,31654.0,cn507,507,96,8,1253333.3333333333,0.34814814814814815,61,254.84444444444446,0.2548444444444445,4015620.599867092,1.1154501666297478,68.04246016441462,0.06804246016441462,3.2039526062769355
5286728,2026-04-09 10:56:33,8498.0,2026-04-09 13:18:11,2026-04-09 16:32:36,11665.0,cn321,321,256,8,449375.0,0.12482638888888889,61,243.66111111111113,0.24366111111111113,1336418.5138306138,0.3712273649529483,22.644869262129845,0.022644869262129844,2.973949404908181
5286729,2026-04-09 10:56:35,8497.0,2026-04-09 13:18:12,2026-04-09 17:28:37,15025.0,cn307,307,256,8,557812.5,0.15494791666666666,61,302.4583333333333,0.30245833333333333,1452340.0837218338,0.40342780103384274,24.609095863064407,0.02460909586306441,2.603634883983119
5286730,2026-04-09 10:56:36,8508.0,2026-04-09 13:18:24,2026-04-09 22:15:57,32253.0,cn015,015,96,8,1564166.6666666665,0.4344907407407407,61,318.0472222222222,0.3180472222222222,0.0,0.0,0.0,0.0,0.0
5286731,2026-04-09 10:56:39,8506.0,2026-04-09 13:18:25,2026-04-09 19:08:10,20985.0,cn511,511,96,8,814166.6666666666,0.2261574074074074,61,165.54722222222222,0.1655472222222222,4513146.633333334,1.2536518425925927,76.47276239814815,0.07647276239814815,5.543271197543501
5286732,2026-04-09 10:56:39,8514.0,2026-04-09 13:18:33,2026-04-09 16:36:56,11903.0,cn313,313,256,8,454687.5,0.12630208333333334,61,246.54166666666669,0.2465416666666667,2253912.9785714285,0.6260869384920634,38.19130324801587,0.03819130324801587,4.957059471772213
5286733,2026-04-09 10:56:41,8531.0,2026-04-09 13:18:52,2026-04-09 21:04:24,27932.0,cn019,019,96,8,1355833.3333333333,0.3766203703703703,61,275.68611111111113,0.27568611111111113,3915400.3835024564,1.0876112176395711,66.34428427601384,0.06634428427601384,2.8878183529212955
5286734,2026-04-09 10:56:42,8548.0,2026-04-09 13:19:10,2026-04-09 21:38:47,29977.0,cn521,521,96,8,1191666.6666666665,0.3310185185185185,61,242.30555555555557,0.24230555555555558,4502247.0,1.2506241666666666,76.28807416666666,0.07628807416666666,3.778109370629371
5286735,2026-04-09 10:56:44,8552.0,2026-04-09 13:19:16,2026-04-09 19:49:46,23430.0,cn101,101,96,8,1125000.0,0.3125,61,228.75,0.22875,2794972.6850140058,0.7763813013927794,47.35925938495954,0.047359259384959544,2.484420164456894
5286736,2026-04-09 10:56:45,8572.0,2026-04-09 13:19:37,2026-04-09 18:28:08,18511.0,cn044,044,96,8,919166.6666666666,0.25532407407407404,61,186.89722222222224,0.18689722222222224,3732176.141025641,1.0367155947293447,63.23965127849003,0.06323965127849003,4.060391087244578
5286737,2026-04-09 10:56:46,8571.0,2026-04-09 13:19:37,2026-04-09 22:32:17,33160.0,cn294,294,96,8,1335833.3333333335,0.37106481481481485,61,271.61944444444447,0.27161944444444447,6499751.205253896,1.80548644590386,110.13467320013545,0.11013467320013545,4.865690234750265
5286738,2026-04-09 10:56:48,8574.0,2026-04-09 13:19:42,2026-04-09 21:39:25,29983.0,cn507,507,96,8,1187500.0,0.3298611111111111,61,241.45833333333334,0.24145833333333333,3466289.6365497075,0.9628582323749187,58.73435217487005,0.058734352174870046,2.9189807465681747
5286739,2026-04-09 10:56:49,8584.0,2026-04-09 13:19:53,2026-04-09 19:59:24,23971.0,cn033,033,96,8,1150833.3333333333,0.3196759259259259,61,234.0027777777778,0.23400277777777778,3748419.276772247,1.0412275768811798,63.51488218975197,0.06351488218975197,3.2571347806855155
5286740,2026-04-09 10:56:50,8589.0,2026-04-09 13:19:59,2026-04-09 20:14:57,24898.0,cn532,532,96,8,983333.3333333333,0.27314814814814814,61,199.94444444444443,0.19994444444444442,2440661.8768662233,0.6779616324628398,41.35565958023323,0.04135565958023323,2.482029027321583
5286741,2026-04-09 10:56:52,8588.0,2026-04-09 13:20:00,2026-04-09 20:54:28,27268.0,cn081,081,96,8,1325833.3333333333,0.368287037037037,61,269.5861111111111,0.2695861111111111,4205250.13453415,1.1681250373705974,71.25562727960644,0.07125562727960644,3.171778856971075
5286742,2026-04-09 10:56:53,8601.0,2026-04-09 13:20:14,2026-04-09 23:24:46,36272.0,cn004,004,96,8,1836666.6666666665,0.5101851851851852,61,373.4555555555555,0.37345555555555554,5748759.381507761,1.5968776059743781,97.40953396443706,0.09740953396443706,3.129996033488799
5286743,2026-04-09 10:56:54,8613.0,2026-04-09 13:20:27,2026-04-09 21:10:58,28231.0,cn035,035,96,8,1409166.6666666665,0.39143518518518516,61,286.53055555555557,0.28653055555555557,0.0,0.0,0.0,0.0,0.0
5286744,2026-04-09 10:56:56,8625.0,2026-04-09 13:20:41,2026-04-09 20:38:16,26255.0,cn547,547,96,8,1035000.0,0.2875,61,210.45000000000002,0.21045000000000003,1804487.465175128,0.5012465181042023,30.57603760435634,0.03057603760435634,1.74346614992766
5286755,2026-04-09 11:01:52,8331.0,2026-04-09 13:20:43,2026-04-10 01:13:24,42761.0,cn547,547,96,8,1676666.6666666665,0.4657407407407407,61,340.9222222222222,0.34092222222222224,4064945.525286647,1.1291515348018464,68.87824362291263,0.06887824362291263,2.424420790429412
5286756,2026-04-09 11:01:54,8329.0,2026-04-09 13:20:43,2026-04-09 19:07:06,20783.0,cn304,304,256,8,804687.5,0.22352430555555555,61,436.31944444444446,0.4363194444444445,2925689.3925491176,0.8126914979303105,49.57418137374894,0.04957418137374894,3.635808177148418
5286757,2026-04-09 11:01:55,8337.0,2026-04-09 13:20:52,2026-04-09 23:01:24,34832.0,cn076,076,96,8,1712500.0,0.4756944444444444,61,348.2083333333333,0.34820833333333334,6383026.608716577,1.773062946865716,108.15683975880867,0.10815683975880867,3.7273148080096803
5286758,2026-04-09 11:01:56,8347.0,2026-04-09 13:21:03,2026-04-09 18:21:26,18023.0,cn315,315,256,8,695000.0,0.19305555555555556,61,376.84444444444443,0.3768444444444444,4972413.552117327,1.3812259866992576,84.25478518865471,0.0842547851886547,7.154551873550111
5286759,2026-04-09 11:01:58,8358.0,2026-04-09 13:21:16,2026-04-09 21:47:49,30393.0,cn114,114,96,8,1457500.0,0.4048611111111111,61,296.35833333333335,0.29635833333333333,7083067.943618539,1.9675188732273718,120.01865126686968,0.12001865126686968,4.859737868691965
5286760,2026-04-09 11:01:59,8365.0,2026-04-09 13:21:24,2026-04-09 22:07:54,31590.0,cn079,079,96,8,1571666.6666666665,0.436574074074074,61,319.57222222222225,0.31957222222222226,11685355.0,3.2459319444444446,198.00184861111111,0.19800184861111111,7.435008483563097
5286761,2026-04-09 11:02:02,8365.0,2026-04-09 13:21:27,2026-04-09 19:22:52,21685.0,cn320,320,256,8,804687.5,0.22352430555555555,61,436.31944444444446,0.4363194444444445,3603583.646168211,1.0009954572689475,61.060722893405796,0.0610607228934058,4.478239870966321
5286762,2026-04-09 11:02:04,8364.0,2026-04-09 13:21:28,2026-04-09 22:23:17,32509.0,cn098,098,96,8,1626666.6666666665,0.4518518518518518,61,330.7555555555556,0.3307555555555556,6231144.357023173,1.730873432506437,105.58327938289266,0.10558327938289265,3.830621530956869
5286763,2026-04-09 11:02:05,8371.0,2026-04-09 13:21:36,2026-04-10 00:13:34,39118.0,cn545,545,96,8,1536666.6666666665,0.4268518518518518,61,312.4555555555555,0.31245555555555554,6778617.5,1.8829493055555555,114.85990763888888,0.11485990763888888,4.411247830802603
5286764,2026-04-09 11:02:07,8374.0,2026-04-09 13:21:41,2026-04-09 23:56:41,38100.0,cn520,520,96,8,1471666.6666666665,0.40879629629629627,61,299.23888888888894,0.29923888888888894,8205397.278398016,2.2792770217772267,139.03589832841084,0.13903589832841085,5.575581389624926
5286765,2026-04-09 11:02:08,8400.0,2026-04-09 13:22:08,2026-04-09 23:03:23,34875.0,cn539,539,96,8,1373333.3333333333,0.3814814814814815,61,279.2444444444444,0.2792444444444444,10917042.826797385,3.0325118963326068,184.983225676289,0.184983225676289,7.949303029221397
5286766,2026-04-09 11:02:12,8398.0,2026-04-09 13:22:10,2026-04-09 20:53:09,27059.0,cn059,059,96,8,1343333.3333333335,0.3731481481481482,61,273.14444444444445,0.27314444444444447,4525363.0,1.2570452777777779,76.67976194444445,0.07667976194444445,3.3687565756823816
5286767,2026-04-09 11:02:12,8423.0,2026-04-09 13:22:35,2026-04-09 18:33:11,18636.0,cn316,316,256,8,677187.5,0.1881076388888889,61,367.18611111111113,0.36718611111111116,7790309.351226551,2.163974819785153,132.00246400689434,0.13200246400689433,11.503917823684802
5286768,2026-04-09 11:02:13,8423.0,2026-04-09 13:22:36,2026-04-10 01:12:28,42592.0,cn513,513,96,8,1669166.6666666665,0.46365740740740735,61,339.39722222222224,0.33939722222222224,10699329.166666666,2.9720358796296296,181.2941886574074,0.1812941886574074,6.409982526210684
5286770,2026-04-09 11:02:15,8443.0,2026-04-09 13:22:58,2026-04-09 13:26:30,212.0,cn004,004,96,8,10781.666666666666,0.002994907407407407,61,2.1922722222222224,0.0021922722222222223,61263.5,0.017017638888888888,1.0380759722222221,0.001038075972222222,5.682191992579997
5286771,2026-04-09 11:02:17,8441.0,2026-04-09 13:22:58,2026-04-09 21:31:39,29321.0,cn025,025,96,8,1422500.0,0.3951388888888889,61,289.2416666666666,0.2892416666666666,0.0,0.0,0.0,0.0,0.0
5286769,2026-04-09 11:02:14,8444.0,2026-04-09 13:22:58,2026-04-09 18:36:17,18799.0,cn301,301,256,8,703437.5,0.19539930555555557,61,381.4194444444445,0.3814194444444445,3754550.2615079363,1.042930628196649,63.618768319995596,0.06361876831999559,5.33743262408947
5286772,2026-04-09 11:02:18,8449.0,2026-04-09 13:23:07,2026-04-09 21:55:40,30753.0,cn056,056,96,8,1529166.6666666665,0.4247685185185185,61,310.93055555555554,0.31093055555555554,4009408.440401979,1.1137245667783275,67.93719857347799,0.06793719857347799,2.6219564732873977
5286773,2026-04-09 11:02:19,8453.0,2026-04-09 13:23:12,2026-04-09 19:30:35,22043.0,cn318,318,256,8,808125.0,0.22447916666666667,61,438.18333333333334,0.4381833333333333,5276938.801984127,1.4658163338844796,89.41479636695325,0.08941479636695325,6.529854666028308
5286774,2026-04-09 11:02:21,8452.0,2026-04-09 13:23:13,2026-04-10 00:33:45,40232.0,cn515,515,96,8,1555000.0,0.43194444444444446,61,316.18333333333334,0.3161833333333333,8655688.564102564,2.4043579344729347,146.665834002849,0.14666583400284902,5.566359205210652
5286775,2026-04-09 11:02:22,8452.0,2026-04-09 13:23:14,2026-04-09 21:51:48,30514.0,cn508,508,96,8,1194166.6666666665,0.33171296296296293,61,242.8138888888889,0.24281388888888888,4787426.083333333,1.3298405787037035,81.12027530092591,0.08112027530092591,4.009009979064899
5286776,2026-04-09 11:02:24,8451.0,2026-04-09 13:23:15,2026-04-09 13:26:41,206.0,cn313,313,256,8,7869.6875,0.0021860243055555556,61,4.267119444444445,0.0042671194444444446,38281.28571428571,0.010633690476190475,0.648655119047619,0.0006486551190476189,4.864397184041388
5286777,2026-04-09 11:02:25,8453.0,2026-04-09 13:23:18,2026-04-09 21:40:48,29850.0,cn072,072,96,8,1518333.3333333333,0.4217592592592592,61,308.72777777777776,0.30872777777777777,5492672.65,1.525742402777778,93.07028656944445,0.09307028656944445,3.617567058177827
5286778,2026-04-09 11:02:26,8460.0,2026-04-09 13:23:26,2026-04-09 19:58:55,23729.0,cn095,095,96,8,1161666.6666666665,0.32268518518518513,61,236.20555555555555,0.23620555555555556,5984221.333333333,1.6622837037037037,101.39930592592593,0.10139930592592593,5.151410043041607
5286779,2026-04-09 11:02:28,8464.0,2026-04-09 13:23:32,2026-04-09 21:39:00,29728.0,cn069,069,96,8,1387499.9999999998,0.38541666666666663,61,282.12499999999994,0.28212499999999996,8036181.0,2.2322725,136.1686225,0.1361686225,5.791842162162163
5286780,2026-04-09 11:02:29,8464.0,2026-04-09 13:23:33,2026-04-10 00:41:17,40664.0,cn550,550,96,8,1564166.6666666665,0.4344907407407407,61,318.0472222222222,0.3180472222222222,11193836.764705881,3.109399101307189,189.67334517973853,0.18967334517973852,7.156422012598327
5286781,2026-04-09 11:02:31,8466.0,2026-04-09 13:23:37,2026-04-09 13:27:12,215.0,cn107,107,96,8,10750.0,0.0029861111111111113,61,2.1858333333333335,0.0021858333333333335,62774.0,0.017437222222222222,1.0636705555555555,0.0010636705555555554,5.839441860465116
5286782,2026-04-09 11:02:32,8483.0,2026-04-09 13:23:55,2026-04-09 18:32:47,18532.0,cn091,091,96,8,926666.6666666666,0.2574074074074074,61,188.42222222222222,0.1884222222222222,3058155.8203030303,0.8494877278619528,51.81875139957912,0.05181875139957912,3.300168151406148
5286783,2026-04-09 11:02:33,8485.0,2026-04-09 13:23:58,2026-04-09 23:30:54,36416.0,cn535,535,96,8,1430833.3333333333,0.3974537037037037,61,290.93611111111113,0.2909361111111111,7659938.083333333,2.1277605787037035,129.7933953009259,0.1297933953009259,5.353480314502039
5286784,2026-04-09 11:02:35,8490.0,2026-04-09 13:24:05,2026-04-09 21:53:47,30582.0,cn080,080,96,8,1475833.3333333333,0.4099537037037037,61,300.0861111111111,0.3000861111111111,11851780.144444445,3.292161151234568,200.82183022530864,0.20082183022530864,8.030568138528139
5286785,2026-04-09 11:02:36,8510.0,2026-04-09 13:24:26,2026-04-09 18:34:45,18619.0,cn320,320,256,8,686250.0,0.190625,61,372.09999999999997,0.3721,2405777.2937872587,0.6682714704964607,40.7645597002841,0.0407645597002841,3.5056864026043844
5286786,2026-04-09 11:02:38,8516.0,2026-04-09 13:24:34,2026-04-09 19:17:08,21154.0,cn104,104,96,8,1015000.0,0.28194444444444444,61,206.38333333333333,0.20638333333333334,6467807.5,1.7966131944444443,109.59340486111111,0.1095934048611111,6.372224137931035
5286787,2026-04-09 11:02:39,8530.0,2026-04-09 13:24:49,2026-04-09 20:23:22,25113.0,cn113,113,96,8,1198333.3333333333,0.33287037037037037,61,243.66111111111113,0.24366111111111113,4884333.126666667,1.356759201851852,82.76231131296296,0.08276231131296297,4.075938631432546
5286788,2026-04-09 11:02:41,8530.0,2026-04-09 13:24:51,2026-04-09 19:27:20,21749.0,cn012,012,96,8,1069166.6666666665,0.2969907407407407,61,217.39722222222224,0.21739722222222224,2958268.5663784184,0.8217412684384495,50.12621737474542,0.05012621737474542,2.766891878140376
5286789,2026-04-09 11:02:42,8534.0,2026-04-09 13:24:56,2026-04-09 16:51:36,12400.0,cn313,313,256,8,473750.0,0.13159722222222223,61,256.8777777777778,0.2568777777777778,2523360.5833333335,0.7009334953703704,42.75694321759259,0.042756943217592595,5.326354793315743
5286790,2026-04-09 11:02:44,8535.0,2026-04-09 13:24:59,2026-04-09 16:51:25,12386.0,cn305,305,256,8,474062.5,0.13168402777777777,61,257.0472222222222,0.2570472222222222,1593163.6675685425,0.44254546321348404,26.995273256022525,0.026995273256022526,3.360661658681171
5286791,2026-04-09 11:02:45,8549.0,2026-04-09 13:25:14,2026-04-09 19:51:10,23156.0,cn081,081,96,8,1128333.3333333333,0.3134259259259259,61,229.42777777777778,0.22942777777777779,3066926.5313968956,0.8519240364991377,51.9673662264474,0.0519673662264474,2.7181032774566285
5286792,2026-04-09 11:02:47,8547.0,2026-04-09 13:25:14,2026-04-09 16:33:36,11302.0,cn308,308,256,8,434375.0,0.12065972222222222,61,235.52777777777777,0.23552777777777778,2158283.6027777777,0.5995232229938271,36.570916602623456,0.03657091660262345,4.968710452438049
5286793,2026-04-09 11:02:48,8552.0,2026-04-09 13:25:20,2026-04-09 13:29:02,222.0,cn294,294,96,8,10227.5,0.002840972222222222,61,2.0795916666666665,0.0020795916666666663,38040.88205128205,0.010566911680911681,0.6445816125356125,0.0006445816125356125,3.7194702567863165
5286794,2026-04-09 11:02:50,8552.0,2026-04-09 13:25:22,2026-04-09 19:04:14,20332.0,cn066,066,96,8,982500.0,0.27291666666666664,61,199.775,0.199775,3371578.782428356,0.9365496617856545,57.12952936892492,0.057129529368924924,3.4316323485275886
5286795,2026-04-09 11:02:51,8556.0,2026-04-09 13:25:27,2026-04-09 20:08:02,24155.0,cn520,520,96,8,940833.3333333333,0.26134259259259257,61,191.30277777777778,0.19130277777777777,3675068.2592592593,1.020852294238683,62.271989948559664,0.06227198994855966,3.9061841551028444
5286796,2026-04-09 11:02:53,8565.0,2026-04-09 13:25:38,2026-04-09 20:37:18,25900.0,cn070,070,96,8,1195833.3333333333,0.33217592592592593,61,243.15277777777777,0.24315277777777777,7144550.222222222,1.9845972839506172,121.06043432098765,0.12106043432098765,5.974536771196283
5286797,2026-04-09 11:02:54,8570.0,2026-04-09 13:25:44,2026-04-09 20:05:13,23969.0,cn020,020,96,8,1182500.0,0.3284722222222222,61,240.4416666666667,0.2404416666666667,0.0,0.0,0.0,0.0,0.0
5286798,2026-04-09 11:02:56,8579.0,2026-04-09 13:25:55,2026-04-09 20:17:50,24715.0,cn116,116,96,8,1235833.3333333333,0.343287037037037,61,251.28611111111113,0.2512861111111111,2816040.458647645,0.782233460735457,47.716241104862874,0.047716241104862875,2.2786571479279667
5286799,2026-04-09 11:02:57,8613.0,2026-04-09 13:26:30,2026-04-09 19:40:01,22411.0,cn004,004,96,8,1134166.6666666665,0.31504629629629627,61,230.61388888888888,0.23061388888888887,2855917.650406504,0.7933104584462511,48.39193796522132,0.048391937965221316,2.5180758122614293
5286800,2026-04-09 11:02:58,8614.0,2026-04-09 13:26:32,2026-04-09 19:16:03,20971.0,cn065,065,96,8,978333.3333333333,0.27175925925925926,61,198.92777777777778,0.1989277777777778,2973349.6764705884,0.8259304656862746,50.38175840686275,0.05038175840686275,3.039198987874537
5286801,2026-04-09 11:03:00,8621.0,2026-04-09 13:26:41,2026-04-09 16:20:03,10402.0,cn313,313,256,8,397187.5,0.11032986111111111,61,215.36388888888888,0.21536388888888888,1893143.9761904762,0.5258733267195768,32.07827292989418,0.03207827292989418,4.766373504177438
5286802,2026-04-09 11:03:01,8622.0,2026-04-09 13:26:43,2026-04-09 21:27:14,28831.0,cn060,060,96,8,1455000.0,0.4041666666666667,61,295.84999999999997,0.29584999999999995,4188543.3,1.16348425,70.97253925,0.07097253925,2.878723917525773
5286803,2026-04-09 11:03:03,8626.0,2026-04-09 13:26:49,2026-04-09 20:02:18,23729.0,cn010,010,96,8,1162500.0,0.3229166666666667,61,236.375,0.236375,0.0,0.0,0.0,0.0,0.0
5286804,2026-04-09 11:03:04,8630.0,2026-04-09 13:26:54,2026-04-09 20:32:25,25531.0,cn101,101,96,8,1225833.3333333333,0.34050925925925923,61,249.2527777777778,0.2492527777777778,3166803.894667098,0.8796677485186383,53.65973265963694,0.05365973265963694,2.583388629232167
5286805,2026-04-09 11:03:05,8635.0,2026-04-09 13:27:00,2026-04-09 19:37:32,22232.0,cn009,009,96,8,1090000.0,0.30277777777777776,61,221.63333333333333,0.22163333333333332,4726989.5,1.3130526388888888,80.09621097222221,0.0800962109722222,4.336687614678899
5286806,2026-04-09 11:03:07,8638.0,2026-04-09 13:27:05,2026-04-09 18:19:34,17549.0,cn063,063,96,8,842500.0,0.23402777777777778,61,171.3083333333333,0.1713083333333333,3260073.7435897435,0.9055760398860399,55.24013843304843,0.05524013843304843,3.8695237312637905
5286807,2026-04-09 11:03:08,8644.0,2026-04-09 13:27:12,2026-04-09 19:24:46,21454.0,cn107,107,96,8,1047500.0,0.29097222222222224,61,212.99166666666667,0.21299166666666666,4321247.923076923,1.2003466452991454,73.22114536324787,0.07322114536324788,4.1252963466128145
5286808,2026-04-09 11:03:10,8647.0,2026-04-09 13:27:17,2026-04-09 20:16:49,24572.0,cn040,040,96,8,1232500.0,0.3423611111111111,61,250.60833333333335,0.2506083333333333,0.0,0.0,0.0,0.0,0.0
5286809,2026-04-09 11:03:11,8666.0,2026-04-09 13:27:37,2026-04-09 20:29:29,25312.0,cn523,523,96,8,990833.3333333333,0.27523148148148147,61,201.46944444444443,0.20146944444444442,2690463.757142857,0.7473510436507936,45.588413662698414,0.04558841366269841,2.715354506788418
5286810,2026-04-09 11:03:13,8677.0,2026-04-09 13:27:50,2026-04-09 19:34:19,21989.0,cn076,076,96,8,1079166.6666666665,0.2997685185185185,61,219.43055555555557,0.21943055555555557,3333202.053030303,0.9258894591750843,56.47925700968014,0.05647925700968014,3.08868143910144
5286811,2026-04-09 11:03:14,8695.0,2026-04-09 13:28:09,2026-04-09 20:45:07,26218.0,cn517,517,96,8,1032500.0,0.28680555555555554,61,209.9416666666667,0.2099416666666667,3943608.653846154,1.0954468482905984,66.8222577457265,0.0668222577457265,3.819475693797728
5286812,2026-04-09 11:03:17,8702.0,2026-04-09 13:28:19,2026-04-09 16:18:44,10225.0,cn314,314,256,8,390937.5,0.10859375,61,211.975,0.211975,1572385.322222222,0.43677370061728393,26.64319573765432,0.02664319573765432,4.02208875388578
5286813,2026-04-09 11:03:19,8712.0,2026-04-09 13:28:31,2026-04-09 16:10:19,9708.0,cn308,308,256,8,373750.0,0.10381944444444445,61,202.65555555555557,0.20265555555555556,1515429.6027777777,0.4209526674382716,25.678112713734567,0.025678112713734567,4.054661144555927
5286814,2026-04-09 11:03:21,8717.0,2026-04-09 13:28:38,2026-04-09 21:25:10,28592.0,cn004,004,96,8,1448333.3333333333,0.4023148148148148,61,294.4944444444444,0.2944944444444444,3772477.8821138213,1.0479105228093948,63.92254189137308,0.06392254189137309,2.604702795475596
5286816,2026-04-09 11:03:24,8716.0,2026-04-09 13:28:40,2026-04-09 19:30:19,21699.0,cn299,299,96,8,882500.0,0.24513888888888888,61,179.4416666666667,0.1794416666666667,2739598.183333333,0.7609994953703703,46.420969217592585,0.04642096921759258,3.1043605476864964
5286815,2026-04-09 11:03:22,8718.0,2026-04-09 13:28:40,2026-04-09 19:42:32,22432.0,cn294,294,96,8,903333.3333333333,0.2509259259259259,61,183.67777777777778,0.18367777777777777,2596322.2753393664,0.7212006320387129,43.99323855436148,0.043993238554361484,2.8741575003756825
5286817,2026-04-09 11:03:25,8747.0,2026-04-09 13:29:12,2026-04-09 19:27:17,21485.0,cn294,294,96,8,865833.3333333333,0.24050925925925923,61,176.05277777777778,0.17605277777777778,2458108.367647059,0.6828078799019608,41.65128067401961,0.04165128067401961,2.8390087018060353
5286818,2026-04-09 11:03:27,8761.0,2026-04-09 13:29:28,2026-04-09 19:25:13,21345.0,cn301,301,256,8,798750.0,0.221875,61,433.09999999999997,0.4331,5451648.553174603,1.5143468203262787,92.375156039903,0.092375156039903,6.825225105695903
5286819,2026-04-09 11:03:28,8770.0,2026-04-09 13:29:38,2026-04-09 20:07:07,23849.0,cn006,006,96,8,1150000.0,0.3194444444444444,61,233.83333333333334,0.23383333333333334,4154664.4310344825,1.154073453065134,70.39848063697318,0.07039848063697318,3.6127516791604197
5286820,2026-04-09 11:03:30,8772.0,2026-04-09 13:29:42,2026-04-09 20:14:17,24275.0,cn505,505,96,8,956666.6666666666,0.2657407407407407,61,194.52222222222224,0.19452222222222224,2712949.192192192,0.7535969978311645,45.969416867701035,0.045969416867701035,2.8358353925353925
5286821,2026-04-09 11:03:31,8784.0,2026-04-09 13:29:55,2026-04-09 20:22:31,24756.0,cn502,502,96,8,975000.0,0.2708333333333333,61,198.25,0.19825,5633050.911764706,1.5647363643790848,95.44891822712417,0.09544891822712417,5.777488114630467
5286822,2026-04-09 11:03:33,8784.0,2026-04-09 13:29:57,2026-04-09 21:14:33,27876.0,cn517,517,96,8,1096666.6666666665,0.3046296296296296,61,222.98888888888888,0.22298888888888888,4256069.538461538,1.1822415384615383,72.11673384615383,0.07211673384615383,3.8809144727612814
5286823,2026-04-09 11:03:34,8790.0,2026-04-09 13:30:04,2026-04-09 19:39:52,22188.0,cn032,032,96,8,1115833.3333333333,0.3099537037037037,60,223.16666666666669,0.22316666666666668,2377952.0438051494,0.6605422343903192,39.63253406341915,0.03963253406341915,2.1310996658447943
5286824,2026-04-09 11:03:35,8799.0,2026-04-09 13:30:14,2026-04-09 15:48:07,8273.0,cn308,308,256,8,319687.5,0.08880208333333334,60,170.5,0.1705,1241093.6944444445,0.34474824845679014,20.684894907407408,0.02068489490740741,3.8822090148799826
5286839,2026-04-09 11:07:41,8565.0,2026-04-09 13:30:26,2026-04-09 19:10:55,20429.0,cn053,053,96,8,1016666.6666666666,0.2824074074074074,60,203.33333333333334,0.20333333333333334,2633228.981024531,0.7314524947290364,43.88714968374218,0.04388714968374218,2.5900612928110145
5286840,2026-04-09 11:07:43,8573.0,2026-04-09 13:30:36,2026-04-09 17:50:07,15571.0,cn049,049,96,8,729166.6666666666,0.20254629629629628,60,145.83333333333331,0.14583333333333331,2420451.5833333335,0.6723476620370371,40.34085972222223,0.040340859722222226,3.3194764571428577
5286841,2026-04-09 11:07:47,8585.0,2026-04-09 13:30:52,2026-04-09 23:14:24,35012.0,cn003,003,96,8,1772500.0,0.49236111111111114,60,354.5,0.3545,7861251.989260508,2.1836811081279186,131.0208664876751,0.1310208664876751,4.435121009455858
5286842,2026-04-09 11:07:48,8592.0,2026-04-09 13:31:00,2026-04-09 22:51:35,33635.0,cn041,041,96,8,1684166.6666666665,0.467824074074074,60,336.8333333333333,0.3368333333333333,5868142.809451986,1.6300396692922183,97.8023801575331,0.09780238015753309,3.4843005301050884
5286843,2026-04-09 11:07:49,8605.0,2026-04-09 13:31:14,2026-04-09 20:20:42,24568.0,cn304,304,256,8,947812.5,0.26328125,60,505.50000000000006,0.5055000000000001,4811348.411993562,1.3364856699982117,80.1891401998927,0.0801891401998927,5.076266046284009
5286844,2026-04-09 11:07:50,8608.0,2026-04-09 13:31:18,2026-04-09 22:04:52,30814.0,cn029,029,96,8,1483333.3333333333,0.41203703703703703,60,296.6666666666667,0.2966666666666667,12385570.986928105,3.440436385257807,206.42618311546843,0.20642618311546843,8.349823137254903
5286845,2026-04-09 11:07:51,8617.0,2026-04-09 13:31:28,2026-04-09 18:59:50,19702.0,cn303,303,256,8,724687.5,0.20130208333333333,60,386.5,0.3865,6247094.552047952,1.7353040422355424,104.11824253413255,0.10411824253413254,8.620397829475397
5286846,2026-04-09 11:07:53,8619.0,2026-04-09 13:31:32,2026-04-09 23:53:04,37292.0,cn032,032,96,8,1880000.0,0.5222222222222223,60,376.0,0.376,6626971.0315769855,1.8408252865491626,110.44951719294976,0.11044951719294975,3.524984591264354
5286847,2026-04-09 11:07:55,8620.0,2026-04-09 13:31:35,2026-04-10 00:58:23,41208.0,cn060,060,96,8,2070833.3333333333,0.5752314814814815,60,414.1666666666667,0.4141666666666667,10450452.466666667,2.902903462962963,174.17420777777778,0.17417420777777778,5.046496160965795
5286848,2026-04-09 11:07:56,8622.0,2026-04-09 13:31:38,2026-04-09 22:42:14,33036.0,cn113,113,96,8,1570833.3333333333,0.43634259259259256,60,314.16666666666663,0.31416666666666665,6915618.131372549,1.9210050364923745,115.26030218954247,0.11526030218954247,4.402515521298175
5286849,2026-04-09 11:07:58,8641.0,2026-04-09 13:31:59,2026-04-09 20:38:49,25610.0,cn006,006,96,8,1234166.6666666665,0.342824074074074,60,246.83333333333334,0.24683333333333335,4532107.878489327,1.258918855135924,75.53513130815544,0.07553513130815544,3.672200846851582
5286850,2026-04-09 11:07:59,8642.0,2026-04-09 13:32:01,2026-04-09 20:21:31,24570.0,cn005,005,96,8,1215000.0,0.3375,60,243.0,0.243,0.0,0.0,0.0,0.0,0.0
5286851,2026-04-09 11:08:02,8646.0,2026-04-09 13:32:08,2026-04-09 22:17:44,31536.0,cn550,550,96,8,1214166.6666666665,0.33726851851851847,60,242.83333333333334,0.24283333333333335,7002504.264705882,1.9451400735294118,116.7084044117647,0.11670840441176471,5.767333642860027
5286852,2026-04-09 11:08:04,8654.0,2026-04-09 13:32:18,2026-04-09 22:00:55,30517.0,cn502,502,96,8,1200000.0,0.3333333333333333,60,240.0,0.24,8020190.003267974,2.227830556463326,133.66983338779957,0.13366983338779956,6.683491669389978
5286853,2026-04-09 11:08:05,8659.0,2026-04-09 13:32:24,2026-04-09 23:37:04,36280.0,cn517,517,96,8,1420833.3333333333,0.39467592592592593,60,284.16666666666663,0.2841666666666666,7391657.805128206,2.0532382792022794,123.19429675213676,0.12319429675213676,5.202339804195804
5286854,2026-04-09 11:08:06,8659.0,2026-04-09 13:32:25,2026-04-09 20:33:48,25283.0,cn027,027,96,8,1235000.0,0.34305555555555556,60,246.99999999999997,0.24699999999999997,3224019.1166666667,0.8955608657407408,53.733651944444446,0.05373365194444445,2.610541794871795
5286855,2026-04-09 11:08:08,8679.0,2026-04-09 13:32:47,2026-04-09 20:25:25,24758.0,cn042,042,96,8,1235833.3333333333,0.343287037037037,60,247.16666666666666,0.24716666666666665,5260129.37037037,1.461147047325103,87.66882283950618,0.08766882283950618,4.256342039409605
5286856,2026-04-09 11:08:09,8684.0,2026-04-09 13:32:53,2026-04-09 22:07:27,30874.0,cn501,501,96,8,1185833.3333333333,0.3293981481481481,60,237.16666666666669,0.2371666666666667,5906256.666666667,1.6406268518518519,98.43761111111111,0.09843761111111111,4.980680252986648
5286857,2026-04-09 11:08:11,8688.0,2026-04-09 13:32:59,2026-04-09 20:33:29,25230.0,cn056,056,96,8,1255833.3333333333,0.3488425925925926,60,251.16666666666666,0.25116666666666665,2871613.1869503898,0.7976703297084416,47.8602197825065,0.0478602197825065,2.2866196578238007
5286858,2026-04-09 11:08:12,8695.0,2026-04-09 13:33:07,2026-04-09 21:12:43,27576.0,cn535,535,96,8,1084166.6666666665,0.3011574074074074,60,216.83333333333334,0.21683333333333335,3627153.0833333335,1.0075425231481483,60.4525513888889,0.0604525513888889,3.3455677940046122
5286859,2026-04-09 11:08:14,8694.0,2026-04-09 13:33:08,2026-04-09 17:00:29,12441.0,cn313,313,256,8,475312.5,0.13203125,60,253.49999999999997,0.25349999999999995,2757201.226190476,0.7658892294973545,45.95335376984127,0.04595335376984127,5.800817832879371
5286860,2026-04-09 11:08:15,8710.0,2026-04-09 13:33:25,2026-04-09 20:51:58,26313.0,cn091,091,96,8,1315833.3333333333,0.36550925925925926,60,263.1666666666667,0.26316666666666666,5288498.295597148,1.4690273043325413,88.14163825995247,0.08814163825995247,4.019124733829372
5286861,2026-04-09 11:08:16,8764.0,2026-04-09 13:34:20,2026-04-09 20:54:05,26385.0,cn085,085,96,8,1265000.0,0.35138888888888886,60,253.0,0.253,10061752.0,2.794931111111111,167.69586666666666,0.16769586666666667,7.953954150197628
5286862,2026-04-09 11:08:19,8773.0,2026-04-09 13:34:32,2026-04-09 22:13:16,31124.0,cn538,538,96,8,1212500.0,0.3368055555555556,60,242.50000000000003,0.24250000000000002,3097719.623389356,0.8604776731637099,51.6286603898226,0.0516286603898226,2.554820307949984
5286863,2026-04-09 11:08:19,8796.0,2026-04-09 13:34:55,2026-04-09 20:34:34,25179.0,cn065,065,96,8,1170833.3333333333,0.32523148148148145,60,234.16666666666666,0.23416666666666666,3657272.7443438913,1.015909095651081,60.95454573906486,0.060954545739064864,3.1236493190125763
5286865,2026-04-09 11:08:22,8803.0,2026-04-09 13:35:05,2026-04-09 21:16:56,27711.0,cn041,041,96,8,1388333.3333333333,0.38564814814814813,60,277.6666666666667,0.2776666666666667,4265001.90346908,1.1847227509636333,71.083365057818,0.071083365057818,3.0720301825707663
5286866,2026-04-09 11:08:23,8809.0,2026-04-09 13:35:12,2026-04-09 21:57:42,30150.0,cn116,116,96,8,1506666.6666666665,0.41851851851851846,60,301.3333333333333,0.30133333333333334,3800667.4863558044,1.055740968432168,63.34445810593007,0.06334445810593008,2.522566915722879
5286867,2026-04-09 11:08:25,8809.0,2026-04-09 13:35:14,2026-04-09 20:23:45,24511.0,cn013,013,96,8,1197500.0,0.3326388888888889,60,239.5,0.2395,5147927.083333333,1.4299797453703702,85.79878472222221,0.08579878472222222,4.298895267919276
5286868,2026-04-09 11:08:26,8824.0,2026-04-09 13:35:30,2026-04-09 20:54:04,26314.0,cn030,030,96,8,1249166.6666666665,0.3469907407407407,60,249.83333333333331,0.24983333333333332,0.0,0.0,0.0,0.0,0.0
5286869,2026-04-09 11:08:28,8846.0,2026-04-09 13:35:54,2026-04-09 22:52:28,33394.0,cn112,112,96,8,1611666.6666666665,0.44768518518518513,60,322.3333333333333,0.3223333333333333,6786934.6020361995,1.8852596116767222,113.11557670060333,0.11311557670060332,4.211127984717394
5286870,2026-04-09 11:08:29,8849.0,2026-04-09 13:35:58,2026-04-10 00:20:40,38682.0,cn032,032,96,8,1950000.0,0.5416666666666666,60,390.0,0.39,7487704.131250188,2.0799178142361634,124.7950688541698,0.1247950688541698,3.8398482724359937
5286871,2026-04-09 11:08:31,8852.0,2026-04-09 13:36:03,2026-04-09 23:08:32,34349.0,cn065,065,96,8,1593333.3333333333,0.4425925925925926,60,318.66666666666663,0.31866666666666665,6741774.787330316,1.8727152187028657,112.36291312217195,0.11236291312217195,4.231239406274257
5286872,2026-04-09 11:08:32,8861.0,2026-04-09 13:36:13,2026-04-10 00:49:44,40411.0,cn115,115,96,8,1929166.6666666665,0.5358796296296295,60,385.8333333333333,0.3858333333333333,8290427.329779628,2.3028964804943413,138.17378882966048,0.13817378882966047,4.297413734658987
5286873,2026-04-09 11:08:34,8877.0,2026-04-09 13:36:31,2026-04-09 22:07:02,30631.0,cn093,093,96,8,1512500.0,0.4201388888888889,60,302.5,0.3025,8374077.666666667,2.3261326851851853,139.56796111111112,0.1395679611111111,5.536580275482094
5286874,2026-04-09 11:08:35,8891.0,2026-04-09 13:36:46,2026-04-09 23:09:11,34345.0,cn027,027,96,8,1670000.0,0.4638888888888889,60,334.0,0.334,5828410.966666667,1.6190030462962963,97.14018277777778,0.09714018277777778,3.4900664471057885
5286875,2026-04-09 11:08:37,8901.0,2026-04-09 13:36:58,2026-04-09 18:25:43,17325.0,cn304,304,256,8,671562.5,0.18654513888888888,60,358.16666666666663,0.35816666666666663,2182818.4000888,0.6063384444691111,36.380306668146666,0.036380306668146664,3.2503577851485157
5286876,2026-04-09 11:08:38,8909.0,2026-04-09 13:37:07,2026-04-09 17:46:53,14986.0,cn315,315,256,8,577812.5,0.16050347222222222,60,308.1666666666667,0.3081666666666667,2513538.7783078034,0.698205216196612,41.89231297179672,0.04189231297179672,4.35009415391291
5286877,2026-04-09 11:08:40,8908.0,2026-04-09 13:37:08,2026-04-09 23:52:44,36936.0,cn547,547,96,8,1450833.3333333333,0.40300925925925923,60,290.1666666666667,0.2901666666666667,3026674.8527720273,0.8407430146588964,50.44458087953379,0.05044458087953379,2.086163023162799
5286878,2026-04-09 11:08:41,8909.0,2026-04-09 13:37:10,2026-04-10 01:18:41,42091.0,cn113,113,96,8,1999166.6666666665,0.555324074074074,60,399.8333333333333,0.3998333333333333,11624615.781699346,3.2290599393609294,193.74359636165576,0.19374359636165575,5.814730695306051
5286879,2026-04-09 11:08:43,8930.0,2026-04-09 13:37:33,2026-04-09 22:35:21,32268.0,cn059,059,96,8,1591666.6666666665,0.4421296296296296,60,318.3333333333333,0.3183333333333333,7960303.75,2.211195486111111,132.67172916666667,0.13267172916666667,5.001237958115183
5286880,2026-04-09 11:08:44,8934.0,2026-04-09 13:37:38,2026-04-09 23:01:19,33821.0,cn083,083,96,8,1605833.3333333333,0.4460648148148148,60,321.1666666666667,0.3211666666666667,11145645.855555555,3.0960127376543207,185.76076425925925,0.18576076425925925,6.940723937035115
5286881,2026-04-09 11:08:46,8934.0,2026-04-09 13:37:40,2026-04-09 18:43:26,18346.0,cn321,321,256,8,702812.5,0.19522569444444443,60,374.8333333333333,0.3748333333333333,3100112.6201798203,0.8611423944943946,51.66854366966368,0.051668543669663676,4.411009508481737
5286882,2026-04-09 11:08:47,8941.0,2026-04-09 13:37:48,2026-04-09 17:53:30,15342.0,cn315,315,256,8,591250.0,0.1642361111111111,60,315.3333333333333,0.3153333333333333,2742116.917196692,0.7616991436657478,45.701948619944865,0.045701948619944865,4.63782988109377
5286883,2026-04-09 11:08:49,8940.0,2026-04-09 13:37:49,2026-04-10 02:00:31,44562.0,cn296,296,96,8,1797500.0,0.49930555555555556,60,359.5,0.3595,20999964.0,5.833323333333333,349.9994,0.34999939999999996,11.682872878998609
5286884,2026-04-09 11:08:52,8940.0,2026-04-09 13:37:52,2026-04-10 01:23:24,42332.0,cn501,501,96,8,1627500.0,0.45208333333333334,60,325.5,0.3255,11261247.333333334,3.1281242592592595,187.68745555555557,0.18768745555555558,6.919353200204814
5286885,2026-04-09 11:08:52,8975.0,2026-04-09 13:38:27,2026-04-09 22:35:14,32207.0,cn118,118,96,8,1612500.0,0.4479166666666667,60,322.5,0.3225,7532939.963654189,2.092483323237275,125.54899939423649,0.1255489993942365,4.671590675134381
5286886,2026-04-09 11:08:53,8992.0,2026-04-09 13:38:45,2026-04-09 19:13:11,20066.0,cn311,311,256,8,727812.5,0.20217013888888888,60,388.16666666666663,0.3881666666666666,10911829.533333333,3.031063759259259,181.86382555555554,0.18186382555555552,14.992638259625018
5286887,2026-04-09 11:08:55,9002.0,2026-04-09 13:38:57,2026-04-10 01:30:39,42702.0,cn299,299,96,8,1723333.3333333333,0.4787037037037037,60,344.6666666666667,0.3446666666666667,7557454.35,2.0992928749999997,125.95757249999998,0.12595757249999998,4.38537002901354
5286888,2026-04-09 11:08:56,9011.0,2026-04-09 13:39:07,2026-04-10 00:45:41,39994.0,cn108,108,96,8,1990833.3333333333,0.5530092592592593,60,398.1666666666667,0.39816666666666667,7898361.620990448,2.193989339164013,131.63936034984079,0.13163936034984078,3.9673645647503295
5286889,2026-04-09 11:08:58,9010.0,2026-04-09 13:39:08,2026-04-09 22:19:37,31229.0,cn065,065,96,8,1449166.6666666665,0.40254629629629624,60,289.83333333333337,0.2898333333333334,5236568.084715937,1.454602245754427,87.27613474526562,0.08727613474526562,3.6135029911783354
5286891,2026-04-09 11:10:50,8900.0,2026-04-09 13:39:10,2026-04-09 18:32:33,17603.0,cn319,319,256,8,677187.5,0.1881076388888889,60,361.1666666666667,0.3611666666666667,4252641.282054057,1.1812892450150159,70.87735470090095,0.07087735470090095,6.279857915354399
5286892,2026-04-09 11:10:51,8900.0,2026-04-09 13:39:11,2026-04-10 01:57:46,44315.0,cn508,508,96,8,1735833.3333333333,0.4821759259259259,60,347.1666666666667,0.3471666666666667,10859603.75,3.0165565972222224,180.99339583333335,0.18099339583333335,6.2561327412385985
5286893,2026-04-09 11:10:53,8908.0,2026-04-09 13:39:21,2026-04-09 23:39:55,36034.0,cn514,514,96,8,1397500.0,0.38819444444444445,60,279.5,0.2795,11940475.5,3.31679875,199.007925,0.199007925,8.544168515205724
5286894,2026-04-09 11:10:54,8920.0,2026-04-09 13:39:34,2026-04-09 19:40:17,21643.0,cn304,304,256,8,834687.5,0.23185763888888888,60,445.16666666666663,0.44516666666666665,3354946.998357198,0.9319297217658884,55.915783305953305,0.05591578330595331,4.019404865122813
5286895,2026-04-09 11:10:55,8931.0,2026-04-09 13:39:46,2026-04-10 00:12:33,37967.0,cn091,091,96,8,1898333.3333333333,0.5273148148148148,60,379.66666666666663,0.37966666666666665,11763569.924682116,3.267658312411699,196.05949874470195,0.19605949874470197,6.196788371210948
5286896,2026-04-09 11:10:57,8944.0,2026-04-09 13:40:01,2026-04-09 18:36:26,17785.0,cn318,318,256,8,644687.5,0.1790798611111111,60,343.8333333333333,0.3438333333333333,3543121.401984127,0.9842003894400352,59.05202336640211,0.05905202336640211,5.495874205695204
5286897,2026-04-09 11:10:58,8971.0,2026-04-09 13:40:29,2026-04-10 01:10:05,41376.0,cn523,523,96,8,1615833.3333333333,0.44884259259259257,60,323.1666666666667,0.3231666666666667,5568095.27790706,1.5466931327519613,92.80158796511768,0.09280158796511767,3.4459589136093207
5286898,2026-04-09 11:10:59,8972.0,2026-04-09 13:40:31,2026-04-09 23:38:03,35852.0,cn037,037,96,8,1715833.3333333333,0.47662037037037036,60,343.16666666666663,0.3431666666666666,4838351.462227598,1.343986517285444,80.63919103712664,0.08063919103712663,2.819826010040368
5286899,2026-04-09 11:11:00,9019.0,2026-04-09 13:41:19,2026-04-09 23:27:53,35194.0,cn548,548,96,8,1373333.3333333333,0.3814814814814815,60,274.66666666666663,0.2746666666666666,5733243.916666667,1.5925677546296297,95.55406527777778,0.09555406527777778,4.174692172330097
5286900,2026-04-09 11:11:01,9022.0,2026-04-09 13:41:23,2026-04-09 23:03:02,33699.0,cn523,523,96,8,1315000.0,0.36527777777777776,60,263.0,0.263,3342765.0180780003,0.928545838355,55.712750301300005,0.055712750301300004,2.5420266297171104
5286901,2026-04-09 11:11:02,9027.0,2026-04-09 13:41:29,2026-04-09 21:14:09,27160.0,cn012,012,96,8,1333333.3333333333,0.37037037037037035,60,266.6666666666667,0.26666666666666666,4455515.556574496,1.2376432101595825,74.25859260957495,0.07425859260957494,3.3416366674308726
5286902,2026-04-09 11:11:04,9026.0,2026-04-09 13:41:30,2026-04-09 20:48:05,25595.0,cn019,019,96,8,1242500.0,0.3451388888888889,60,248.5,0.2485,3213270.059973045,0.8925750166591792,53.55450099955075,0.053554500999550746,2.586132845048728
5286903,2026-04-09 11:11:07,9069.0,2026-04-09 13:42:16,2026-04-09 20:45:51,25415.0,cn072,072,96,8,1295000.0,0.3597222222222222,60,259.0,0.259,3378855.45,0.9385709583333334,56.314257500000004,0.056314257500000006,2.609154787644788
5286905,2026-04-09 11:11:08,9101.0,2026-04-09 13:42:49,2026-04-09 22:22:25,31176.0,cn508,508,96,8,1220000.0,0.3388888888888889,60,244.0,0.244,4730152.75,1.3139313194444444,78.83587916666667,0.07883587916666668,3.8771743852459015
5286904,2026-04-09 11:11:07,9102.0,2026-04-09 13:42:49,2026-04-09 20:42:15,25166.0,cn040,040,96,8,1261666.6666666665,0.3504629629629629,60,252.33333333333334,0.25233333333333335,0.0,0.0,0.0,0.0,0.0
5286906,2026-04-09 11:11:10,9115.0,2026-04-09 13:43:05,2026-04-09 17:25:29,13344.0,cn315,315,256,8,514375.0,0.14288194444444444,60,274.3333333333333,0.2743333333333333,1938083.29497447,0.5383564708262417,32.3013882495745,0.0323013882495745,3.767841156693988
5286907,2026-04-09 11:11:11,9149.0,2026-04-09 13:43:40,2026-04-09 21:03:12,26372.0,cn090,090,96,8,1314166.6666666665,0.36504629629629626,60,262.8333333333333,0.2628333333333333,7385693.743589744,2.0515815954415957,123.09489572649574,0.12309489572649573,5.620058650797523
5286908,2026-04-09 11:11:12,9156.0,2026-04-09 13:43:48,2026-04-09 20:15:20,23492.0,cn074,074,96,8,1176666.6666666665,0.3268518518518518,60,235.33333333333331,0.2353333333333333,5005964.166666667,1.3905456018518518,83.43273611111111,0.08343273611111111,4.254360481586403
5286909,2026-04-09 11:11:18,9163.0,2026-04-09 13:44:01,2026-04-09 23:04:36,33635.0,cn503,503,96,8,1305833.3333333333,0.36273148148148143,60,261.1666666666667,0.26116666666666666,3227896.248943214,0.8966378469286705,53.79827081572023,0.05379827081572023,2.4719052321198833
5286910,2026-04-09 11:11:22,9166.0,2026-04-09 13:44:08,2026-04-09 17:28:29,13461.0,cn321,321,256,8,518124.99999999994,0.1439236111111111,60,276.3333333333333,0.2763333333333333,1682893.011088911,0.46747028085803083,28.04821685148185,0.02804821685148185,3.248044412234328
5286911,2026-04-09 11:11:24,9172.0,2026-04-09 13:44:16,2026-04-09 21:19:08,27292.0,cn005,005,96,8,1350000.0,0.375,60,270.0,0.27,0.0,0.0,0.0,0.0,0.0
5286912,2026-04-09 11:11:25,9172.0,2026-04-09 13:44:17,2026-04-09 18:15:43,16286.0,cn312,312,256,8,589062.5,0.1636284722222222,60,314.16666666666663,0.31416666666666665,1602211.5644272394,0.4450587678964554,26.703526073787323,0.026703526073787322,2.719934751282316
5286914,2026-04-09 11:11:27,9174.0,2026-04-09 13:44:21,2026-04-09 17:24:57,13236.0,cn315,315,256,8,510312.49999999994,0.1417534722222222,60,272.16666666666663,0.2721666666666666,1921285.004065379,0.5336902789070498,32.021416734422985,0.032021416734422985,3.7649185627735537
5286915,2026-04-09 11:11:28,9174.0,2026-04-09 13:44:22,2026-04-09 22:13:53,30571.0,cn108,108,96,8,1521666.6666666665,0.42268518518518516,60,304.3333333333333,0.3043333333333333,4459056.475490196,1.2386267987472765,74.3176079248366,0.07431760792483659,2.930376654210425
5286916,2026-04-09 11:11:35,9193.0,2026-04-09 13:44:48,2026-04-09 23:02:20,33452.0,cn040,040,96,8,1660833.3333333333,0.4613425925925926,60,332.1666666666667,0.33216666666666667,0.0,0.0,0.0,0.0,0.0
5286917,2026-04-09 11:11:40,9194.0,2026-04-09 13:44:54,2026-04-10 00:38:24,39210.0,cn016,016,96,8,1987500.0,0.5520833333333334,60,397.5,0.3975,9044530.382066276,2.5123695505739656,150.74217303443794,0.15074217303443793,4.550707110473598
5286918,2026-04-09 11:11:40,9196.0,2026-04-09 13:44:56,2026-04-09 23:45:51,36055.0,cn101,101,96,8,1730833.3333333333,0.480787037037037,60,346.1666666666667,0.3461666666666667,7845340.324154277,2.179261201153966,130.75567206923796,0.13075567206923797,4.532695420792072
5286919,2026-04-09 11:11:41,9196.0,2026-04-09 13:44:57,2026-04-09 22:35:30,31833.0,cn097,097,96,8,1593333.3333333333,0.4425925925925926,60,318.66666666666663,0.31866666666666665,12464721.571895424,3.46242265885984,207.7453595315904,0.2077453595315904,7.823047011649848
5286920,2026-04-09 11:11:42,9199.0,2026-04-09 13:45:01,2026-04-09 23:12:30,34049.0,cn108,108,96,8,1695000.0,0.4708333333333333,60,339.0,0.339,5102664.602187029,1.4174068339408414,85.04441003645049,0.08504441003645048,3.0104215942106367
5286925,2026-04-09 11:11:55,9201.0,2026-04-09 13:45:16,2026-04-09 18:07:41,15745.0,cn305,305,256,8,600312.5,0.16675347222222223,60,320.1666666666667,0.3201666666666667,2481480.2009018757,0.6893000558060766,41.35800334836459,0.04135800334836459,4.133647393485686
5286926,2026-04-09 11:11:56,9201.0,2026-04-09 13:45:17,2026-04-10 00:56:52,40295.0,cn536,536,96,8,1584166.6666666665,0.44004629629629627,60,316.83333333333337,0.31683333333333336,4382320.7,1.2173113055555556,73.03867833333334,0.07303867833333334,2.766325533929511
5286927,2026-04-09 11:11:57,9200.0,2026-04-09 13:45:17,2026-04-09 23:43:09,35872.0,cn012,012,96,8,1758333.3333333333,0.48842592592592593,60,351.66666666666663,0.3516666666666666,9149767.950365346,2.5416022084348184,152.4961325060891,0.15249613250608912,5.203659497838111
5286928,2026-04-09 11:11:58,9208.0,2026-04-09 13:45:26,2026-04-09 21:43:01,28655.0,cn109,109,96,8,1402500.0,0.38958333333333334,60,280.5,0.2805,6639473.25,1.844298125,110.65788749999999,0.11065788749999998,4.734027272727273
5286929,2026-04-09 11:11:59,9217.0,2026-04-09 13:45:36,2026-04-09 18:28:59,17003.0,cn305,305,256,8,647812.5,0.17994791666666668,60,345.5,0.3455,2995297.0897907647,0.8320269693863236,49.92161816317942,0.049921618163179415,4.623709931177253
5286930,2026-04-09 11:12:01,9222.0,2026-04-09 13:45:43,2026-04-09 23:22:36,34613.0,cn037,037,96,8,1656666.6666666665,0.46018518518518514,60,331.3333333333333,0.3313333333333333,4554928.440297773,1.2652579000827147,75.91547400496287,0.07591547400496287,2.7494537869000646
5286931,2026-04-09 11:12:02,9226.0,2026-04-09 13:45:48,2026-04-09 23:53:36,36468.0,cn011,011,96,8,1746666.6666666665,0.48518518518518516,60,349.3333333333333,0.34933333333333333,4465462.933333334,1.2404063703703705,74.42438222222223,0.07442438222222224,2.5565627480916033
5286932,2026-04-09 11:12:05,9224.0,2026-04-09 13:45:49,2026-04-09 18:57:23,18694.0,cn314,314,256,8,714062.5,0.19835069444444445,60,380.8333333333333,0.3808333333333333,3744951.66984127,1.0402643527336861,62.415861164021166,0.06241586116402117,5.244571266298496
5286933,2026-04-09 11:12:07,9246.0,2026-04-09 13:46:13,2026-04-09 17:48:38,14545.0,cn311,311,256,8,547187.5,0.15199652777777778,60,291.8333333333333,0.29183333333333333,5574557.933333334,1.548488314814815,92.9092988888889,0.0929092988888889,10.187655846183134
5286935,2026-04-09 11:12:10,9249.0,2026-04-09 13:46:19,2026-04-09 22:34:48,31709.0,cn005,005,96,8,1566666.6666666665,0.4351851851851851,60,313.3333333333333,0.3133333333333333,0.0,0.0,0.0,0.0,0.0
5286936,2026-04-09 11:12:12,9260.0,2026-04-09 13:46:32,2026-04-09 20:11:03,23071.0,cn089,089,96,8,1160000.0,0.32222222222222224,60,232.0,0.232,5165312.205128205,1.434808945868946,86.08853675213676,0.08608853675213676,4.452855349248453
5286937,2026-04-09 11:12:13,9280.0,2026-04-09 13:46:53,2026-04-09 21:58:23,29490.0,cn056,056,96,8,1465833.3333333333,0.4071759259259259,60,293.1666666666667,0.2931666666666667,3461690.206284332,0.9615806128567589,57.694836771405534,0.057694836771405536,2.361585132200795
5286953,2026-04-09 11:19:47,8826.0,2026-04-09 13:46:53,2026-04-09 22:15:25,30512.0,cn056,056,96,8,1515833.3333333333,0.4210648148148148,60,303.1666666666667,0.3031666666666667,3991180.3500751816,1.108661208354217,66.51967250125303,0.06651967250125303,2.6329941836669697
5286954,2026-04-09 11:19:47,8829.0,2026-04-09 13:46:56,2026-04-10 00:23:28,38192.0,cn024,024,96,8,1899166.6666666665,0.5275462962962962,60,379.83333333333337,0.37983333333333336,14086201.25490196,3.912833681917211,234.77002091503266,0.23477002091503266,7.41704322329195
5286955,2026-04-09 11:19:48,8828.0,2026-04-09 13:46:56,2026-04-09 22:39:41,31965.0,cn017,017,96,8,1595833.3333333333,0.44328703703703703,60,319.1666666666667,0.3191666666666667,19413544.0,5.392651111111111,323.5590666666667,0.3235590666666667,12.165145065274151
5286956,2026-04-09 11:19:50,8834.0,2026-04-09 13:47:04,2026-04-10 00:20:36,38012.0,cn051,051,96,8,1831666.6666666665,0.5087962962962963,60,366.3333333333333,0.3663333333333333,12815610.033333333,3.559891675925926,213.59350055555555,0.21359350055555554,6.996693375796179
5286957,2026-04-09 11:19:51,8834.0,2026-04-09 13:47:05,2026-04-09 19:42:54,21349.0,cn320,320,256,8,791562.5,0.21987847222222223,60,422.1666666666667,0.4221666666666667,4210893.3437872585,1.1696925954964608,70.18155572978765,0.07018155572978765,5.319723134670046
5286958,2026-04-09 11:19:52,8836.0,2026-04-09 13:47:08,2026-04-10 00:53:51,40003.0,cn297,297,96,8,1669166.6666666665,0.46365740740740735,60,333.83333333333337,0.33383333333333337,10150695.135353535,2.8196375375982043,169.17825225589226,0.16917825225589225,6.081295138504365
5286959,2026-04-09 11:19:54,8836.0,2026-04-09 13:47:10,2026-04-09 23:23:43,34593.0,cn049,049,96,8,1602500.0,0.44513888888888886,60,320.5,0.3205,6981728.25,1.9393689583333333,116.3621375,0.1163621375,4.356772698907957
5286960,2026-04-09 11:19:55,8867.0,2026-04-09 13:47:42,2026-04-09 20:26:14,23912.0,cn086,086,96,8,1190833.3333333333,0.330787037037037,60,238.16666666666669,0.2381666666666667,4772178.406155541,1.3256051128209836,79.53630676925901,0.07953630676925902,4.00742763288079
5286961,2026-04-09 11:19:56,8882.0,2026-04-09 13:47:58,2026-04-09 18:31:28,17010.0,cn013,013,96,8,830833.3333333333,0.230787037037037,60,166.16666666666666,0.16616666666666666,2760518.5,0.7668106944444445,46.00864166666667,0.04600864166666667,3.3225899699097297
5286962,2026-04-09 11:19:58,8887.0,2026-04-09 13:48:05,2026-04-09 18:56:43,18518.0,cn107,107,96,8,904166.6666666666,0.2511574074074074,60,180.83333333333334,0.18083333333333335,3507572.641025641,0.9743257336182336,58.45954401709402,0.058459544017094016,3.8793430131159163
5286964,2026-04-09 11:20:01,8894.0,2026-04-09 13:48:15,2026-04-09 16:15:39,8844.0,cn315,315,256,8,340937.5,0.09470486111111111,60,181.83333333333331,0.18183333333333332,1010596.3806526806,0.28072121684796686,16.84327301087801,0.016843273010878013,2.9641690358282107
5286963,2026-04-09 11:19:59,8896.0,2026-04-09 13:48:15,2026-04-09 19:28:44,20429.0,cn037,037,96,8,979166.6666666666,0.27199074074074076,60,195.83333333333334,0.19583333333333333,2268845.0279069766,0.6302347299741602,37.81408379844961,0.03781408379844961,2.3171183263730826
5286965,2026-04-09 11:20:02,8895.0,2026-04-09 13:48:17,2026-04-09 18:46:49,17912.0,cn096,096,96,8,867500.0,0.24097222222222223,60,173.5,0.1735,5079613.088888889,1.4110036358024691,84.66021814814815,0.08466021814814814,5.8554617739353185
5286966,2026-04-09 11:20:03,8899.0,2026-04-09 13:48:22,2026-04-09 18:24:13,16551.0,cn003,003,96,8,843333.3333333333,0.23425925925925925,60,168.66666666666666,0.16866666666666666,3050789.2988505745,0.8474414719029374,50.84648831417624,0.05084648831417624,3.6175367180046343
5286967,2026-04-09 11:20:05,8911.0,2026-04-09 13:48:36,2026-04-09 19:52:05,21809.0,cn044,044,96,8,1083333.3333333333,0.30092592592592593,60,216.66666666666666,0.21666666666666665,5627880.241025641,1.5633000669515669,93.79800401709402,0.09379800401709401,5.194966376331361
5286968,2026-04-09 11:20:06,8911.0,2026-04-09 13:48:37,2026-04-09 16:20:20,9103.0,cn305,305,256,8,348750.0,0.096875,60,186.0,0.186,1031450.331060606,0.2865139808501683,17.1908388510101,0.0171908388510101,2.9575636732920603
5286969,2026-04-09 11:20:08,8926.0,2026-04-09 13:48:54,2026-04-09 20:12:24,23010.0,cn120,120,96,8,1104166.6666666665,0.3067129629629629,60,220.83333333333331,0.22083333333333333,7649410.811111111,2.124836336419753,127.49018018518518,0.12749018018518518,6.927768281761007
5286970,2026-04-09 11:20:09,8940.0,2026-04-09 13:49:09,2026-04-09 19:03:57,18888.0,cn081,081,96,8,920833.3333333333,0.25578703703703703,60,184.16666666666669,0.18416666666666667,2246332.4471544717,0.6239812353206866,37.4388741192412,0.0374388741192412,2.4394560512084764
5286971,2026-04-09 11:20:10,8942.0,2026-04-09 13:49:12,2026-04-09 18:26:43,16651.0,cn078,078,96,8,818333.3333333333,0.2273148148148148,60,163.66666666666669,0.16366666666666668,3329255.6666666665,0.9247932407407407,55.48759444444444,0.05548759444444444,4.068336863543788
5286972,2026-04-09 11:20:12,8964.0,2026-04-09 13:49:36,2026-04-09 13:53:10,214.0,cn034,034,96,8,10271.666666666666,0.0028532407407407404,60,2.054333333333333,0.002054333333333333,39928.5,0.01109125,0.665475,0.000665475,3.887246470874574
5286973,2026-04-09 11:20:13,9005.0,2026-04-09 13:50:18,2026-04-09 19:21:48,19890.0,cn016,016,96,8,1003333.3333333333,0.2787037037037037,60,200.66666666666669,0.2006666666666667,3861386.7407407407,1.0726074279835391,64.35644567901235,0.06435644567901236,3.848558213362865
5286974,2026-04-09 11:20:15,9012.0,2026-04-09 13:50:27,2026-04-09 19:08:12,19065.0,cn535,535,96,8,748333.3333333333,0.20787037037037034,60,149.66666666666666,0.14966666666666667,2247965.25,0.6244347916666667,37.4660875,0.0374660875,3.0039624721603566
5286975,2026-04-09 11:20:16,9019.0,2026-04-09 13:50:35,2026-04-09 18:49:09,17914.0,cn067,067,96,8,865000.0,0.24027777777777778,60,173.0,0.173,2878949.255757576,0.7997081265993267,47.9824875959596,0.0479824875959596,3.3282650355578913
5286976,2026-04-09 11:20:19,9028.0,2026-04-09 13:50:47,2026-04-10 02:53:20,46953.0,cn538,538,96,8,1830833.3333333333,0.5085648148148147,60,366.1666666666667,0.3661666666666667,8178004.27592832,2.2716678544245332,136.30007126547198,0.13630007126547197,4.466820724221204
5286977,2026-04-09 11:20:19,9032.0,2026-04-09 13:50:51,2026-04-09 18:56:26,18335.0,cn314,314,256,8,700312.5,0.19453125,60,373.5,0.3735,3667518.3126984127,1.0187550868606703,61.12530521164022,0.06112530521164022,5.2369739404885856
5286978,2026-04-09 11:20:21,9034.0,2026-04-09 13:50:55,2026-04-10 02:45:38,46483.0,cn004,004,96,8,2350000.0,0.6527777777777778,60,470.0,0.47,11894086.540004492,3.3039129277790256,198.23477566674154,0.19823477566674155,5.061313421278507
5286979,2026-04-09 11:20:22,9046.0,2026-04-09 13:51:08,2026-04-09 22:42:39,31891.0,cn060,060,96,8,1605833.3333333333,0.4460648148148148,60,321.1666666666667,0.3211666666666667,5326648.366666666,1.4796245462962963,88.77747277777777,0.08877747277777777,3.3170617747794497
5286980,2026-04-09 11:20:23,9054.0,2026-04-09 13:51:17,2026-04-09 23:53:50,36153.0,cn084,084,96,8,1717500.0,0.47708333333333336,60,343.5,0.3435,7007908.83739399,1.9466413437205528,116.79848062323316,0.11679848062323316,4.080296266313822
5286981,2026-04-09 11:20:25,9072.0,2026-04-09 13:51:37,2026-04-09 18:15:09,15812.0,cn314,314,256,8,604062.5,0.1677951388888889,60,322.1666666666667,0.3221666666666667,2907053.2412698413,0.8075147892416226,48.450887354497354,0.04845088735449735,4.812504072459127
5286982,2026-04-09 11:20:26,9073.0,2026-04-09 13:51:39,2026-04-10 01:01:10,40171.0,cn001,001,96,8,2007500.0,0.5576388888888889,60,401.5,0.4015,10629544.25,2.9526511805555558,177.15907083333335,0.17715907083333335,5.294916189290162
5286983,2026-04-09 11:20:28,9102.0,2026-04-09 13:52:10,2026-04-09 22:30:43,31113.0,cn503,503,96,8,1208333.3333333333,0.33564814814814814,60,241.66666666666666,0.24166666666666667,2732237.996002037,0.7589549988894547,45.53729993336729,0.04553729993336729,2.261162479449962
5286984,2026-04-09 11:20:29,9104.0,2026-04-09 13:52:13,2026-04-09 22:42:57,31844.0,cn054,054,96,8,1570000.0,0.4361111111111111,60,314.0,0.314,5338322.213404635,1.4828672815012875,88.97203689007725,0.08897203689007725,3.4002052314679205
5286985,2026-04-09 11:20:30,9122.0,2026-04-09 13:52:32,2026-04-09 18:46:53,17661.0,cn307,307,256,8,668750.0,0.1857638888888889,60,356.6666666666667,0.3566666666666667,2887146.97008547,0.8019852694681862,48.11911616809117,0.04811911616809117,4.317229114146497
5286986,2026-04-09 11:20:32,9138.0,2026-04-09 13:52:50,2026-04-09 23:00:20,32850.0,cn039,039,96,8,1556666.6666666665,0.43240740740740735,60,311.33333333333337,0.31133333333333335,10672810.177777778,2.9646694938271607,177.88016962962965,0.17788016962962966,6.8561949750178455
5286987,2026-04-09 11:20:33,9157.0,2026-04-09 13:53:10,2026-04-10 00:47:03,39233.0,cn034,034,96,8,1884166.6666666665,0.5233796296296296,60,376.83333333333337,0.37683333333333335,11395374.554270778,3.165381820630772,189.9229092378463,0.1899229092378463,6.047965265424562
5286988,2026-04-09 11:20:35,9158.0,2026-04-09 13:53:13,2026-04-09 21:15:47,26554.0,cn102,102,96,8,1297500.0,0.36041666666666666,60,259.5,0.2595,5300783.916666667,1.472439976851852,88.34639861111111,0.08834639861111111,4.085382594733462
5286989,2026-04-09 11:20:36,9162.0,2026-04-09 13:53:18,2026-04-10 01:31:57,41919.0,cn299,299,96,8,1691666.6666666665,0.4699074074074074,60,338.33333333333337,0.3383333333333334,7442760.85,2.0674335694444443,124.04601416666667,0.12404601416666666,4.399661586206896
5286990,2026-04-09 11:20:37,9183.0,2026-04-09 13:53:40,2026-04-09 20:35:35,24115.0,cn538,538,96,8,940833.3333333333,0.26134259259259257,60,188.16666666666666,0.18816666666666665,2203328.1738095237,0.6120356038359788,36.722136230158725,0.03672213623015873,2.3418899987346578
5286991,2026-04-09 11:20:39,9182.0,2026-04-09 13:53:41,2026-04-10 00:09:34,36953.0,cn095,095,96,8,1800000.0,0.5,60,360.0,0.36,13875206.333333334,3.8542239814814816,231.2534388888889,0.23125343888888888,7.708447962962963
5286992,2026-04-09 11:20:40,9182.0,2026-04-09 13:53:42,2026-04-09 23:48:14,35672.0,cn106,106,96,8,1726666.6666666665,0.4796296296296296,60,345.3333333333333,0.3453333333333333,10074343.394871796,2.798428720797721,167.90572324786325,0.16790572324786324,5.834561811701812
5286993,2026-04-09 11:20:42,9180.0,2026-04-09 13:53:42,2026-04-09 23:30:10,34588.0,cn081,081,96,8,1674166.6666666665,0.46504629629629624,60,334.83333333333337,0.33483333333333337,8650906.400547223,2.403029555707562,144.1817733424537,0.14418177334245372,5.167291030690229
5286994,2026-04-09 11:20:43,9190.0,2026-04-09 13:53:53,2026-04-09 19:33:18,20365.0,cn318,318,256,8,744062.5,0.20668402777777778,60,396.8333333333333,0.3968333333333333,5061671.925793651,1.406019979387125,84.3611987632275,0.08436119876322751,6.802751013246401
5286995,2026-04-09 11:20:44,9191.0,2026-04-09 13:53:55,2026-04-09 22:23:28,30573.0,cn054,054,96,8,1508333.3333333333,0.41898148148148145,60,301.6666666666667,0.3016666666666667,4986949.095757576,1.3852636377104377,83.11581826262626,0.08311581826262626,3.306264593872426
5286996,2026-04-09 11:20:46,9197.0,2026-04-09 13:54:03,2026-04-09 22:18:32,30269.0,cn004,004,96,8,1533333.3333333333,0.42592592592592593,60,306.66666666666663,0.30666666666666664,4102946.228174427,1.1397072856040076,68.38243713624045,0.06838243713624045,2.675834496635496
5286997,2026-04-09 11:20:47,9208.0,2026-04-09 13:54:15,2026-04-09 22:55:51,32496.0,cn084,084,96,8,1549166.6666666665,0.430324074074074,60,309.8333333333333,0.3098333333333333,5537195.709802284,1.5381099193895234,92.2865951633714,0.0922865951633714,3.5743059987965258
5286999,2026-04-09 11:20:52,9213.0,2026-04-09 13:54:25,2026-04-09 19:22:55,19710.0,cn312,312,256,8,721250.0,0.20034722222222223,60,384.6666666666667,0.3846666666666667,2490857.128316128,0.6919047578655911,41.514285471935466,0.04151428547193547,3.4535280808542503
5286998,2026-04-09 11:20:49,9216.0,2026-04-09 13:54:25,2026-04-10 00:09:10,36885.0,cn094,094,96,8,1845000.0,0.5125,60,369.0,0.369,9444577.091598481,2.623493636555134,157.40961819330803,0.15740961819330804,5.119011973766114
5287008,2026-04-09 11:25:42,8929.0,2026-04-09 13:54:31,2026-04-09 17:51:55,14244.0,cn301,301,256,8,533750.0,0.1482638888888889,60,284.6666666666667,0.2846666666666667,2451908.353174603,0.6810856536596119,40.86513921957672,0.04086513921957672,4.593739303371621
5287009,2026-04-09 11:25:44,8949.0,2026-04-09 13:54:53,2026-04-09 22:47:41,31968.0,cn001,001,96,8,1597500.0,0.44375,60,319.5,0.3195,5679428.416666667,1.5776190046296297,94.65714027777778,0.09465714027777779,3.555197756911842
5287011,2026-04-09 11:25:46,8984.0,2026-04-09 13:55:30,2026-04-09 22:47:22,31912.0,cn104,104,96,8,1531666.6666666665,0.42546296296296293,60,306.3333333333333,0.3063333333333333,11901329.150326798,3.305924763979666,198.35548583877994,0.19835548583877993,7.770182252661675
5287013,2026-04-09 11:25:48,8988.0,2026-04-09 13:55:36,2026-04-10 00:20:06,37470.0,cn018,018,96,8,1798333.3333333333,0.499537037037037,60,359.6666666666667,0.3596666666666667,11317550.261460805,3.1437639615168904,188.62583769101343,0.18862583769101343,6.293355103685341
5287012,2026-04-09 11:25:47,8989.0,2026-04-09 13:55:36,2026-04-09 23:55:08,35972.0,cn062,062,96,8,1725833.3333333333,0.47939814814814813,60,345.1666666666667,0.3451666666666667,8158688.080952381,2.266302244708995,135.9781346825397,0.1359781346825397,4.727390486307512
5287014,2026-04-09 11:25:49,8991.0,2026-04-09 13:55:40,2026-04-10 00:11:11,36931.0,cn048,048,96,8,1744166.6666666665,0.4844907407407407,60,348.83333333333337,0.3488333333333334,11952668.306220096,3.3201856406166934,199.2111384370016,0.1992111384370016,6.852939306002922
5287017,2026-04-09 11:25:51,9003.0,2026-04-09 13:55:54,2026-04-10 01:38:24,42150.0,cn011,011,96,8,2020000.0,0.5611111111111111,60,404.0,0.404,6210727.3,1.7252020277777778,103.51212166666667,0.10351212166666668,3.074617475247525
5287018,2026-04-09 11:25:51,9003.0,2026-04-09 13:55:54,2026-04-10 00:08:30,36756.0,cn534,534,96,8,1425833.3333333333,0.3960648148148148,60,285.1666666666667,0.2851666666666667,3916173.4228650928,1.0878259507958592,65.26955704775155,0.06526955704775154,2.7465856852356
5287019,2026-04-09 11:25:52,9008.0,2026-04-09 13:56:00,2026-04-10 00:01:44,36344.0,cn041,041,96,8,1818333.3333333333,0.5050925925925925,60,363.66666666666663,0.36366666666666664,7568889.231674208,2.1024692310206134,126.1481538612368,0.12614815386123682,4.162542198904239
5287020,2026-04-09 11:25:53,9022.0,2026-04-09 13:56:15,2026-04-10 00:38:05,38510.0,cn509,509,96,8,1534166.6666666665,0.4261574074074074,60,306.8333333333333,0.3068333333333333,9575453.0,2.6598480555555555,159.59088333333332,0.15959088333333332,6.24146854970125
5287021,2026-04-09 11:25:54,9038.0,2026-04-09 13:56:32,2026-04-09 19:08:57,18745.0,cn321,321,256,8,717812.5,0.1993923611111111,60,382.8333333333333,0.3828333333333333,3593216.6868464868,0.9981157463462463,59.88694478077478,0.05988694478077478,5.005787286856229
5287022,2026-04-09 11:25:54,9057.0,2026-04-09 13:56:51,2026-04-09 19:00:26,18215.0,cn058,058,96,8,910000.0,0.25277777777777777,60,182.0,0.182,3952907.6794871795,1.0980299109686609,65.88179465811965,0.06588179465811965,4.343854592843054
5287023,2026-04-09 11:25:55,9061.0,2026-04-09 13:56:56,2026-04-09 18:14:49,15473.0,cn057,057,96,8,776666.6666666666,0.21574074074074073,60,155.33333333333334,0.15533333333333335,3111881.141025641,0.864411428062678,51.86468568376068,0.05186468568376068,4.006713915483658
5287024,2026-04-09 11:25:56,9097.0,2026-04-09 13:57:33,2026-04-09 18:21:04,15811.0,cn120,120,96,8,759166.6666666666,0.2108796296296296,60,151.83333333333331,0.15183333333333332,4268161.166666667,1.1856003240740742,71.13601944444446,0.07113601944444446,5.622166190998903
5287025,2026-04-09 11:25:57,9097.0,2026-04-09 13:57:34,2026-04-09 18:29:05,16291.0,cn094,094,96,8,815833.3333333333,0.22662037037037036,60,163.16666666666669,0.16316666666666668,2075092.7272357724,0.5764146464543812,34.58487878726287,0.03458487878726287,2.5435253040683627
5287026,2026-04-09 11:25:57,9111.0,2026-04-09 13:57:48,2026-04-09 19:41:43,20635.0,cn514,514,96,8,800833.3333333333,0.22245370370370368,60,160.16666666666666,0.16016666666666665,4802198.5,1.3339440277777779,80.03664166666667,0.08003664166666667,5.996501768990635
5287027,2026-04-09 11:25:58,9136.0,2026-04-09 13:58:14,2026-04-09 22:40:50,31356.0,cn504,504,96,8,1220000.0,0.3388888888888889,60,244.0,0.244,8564920.58888889,2.3791446080246916,142.7486764814815,0.1427486764814815,7.020426712204007
5287028,2026-04-09 11:25:58,9140.0,2026-04-09 13:58:18,2026-04-09 23:02:07,32629.0,cn534,534,96,8,1265833.3333333333,0.35162037037037036,60,253.16666666666666,0.25316666666666665,3026507.785218034,0.8406966070050095,50.44179642030057,0.05044179642030057,2.390921225978697
5287029,2026-04-09 11:25:59,9146.0,2026-04-09 13:58:25,2026-04-09 17:45:49,13644.0,cn308,308,256,8,526875.0,0.14635416666666667,60,281.0,0.281,7149832.229761905,1.986064508267196,119.16387049603176,0.11916387049603176,13.570262832288313
5287030,2026-04-09 11:26:00,9147.0,2026-04-09 13:58:27,2026-04-09 21:48:03,28176.0,cn011,011,96,8,1352500.0,0.37569444444444444,60,270.5,0.2705,2893540.3666666667,0.803761212962963,48.22567277777778,0.048225672777777784,2.139401380160197
5287031,2026-04-09 11:26:01,9154.0,2026-04-09 13:58:35,2026-04-09 21:04:06,25531.0,cn525,525,96,8,991666.6666666666,0.27546296296296297,60,198.33333333333331,0.1983333333333333,2564236.689635854,0.7122879693432929,42.73727816059757,0.04273727816059757,2.585784897111786
5287032,2026-04-09 11:26:01,9157.0,2026-04-09 13:58:38,2026-04-09 16:35:59,9441.0,cn306,306,256,8,359687.5,0.09991319444444445,60,191.83333333333334,0.19183333333333336,986106.768925519,0.2739185469237553,16.435112815425317,0.016435112815425316,2.7415653002273332
5287033,2026-04-09 11:26:02,9174.0,2026-04-09 13:58:56,2026-04-09 18:36:28,16652.0,cn071,071,96,8,832500.0,0.23125,60,166.5,0.1665,3280345.1333333333,0.9112069814814815,54.67241888888889,0.05467241888888889,3.9403545145145147
5287034,2026-04-09 11:26:03,9176.0,2026-04-09 13:58:59,2026-04-09 19:27:44,19725.0,cn054,054,96,8,981666.6666666666,0.2726851851851852,60,196.33333333333331,0.1963333333333333,2915714.4924242427,0.8099206923400674,48.59524154040404,0.04859524154040404,2.970167564438957
5287035,2026-04-09 11:26:04,9181.0,2026-04-09 13:59:05,2026-04-09 19:19:41,19236.0,cn045,045,96,8,954166.6666666666,0.2650462962962963,60,190.83333333333331,0.19083333333333333,4328710.888888889,1.2024196913580247,72.14518148148149,0.07214518148148148,4.536640232896652
5287036,2026-04-09 11:26:04,9182.0,2026-04-09 13:59:06,2026-04-09 18:35:36,16590.0,cn079,079,96,8,825000.0,0.22916666666666666,60,165.0,0.165,3462604.6666666665,0.9618346296296296,57.71007777777778,0.05771007777777778,4.197096565656565
5287037,2026-04-09 11:26:07,9204.0,2026-04-09 13:59:31,2026-04-09 18:49:00,17369.0,cn053,053,96,8,864166.6666666666,0.24004629629629629,60,172.83333333333334,0.17283333333333334,2086393.1595959596,0.5795536554433222,34.77321932659933,0.03477321932659933,2.414341168288478
5287038,2026-04-09 11:26:07,9216.0,2026-04-09 13:59:43,2026-04-09 16:41:09,9686.0,cn319,319,256,8,373750.0,0.10381944444444445,60,199.33333333333334,0.19933333333333333,1104270.0381146632,0.30674167725407314,18.40450063524439,0.01840450063524439,2.9545686638519415
5287039,2026-04-09 11:26:07,9223.0,2026-04-09 13:59:50,2026-04-09 18:50:28,17438.0,cn018,018,96,8,837500.0,0.2326388888888889,60,167.5,0.1675,2033291.6171470806,0.5648032269853002,33.88819361911801,0.03388819361911801,2.427810886145768
5287040,2026-04-09 11:26:07,9238.0,2026-04-09 14:00:05,2026-04-09 18:47:38,17253.0,cn116,116,96,8,862500.0,0.23958333333333334,59,169.625,0.169625,1720784.6077063384,0.4779957243628718,28.201747737409438,0.02820174773740944,1.99511258864503
5287041,2026-04-09 11:26:08,9247.0,2026-04-09 14:00:15,2026-04-09 19:14:46,18871.0,cn052,052,96,8,906666.6666666666,0.2518518518518518,59,178.3111111111111,0.17831111111111111,4946537.421052632,1.37403817251462,81.06825217836258,0.08106825217836258,5.455739802631579
5287042,2026-04-09 11:26:08,9258.0,2026-04-09 14:00:26,2026-04-09 18:36:58,16592.0,cn051,051,96,8,802500.0,0.22291666666666668,59,157.825,0.157825,4236136.5,1.1767045833333334,69.42557041666667,0.06942557041666668,5.27867476635514
5287043,2026-04-09 11:26:09,9259.0,2026-04-09 14:00:28,2026-04-09 18:35:09,16481.0,cn025,025,96,8,800833.3333333333,0.22245370370370368,59,157.4972222222222,0.1574972222222222,0.0,0.0,0.0,0.0,0.0
5287044,2026-04-09 11:26:10,9285.0,2026-04-09 14:00:55,2026-04-09 16:50:37,10182.0,cn316,316,256,8,355312.5,0.09869791666666666,59,186.34166666666667,0.18634166666666666,1275732.9875901877,0.3543702743306077,20.907846185505853,0.020907846185505854,3.5904534391280567
5287045,2026-04-09 11:26:11,9284.0,2026-04-09 14:00:55,2026-04-09 21:17:28,26193.0,cn094,094,96,8,1310833.3333333333,0.36412037037037037,59,257.7972222222222,0.25779722222222223,3894478.6675461936,1.0817996298739427,63.82617816256262,0.06382617816256261,2.970994533410955
5287046,2026-04-09 11:26:12,9308.0,2026-04-09 14:01:20,2026-04-09 21:33:50,27150.0,cn046,046,96,8,1265000.0,0.35138888888888886,59,248.78333333333333,0.24878333333333333,3448209.868985927,0.9578360747183131,56.512328408380476,0.056512328408380476,2.7258576039414444
5287047,2026-04-09 11:26:12,9316.0,2026-04-09 14:01:28,2026-04-09 23:15:02,33214.0,cn547,547,96,8,1305000.0,0.3625,59,256.65,0.25665,2601608.0099148843,0.7226688916430234,42.63746460693838,0.04263746460693838,1.9935693562566164
5287048,2026-04-09 11:26:13,9318.0,2026-04-09 14:01:31,2026-04-09 18:07:00,14729.0,cn320,320,256,8,541875.0,0.15052083333333333,59,284.18333333333334,0.28418333333333334,1725733.908738239,0.47937053020506637,28.282861282098917,0.028282861282098917,3.184745390981756
5287049,2026-04-09 11:26:15,9321.0,2026-04-09 14:01:36,2026-04-09 18:17:01,15325.0,cn312,312,256,8,552187.5,0.15338541666666666,59,289.59166666666664,0.28959166666666664,1464637.2664113664,0.40684368511426844,24.003777421741837,0.024003777421741836,2.652427420778932
5287050,2026-04-09 11:26:16,9327.0,2026-04-09 14:01:43,2026-04-09 14:05:09,206.0,cn304,304,256,8,7966.875,0.0022130208333333333,59,4.178183333333333,0.004178183333333333,20422.423076923078,0.0056728952991452995,0.3347008226495727,0.0003347008226495727,2.563417033268763
5287051,2026-04-09 11:26:18,9329.0,2026-04-09 14:01:47,2026-04-09 19:50:19,20912.0,cn010,010,96,8,1023333.3333333333,0.2842592592592592,59,201.25555555555556,0.20125555555555555,0.0,0.0,0.0,0.0,0.0
5287052,2026-04-09 11:26:19,9372.0,2026-04-09 14:02:31,2026-04-09 21:43:01,27630.0,cn026,026,96,8,1321666.6666666665,0.3671296296296296,59,259.9277777777778,0.2599277777777778,8258704.407581699,2.294084557661583,135.35098890203338,0.13535098890203337,6.248704469796999
5287053,2026-04-09 11:26:20,9404.0,2026-04-09 14:03:04,2026-04-09 22:53:41,31837.0,cn523,523,96,8,1242500.0,0.3451388888888889,59,244.35833333333332,0.24435833333333332,3060152.056162465,0.8500422378229069,50.1524920315515,0.050152492031551504,2.4628990391649617
5287054,2026-04-09 11:26:22,9437.0,2026-04-09 14:03:39,2026-04-09 21:51:15,28056.0,cn533,533,96,8,1110000.0,0.30833333333333335,59,218.3,0.21830000000000002,4801646.5,1.3337906944444444,78.69365097222222,0.07869365097222221,4.325807657657657
5287055,2026-04-09 11:26:23,9445.0,2026-04-09 14:03:48,2026-04-10 00:27:18,37410.0,cn115,115,96,8,1785000.0,0.49583333333333335,59,351.05,0.35105000000000003,7199528.496446295,1.9998690267906374,117.99227258064761,0.11799227258064761,4.033349297729017
5287056,2026-04-09 11:26:25,9454.0,2026-04-09 14:03:59,2026-04-09 19:11:24,18445.0,cn309,309,256,8,680312.5,0.18897569444444445,59,356.78611111111115,0.35678611111111114,5027384.306746032,1.3964956407627866,82.3932428050044,0.0823932428050044,7.389816160582132
5287057,2026-04-09 11:26:26,9467.0,2026-04-09 14:04:13,2026-04-10 01:28:46,41073.0,cn016,016,96,8,2084166.6666666665,0.5789351851851852,59,409.8861111111111,0.4098861111111111,9961049.2417154,2.766958122698722,163.2505292392246,0.1632505292392246,4.779391879271683
5287058,2026-04-09 11:26:28,9466.0,2026-04-09 14:04:14,2026-04-09 14:07:47,213.0,cn038,038,96,8,9983.333333333332,0.002773148148148148,59,1.963388888888889,0.001963388888888889,30486.6,0.0084685,0.4996415,0.0004996415000000001,3.05374958263773
5287059,2026-04-09 11:26:29,9468.0,2026-04-09 14:04:17,2026-04-09 22:54:48,31831.0,cn023,023,96,8,1530833.3333333333,0.42523148148148143,59,301.06388888888887,0.30106388888888885,5478497.724212861,1.5218049233924613,89.78649048015522,0.08978649048015522,3.5787682466278894
5287060,2026-04-09 11:26:31,9477.0,2026-04-09 14:04:28,2026-04-09 19:16:10,18702.0,cn318,318,256,8,679687.5,0.18880208333333334,59,356.45833333333337,0.3564583333333334,4231051.140079365,1.1752919833553792,69.34222701796737,0.06934222701796737,6.224994780806422
5287061,2026-04-09 11:26:32,9484.0,2026-04-09 14:04:36,2026-04-09 20:27:16,22960.0,cn304,304,256,8,885312.5,0.2459201388888889,59,464.2972222222222,0.4642972222222222,5028536.578776779,1.396815716326883,82.4121272632861,0.08241212726328609,5.679956601512775
5287062,2026-04-09 11:26:34,9492.0,2026-04-09 14:04:46,2026-04-09 19:51:09,20783.0,cn312,312,256,8,762500.0,0.21180555555555555,59,399.88888888888886,0.39988888888888885,2929302.7768009766,0.813695215778049,48.008017730904896,0.0480080177309049,3.8417085597389855
5287063,2026-04-09 11:26:35,9495.0,2026-04-09 14:04:50,2026-04-09 22:53:26,31716.0,cn002,002,96,8,1505833.3333333333,0.418287037037037,59,296.14722222222224,0.29614722222222223,5950876.17627451,1.6530211600762528,97.52824844449891,0.09752824844449891,3.9518823528109643
5287064,2026-04-09 11:26:36,9511.0,2026-04-09 14:05:07,2026-04-09 23:48:38,35011.0,cn020,020,96,8,1717500.0,0.47708333333333336,59,337.775,0.337775,0.0,0.0,0.0,0.0,0.0
5287065,2026-04-09 11:26:39,9510.0,2026-04-09 14:05:09,2026-04-09 19:46:28,20479.0,cn304,304,256,8,789375.0,0.21927083333333333,59,413.98333333333335,0.41398333333333337,3338317.181340881,0.9273103281502447,54.71130936086444,0.05471130936086444,4.2290637293312825
5287003,2026-04-09 11:22:38,9759.0,2026-04-09 14:05:17,2026-04-09 14:41:57,2200.0,cn296,296,96,8,89166.66666666666,0.024768518518518516,59,17.53611111111111,0.01753611111111111,533816.0,0.14828222222222223,8.748651111111112,0.008748651111111111,5.986721495327103
5287066,2026-04-09 11:26:39,9525.0,2026-04-09 14:05:24,2026-04-09 17:59:45,14061.0,cn305,305,256,8,535937.5,0.1488715277777778,59,281.06944444444446,0.2810694444444445,2191206.3423160175,0.608668428421116,35.911437276845845,0.03591143727684584,4.088548277207729
5287067,2026-04-09 11:26:41,9529.0,2026-04-09 14:05:30,2026-04-09 23:49:14,35024.0,cn049,049,96,8,1620833.3333333333,0.45023148148148145,59,318.76388888888886,0.31876388888888885,7631960.25,2.1199889583333333,125.07934854166666,0.12507934854166666,4.708664421593831
5287068,2026-04-09 11:26:42,9538.0,2026-04-09 14:05:40,2026-04-09 22:31:18,30338.0,cn062,062,96,8,1455000.0,0.4041666666666667,59,286.15,0.28614999999999996,6036612.914285715,1.6768369206349207,98.93337831746032,0.09893337831746032,4.148874855179185
5287075,2026-04-09 11:31:48,9269.0,2026-04-09 14:06:17,2026-04-09 23:26:51,33634.0,cn108,108,96,8,1675000.0,0.4652777777777778,59,329.41666666666663,0.32941666666666664,5078614.74321267,1.410726317559075,83.23285273598542,0.08323285273598542,3.032008801918012
5287076,2026-04-09 11:31:50,9276.0,2026-04-09 14:06:26,2026-04-10 01:01:01,39275.0,cn546,546,96,8,1567500.0,0.4354166666666667,59,308.275,0.30827499999999997,7869950.85,2.1860974583333332,128.97975004166665,0.12897975004166665,5.020702296650717
5287077,2026-04-09 11:31:51,9280.0,2026-04-09 14:06:31,2026-04-10 04:14:16,50865.0,cn521,521,96,8,2015833.3333333333,0.5599537037037037,59,396.4472222222222,0.3964472222222222,10950570.333333334,3.041825092592593,179.467680462963,0.179467680462963,5.432279619677553
5287078,2026-04-09 11:31:52,9283.0,2026-04-09 14:06:35,2026-04-09 22:53:06,31591.0,cn020,020,96,8,1552500.0,0.43125,59,305.325,0.305325,0.0,0.0,0.0,0.0,0.0
5287079,2026-04-09 11:31:54,9321.0,2026-04-09 14:07:15,2026-04-09 23:27:06,33591.0,cn503,503,96,8,1304166.6666666665,0.3622685185185185,59,256.48611111111114,0.25648611111111114,3638729.658747135,1.0107582385408709,59.634736073911384,0.059634736073911385,2.7900802495185704
5287086,2026-04-09 11:32:13,9321.0,2026-04-09 14:07:34,2026-04-09 22:50:56,31402.0,cn027,027,96,8,1526666.6666666665,0.42407407407407405,59,300.2444444444444,0.3002444444444444,4831857.633333334,1.342182675925926,79.18877787962964,0.07918877787962963,3.1649722489082976
5287087,2026-04-09 11:32:14,9333.0,2026-04-09 14:07:47,2026-04-09 23:50:19,34952.0,cn038,038,96,8,1625000.0,0.4513888888888889,59,319.58333333333337,0.3195833333333334,9316973.93301842,2.588048314727339,152.694850568913,0.15269485056891302,5.733522420319027
5287088,2026-04-09 11:32:16,9339.0,2026-04-09 14:07:55,2026-04-09 23:49:29,34894.0,cn076,076,96,8,1720000.0,0.4777777777777778,59,338.26666666666665,0.33826666666666666,7334255.219827688,2.037293116618802,120.20029388050934,0.12020029388050933,4.264101871992842
5287089,2026-04-09 11:32:17,9339.0,2026-04-09 14:07:56,2026-04-09 23:14:26,32790.0,cn118,118,96,8,1640000.0,0.45555555555555555,59,322.53333333333336,0.32253333333333334,8432277.82966726,2.3422993971297945,138.19566443065787,0.13819566443065787,5.141632822967842
5287090,2026-04-09 11:32:18,9350.0,2026-04-09 14:08:08,2026-04-10 02:27:59,44391.0,cn521,521,96,8,1760000.0,0.4888888888888889,59,346.1333333333333,0.34613333333333335,7916758.0,2.1990994444444443,129.74686722222222,0.12974686722222223,4.498157954545454
5287091,2026-04-09 11:32:19,9352.0,2026-04-09 14:08:11,2026-04-09 23:37:43,34172.0,cn046,046,96,8,1595833.3333333333,0.44328703703703703,59,313.84722222222223,0.3138472222222222,6352333.730685273,1.764537147412576,104.10769169734198,0.10410769169734198,3.98057466152602
5287092,2026-04-09 11:32:20,9357.0,2026-04-09 14:08:17,2026-04-09 19:02:39,17662.0,cn314,314,256,8,674687.5,0.18741319444444443,59,353.8361111111111,0.35383611111111113,3708490.019047619,1.0301361164021163,60.778030867724866,0.06077803086772487,5.496604011557379
5287093,2026-04-09 11:32:22,9358.0,2026-04-09 14:08:20,2026-04-10 02:43:53,45333.0,cn047,047,96,8,2169166.6666666665,0.6025462962962963,59,426.60277777777776,0.4266027777777778,14327637.44513395,3.9798992903149863,234.8140581285842,0.23481405812858422,6.60513443494458
5287094,2026-04-09 11:32:23,9379.0,2026-04-09 14:08:42,2026-04-09 22:52:24,31422.0,cn098,098,96,8,1571666.6666666665,0.436574074074074,59,309.09444444444443,0.30909444444444445,6580241.997546049,1.827844999318347,107.84285495978247,0.10784285495978248,4.186792363231845
5287095,2026-04-09 11:32:25,9402.0,2026-04-09 14:09:07,2026-04-09 18:42:39,16412.0,cn066,066,96,8,793333.3333333333,0.22037037037037036,59,156.0222222222222,0.1560222222222222,2358911.524509804,0.6552532012527232,38.65993887391067,0.03865993887391067,2.9734178880375683
5287096,2026-04-09 11:32:26,9413.0,2026-04-09 14:09:19,2026-04-09 19:00:09,17450.0,cn031,031,96,8,855833.3333333333,0.23773148148148146,59,168.3138888888889,0.1683138888888889,3286363.0,0.9128786111111111,53.85983805555556,0.05385983805555555,3.83995676728335
5287097,2026-04-09 11:32:28,9434.0,2026-04-09 14:09:42,2026-04-09 20:50:37,24055.0,cn510,510,96,8,935000.0,0.25972222222222224,59,183.88333333333333,0.18388333333333332,2770075.5814479636,0.769465439291101,45.39846091817496,0.04539846091817496,2.962647680693009
5287098,2026-04-09 11:32:29,9438.0,2026-04-09 14:09:47,2026-04-09 19:10:16,18029.0,cn007,007,96,8,871666.6666666666,0.2421296296296296,59,171.42777777777778,0.1714277777777778,4466886.817254902,1.2408018936819172,73.20731172723312,0.07320731172723312,5.124535545607918
5287099,2026-04-09 11:32:30,9446.0,2026-04-09 14:09:56,2026-04-09 19:01:26,17490.0,cn002,002,96,8,835833.3333333333,0.2321759259259259,59,164.38055555555556,0.16438055555555556,2474652.9393939395,0.6874035942760943,40.556812062289566,0.04055681206228957,2.9607014230037163
5287100,2026-04-09 11:32:32,9454.0,2026-04-09 14:10:06,2026-04-09 18:28:36,15510.0,cn112,112,96,8,749166.6666666666,0.20810185185185184,59,147.3361111111111,0.1473361111111111,2211167.2009803923,0.6142131113834423,36.23857357162309,0.03623857357162309,2.951502381731336
5287101,2026-04-09 11:32:33,9453.0,2026-04-09 14:10:06,2026-04-09 19:13:37,18211.0,cn012,012,96,8,894166.6666666666,0.24837962962962962,59,175.8527777777778,0.1758527777777778,2232881.8418329637,0.6202449560647122,36.59445240781802,0.036594452407818015,2.4971651539604443
5287102,2026-04-09 11:32:36,9455.0,2026-04-09 14:10:11,2026-04-09 20:31:48,22897.0,cn522,522,96,8,916666.6666666666,0.2546296296296296,59,180.27777777777777,0.18027777777777776,7271264.633333334,2.0197957314814814,119.16794815740741,0.1191679481574074,7.9322886909090915
5287103,2026-04-09 11:32:36,9459.0,2026-04-09 14:10:15,2026-04-09 19:39:45,19770.0,cn057,057,96,8,991666.6666666666,0.27546296296296297,59,195.02777777777777,0.19502777777777777,4262216.794871795,1.1839491096866097,69.85299747150998,0.06985299747150998,4.298033742727861
5287104,2026-04-09 11:32:37,9466.0,2026-04-09 14:10:23,2026-04-09 19:16:51,18388.0,cn077,077,96,8,920000.0,0.25555555555555554,59,180.93333333333334,0.18093333333333333,6003544.3,1.6676511944444443,98.39142047222221,0.09839142047222221,6.525591630434782
5287105,2026-04-09 11:32:39,9467.0,2026-04-09 14:10:26,2026-04-09 20:22:01,22295.0,cn520,520,96,8,867500.0,0.24097222222222223,59,170.60833333333332,0.1706083333333333,3205356.7329434697,0.8903768702620749,52.53223534546242,0.05253223534546242,3.6949357152086106
5287106,2026-04-09 11:32:40,9467.0,2026-04-09 14:10:27,2026-04-09 20:06:00,21333.0,cn102,102,96,8,1045833.3333333333,0.29050925925925924,59,205.68055555555557,0.20568055555555556,3248594.4166666665,0.9023873379629629,53.24085293981481,0.05324085293981481,3.1062257370517927
5287107,2026-04-09 11:32:41,9470.0,2026-04-09 14:10:31,2026-04-09 19:16:04,18333.0,cn105,105,96,8,891666.6666666666,0.24768518518518517,59,175.36111111111111,0.1753611111111111,2772482.6666666665,0.7701340740740741,45.43791037037037,0.045437910370370364,3.109326355140187
5287108,2026-04-09 11:32:43,9478.0,2026-04-09 14:10:41,2026-04-09 18:37:11,15990.0,cn115,115,96,8,767500.0,0.21319444444444444,59,150.94166666666666,0.15094166666666667,1687019.7453376472,0.46861659592712424,27.64837915970033,0.02764837915970033,2.1980713294301593
5287109,2026-04-09 11:32:44,9504.0,2026-04-09 14:11:08,2026-04-09 19:03:41,17553.0,cn094,094,96,8,879166.6666666666,0.24421296296296297,59,172.90277777777777,0.17290277777777777,2201847.8602734664,0.6116244056315184,36.08583993225959,0.03608583993225959,2.5044714998371185
5287110,2026-04-09 11:32:46,9519.0,2026-04-09 14:11:25,2026-04-09 19:01:58,17433.0,cn032,032,96,8,880000.0,0.24444444444444444,59,173.06666666666666,0.17306666666666667,1764500.2959183673,0.49013897108843535,28.918199294217686,0.028918199294217687,2.005113972634508
5287111,2026-04-09 11:32:47,9524.0,2026-04-09 14:11:31,2026-04-09 18:42:03,16232.0,cn013,013,96,8,792500.0,0.22013888888888888,59,155.85833333333332,0.15585833333333332,2467528.4166666665,0.6854245601851852,40.44004905092592,0.04044004905092592,3.1136005257623554
5287112,2026-04-09 11:32:48,9540.0,2026-04-09 14:11:48,2026-04-09 19:33:20,19292.0,cn110,110,96,8,938333.3333333333,0.26064814814814813,59,184.5388888888889,0.1845388888888889,3421309.830870279,0.9503638419084108,56.07146667259624,0.056071466672596236,3.646156125261399
5287113,2026-04-09 11:32:50,9541.0,2026-04-09 14:11:51,2026-04-09 16:30:19,8308.0,cn315,315,256,8,320625.0,0.0890625,59,168.15,0.16815,997961.2663364414,0.2772114628712337,16.35547630940279,0.01635547630940279,3.112549758554203
5287114,2026-04-09 11:32:51,9546.0,2026-04-09 14:11:57,2026-04-09 20:52:28,24031.0,cn074,074,96,8,1203333.3333333333,0.33425925925925926,59,236.65555555555557,0.23665555555555556,5326671.666666667,1.4796310185185186,87.2982300925926,0.0872982300925926,4.426596952908588
5287116,2026-04-09 11:32:52,9548.0,2026-04-09 14:12:00,2026-04-09 17:59:27,13647.0,cn319,319,256,8,525625.0,0.14600694444444445,59,275.66111111111115,0.27566111111111113,2801689.9865995115,0.7782472184998643,45.916585891492,0.045916585891492,5.330206871057334
5287117,2026-04-09 11:32:54,9560.0,2026-04-09 14:12:14,2026-04-09 16:31:49,8375.0,cn036,036,96,8,401666.6666666666,0.11157407407407406,59,78.99444444444444,0.07899444444444444,1649462.6666666667,0.4581840740740741,27.032860370370372,0.027032860370370372,4.106546058091287
5287118,2026-04-09 11:32:55,9568.0,2026-04-09 14:12:23,2026-04-09 16:32:54,8431.0,cn035,035,96,8,420000.0,0.11666666666666667,59,82.6,0.08259999999999999,0.0,0.0,0.0,0.0,0.0
5287119,2026-04-09 11:32:56,9569.0,2026-04-09 14:12:25,2026-04-09 16:32:58,8433.0,cn115,115,96,8,405000.0,0.1125,59,79.65,0.07965000000000001,821204.4166666666,0.22811233796296296,13.458627939814814,0.013458627939814814,2.0276652263374486
5287120,2026-04-09 11:32:58,9569.0,2026-04-09 14:12:27,2026-04-09 21:11:58,25171.0,cn010,010,96,8,1228333.3333333333,0.3412037037037037,59,241.5722222222222,0.2415722222222222,0.0,0.0,0.0,0.0,0.0
5287122,2026-04-09 11:33:00,9572.0,2026-04-09 14:12:32,2026-04-09 21:11:16,25124.0,cn023,023,96,8,1207500.0,0.33541666666666664,59,237.47500000000002,0.23747500000000002,3533829.72421286,0.9816193678369056,57.91554270237743,0.05791554270237743,2.9265670593895323
5287121,2026-04-09 11:32:59,9573.0,2026-04-09 14:12:32,2026-04-09 15:24:52,4340.0,cn318,318,256,8,166562.5,0.04626736111111111,59,87.35277777777779,0.0873527777777778,618746.001984127,0.17187388944003526,10.14055947696208,0.01014055947696208,3.7147977605050775
5287123,2026-04-09 11:33:02,9599.0,2026-04-09 14:13:01,2026-04-09 21:29:31,26190.0,cn056,056,96,8,1302500.0,0.36180555555555555,59,256.15833333333336,0.2561583333333334,2879556.1504019788,0.7998767084449941,47.192725798254656,0.047192725798254655,2.210791670174264
5287124,2026-04-09 11:33:03,9600.0,2026-04-09 14:13:03,2026-04-09 16:46:24,9201.0,cn319,319,256,8,354687.5,0.09852430555555555,59,186.01388888888889,0.1860138888888889,1089641.9737789987,0.3026783260497219,17.858021236933592,0.017858021236933593,3.0721183401698644
5287125,2026-04-09 11:33:04,9628.0,2026-04-09 14:13:32,2026-04-09 23:42:08,34116.0,cn111,111,96,8,1603333.3333333333,0.44537037037037036,59,315.3222222222222,0.31532222222222217,14998709.656862745,4.166308238017429,245.8121860430283,0.2458121860430283,9.354704567689863
5287126,2026-04-09 11:33:06,9627.0,2026-04-09 14:13:33,2026-04-09 23:16:10,32557.0,cn538,538,96,8,1268333.3333333333,0.3523148148148148,59,249.4388888888889,0.2494388888888889,3246062.803706098,0.9016841121405827,53.19936261629438,0.05319936261629438,2.55931364286946
5287127,2026-04-09 11:33:09,9641.0,2026-04-09 14:13:50,2026-04-09 20:13:21,21571.0,cn022,022,96,8,1035000.0,0.2875,59,203.55,0.20355,9834393.545454545,2.731775984848485,161.1747831060606,0.1611747831060606,9.50182951251647
5287152,2026-04-09 11:37:54,9358.0,2026-04-09 14:13:52,2026-04-09 17:49:13,12921.0,cn312,312,256,8,460312.5,0.12786458333333334,59,241.40833333333333,0.24140833333333334,1143783.497119547,0.3177176380887631,18.745340647237022,0.01874534064723702,2.484797821305194
5287153,2026-04-09 11:37:55,9363.0,2026-04-09 14:13:58,2026-04-09 18:05:22,13884.0,cn312,312,256,8,497812.5,0.13828125,59,261.075,0.261075,1273255.7073759574,0.35368214093776595,20.86724631532819,0.020867246315328193,2.557701358194014
5287155,2026-04-09 11:37:58,9361.0,2026-04-09 14:13:59,2026-04-09 22:02:36,28117.0,cn545,545,96,8,1108333.3333333333,0.30787037037037035,59,217.97222222222223,0.21797222222222223,3411230.5833333335,0.947564050925926,55.90627900462963,0.05590627900462963,3.0778020300751883
5287157,2026-04-09 11:37:59,9384.0,2026-04-09 14:14:23,2026-04-09 20:08:53,21270.0,cn105,105,96,8,1035833.3333333333,0.2877314814814815,59,203.7138888888889,0.20371388888888892,3630945.6666666665,1.0085960185185185,59.507165092592594,0.059507165092592594,3.5053377312952536
5287158,2026-04-09 11:38:00,9395.0,2026-04-09 14:14:35,2026-04-09 21:43:07,26912.0,cn020,020,96,8,1325000.0,0.3680555555555556,59,260.58333333333337,0.2605833333333334,0.0,0.0,0.0,0.0,0.0
5287159,2026-04-09 11:38:00,9396.0,2026-04-09 14:14:36,2026-04-09 20:26:29,22313.0,cn009,009,96,8,1089166.6666666665,0.30254629629629626,59,214.20277777777778,0.21420277777777777,4844154.5,1.3455984722222223,79.39030986111112,0.07939030986111112,4.447578729915838
5287160,2026-04-09 11:38:01,9414.0,2026-04-09 14:14:55,2026-04-10 00:01:28,35193.0,cn058,058,96,8,1756666.6666666665,0.48796296296296293,59,345.47777777777776,0.3454777777777778,11841398.785470085,3.289277440408357,194.06736898409306,0.19406736898409307,6.740834223227753
5287161,2026-04-09 11:38:01,9440.0,2026-04-09 14:15:21,2026-04-09 23:25:17,32996.0,cn505,505,96,8,1290833.3333333333,0.3585648148148148,59,253.8638888888889,0.2538638888888889,5226461.55965251,1.4517948776812528,85.65589778319392,0.08565589778319392,4.0489050171614025
5287162,2026-04-09 11:38:02,9439.0,2026-04-09 14:15:21,2026-04-09 14:18:51,210.0,cn302,302,256,8,8204.0625,0.00227890625,59,4.302575,0.004302575,27918.533333333333,0.007755148148148148,0.45755374074074073,0.00045755374074074075,3.4030132429309665
5287163,2026-04-09 11:38:03,9438.0,2026-04-09 14:15:21,2026-04-10 00:04:52,35371.0,cn023,023,96,8,1700833.3333333333,0.4724537037037037,59,334.4972222222222,0.3344972222222222,7847734.8575461935,2.179926349318387,128.61565460978485,0.12861565460978486,4.614052831482328
5287164,2026-04-09 11:38:03,9452.0,2026-04-09 14:15:35,2026-04-09 19:06:00,17425.0,cn306,306,256,8,662812.5,0.18411458333333333,59,347.60833333333335,0.34760833333333335,3826105.6062271064,1.062807112840863,62.70561965761091,0.06270561965761091,5.772530853336511
5287166,2026-04-09 11:38:04,9453.0,2026-04-09 14:15:37,2026-04-09 18:32:25,15408.0,cn304,304,256,8,596562.5,0.16571180555555556,59,312.8638888888889,0.3128638888888889,2018245.8276778776,0.5606238410216327,33.07680662027633,0.03307680662027633,3.383125536180832
5287165,2026-04-09 11:38:04,9453.0,2026-04-09 14:15:37,2026-04-09 18:57:12,16895.0,cn306,306,256,8,642812.5,0.17855902777777777,59,337.1194444444444,0.3371194444444444,3516258.249084249,0.9767384025234025,57.62756574888075,0.05762756574888075,5.470114923222945
5287167,2026-04-09 11:38:06,9474.0,2026-04-09 14:16:00,2026-04-10 00:06:37,35437.0,cn523,523,96,8,1382500.0,0.3840277777777778,59,271.89166666666665,0.27189166666666664,3841564.9112403938,1.0671013642334428,62.958980489773126,0.06295898048977312,2.778708796557247
5287168,2026-04-09 11:38:06,9484.0,2026-04-09 14:16:10,2026-04-10 01:24:43,40113.0,cn075,075,96,8,1995833.3333333333,0.5543981481481481,59,392.51388888888886,0.3925138888888889,7880747.813851181,2.1890966149586615,129.15670028256102,0.12915670028256102,3.948600157253202
5287169,2026-04-09 11:38:09,9483.0,2026-04-09 14:16:12,2026-04-10 01:57:55,42103.0,cn013,013,96,8,2050833.3333333333,0.5696759259259259,59,403.3305555555556,0.4033305555555556,16116406.083333334,4.476779467592593,264.129988587963,0.264129988587963,7.858467005282406
5287170,2026-04-09 11:38:09,9485.0,2026-04-09 14:16:14,2026-04-09 22:34:44,29910.0,cn033,033,96,8,1435000.0,0.39861111111111114,59,282.21666666666664,0.2822166666666666,7281957.285746606,2.0227659127073907,119.34318884973605,0.11934318884973605,5.074534693900074
5287171,2026-04-09 11:38:09,9499.0,2026-04-09 14:16:28,2026-04-09 18:54:51,16703.0,cn307,307,256,8,632187.5,0.1756076388888889,59,331.5472222222222,0.3315472222222222,3032981.8995726495,0.8424949721035138,49.707203354107314,0.04970720335410731,4.7975986547861975
5287172,2026-04-09 11:38:09,9501.0,2026-04-09 14:16:30,2026-04-09 19:00:17,17027.0,cn305,305,256,8,648437.5,0.1801215277777778,59,340.06944444444446,0.3400694444444445,3909127.0544372294,1.0858686262325636,64.06624894772125,0.06406624894772125,6.028533288770667
5287173,2026-04-09 11:38:10,9510.0,2026-04-09 14:16:40,2026-04-09 21:40:11,26611.0,cn105,105,96,8,1295000.0,0.3597222222222222,59,254.6833333333333,0.2546833333333333,6856246.833333333,1.9045130092592593,112.3662675462963,0.1123662675462963,5.294399099099099
5287174,2026-04-09 11:38:10,9515.0,2026-04-09 14:16:45,2026-04-09 19:24:08,18443.0,cn321,321,256,8,706250.0,0.19618055555555555,59,370.38888888888886,0.3703888888888889,4027228.1612054612,1.1186744892237392,66.00179486420062,0.06600179486420062,5.702269962768795
5287175,2026-04-09 11:38:11,9516.0,2026-04-09 14:16:47,2026-04-09 18:44:15,16048.0,cn317,317,256,8,620312.5,0.1723090277777778,59,325.31944444444446,0.32531944444444444,5170345.267063492,1.4362070186287477,84.73621409909612,0.08473621409909611,8.335065417936107
5287176,2026-04-09 11:38:11,9529.0,2026-04-09 14:17:00,2026-04-09 23:28:30,33090.0,cn112,112,96,8,1595833.3333333333,0.44328703703703703,59,313.84722222222223,0.3138472222222222,7219658.236023127,2.0054606211175354,118.32217664593459,0.11832217664593458,4.524067824139819
5287177,2026-04-09 11:38:12,9536.0,2026-04-09 14:17:08,2026-04-09 23:37:53,33645.0,cn021,021,96,8,1615000.0,0.4486111111111111,59,317.6166666666667,0.31761666666666666,16623441.244444445,4.617622567901234,272.43973150617285,0.27243973150617284,10.293152473340214
5287178,2026-04-09 11:38:12,9543.0,2026-04-09 14:17:15,2026-04-09 18:00:38,13403.0,cn306,306,256,8,510000.0,0.14166666666666666,59,267.46666666666664,0.26746666666666663,2131651.7032967033,0.5921254731379731,34.935402915140415,0.03493540291514041,4.179709222150398
5287179,2026-04-09 11:38:14,9554.0,2026-04-09 14:17:28,2026-04-09 22:24:17,29209.0,cn073,073,96,8,1460833.3333333333,0.405787037037037,59,287.2972222222222,0.2872972222222222,9373214.150779286,2.6036705974386907,153.61656524888275,0.15361656524888276,6.416347393573956
5287180,2026-04-09 11:38:16,9562.0,2026-04-09 14:17:38,2026-04-09 22:21:10,29012.0,cn528,528,96,8,1124166.6666666665,0.3122685185185185,59,221.0861111111111,0.22108611111111112,2794257.010864745,0.7761825030179846,45.79476767806109,0.045794767678061093,2.4856252135194175
5287181,2026-04-09 11:38:17,9589.0,2026-04-09 14:18:06,2026-04-09 16:20:41,7355.0,cn508,508,96,8,285833.3333333333,0.07939814814814815,59,56.21388888888889,0.05621388888888889,856775.5,0.23799319444444444,14.041598472222223,0.014041598472222222,2.997465306122449
5287182,2026-04-09 11:38:19,9600.0,2026-04-09 14:18:19,2026-04-09 18:29:09,15050.0,cn309,309,256,8,550000.0,0.1527777777777778,59,288.44444444444446,0.28844444444444445,3382700.334018759,0.9396389816718775,55.43869991864077,0.05543869991864077,6.150364243670471
5287183,2026-04-09 11:38:20,9607.0,2026-04-09 14:18:27,2026-04-09 21:24:49,25582.0,cn027,027,96,8,1246666.6666666665,0.34629629629629627,59,245.1777777777778,0.2451777777777778,3234900.9833333334,0.8985836064814815,53.016432782407406,0.053016432782407405,2.5948403609625674
5287184,2026-04-09 11:38:21,9611.0,2026-04-09 14:18:32,2026-04-09 18:18:52,14420.0,cn312,312,256,8,517812.5,0.14383680555555556,59,271.56388888888887,0.2715638888888889,1376574.0001110001,0.38238166669750007,22.560518335152505,0.022560518335152505,2.6584410382348826
5287185,2026-04-09 11:38:23,9628.0,2026-04-09 14:18:51,2026-04-09 17:12:17,10406.0,cn302,302,256,8,400625.0,0.11128472222222222,59,210.10555555555555,0.21010555555555555,2741962.321031746,0.7616562002865961,44.93771581690917,0.04493771581690917,6.8442117217641085
5287004,2026-04-09 11:22:39,10574.0,2026-04-09 14:18:53,2026-04-09 14:42:37,1424.0,cn294,294,96,8,57494.166666666664,0.01597060185185185,59,11.307186111111111,0.011307186111111112,137998.6,0.03833294444444445,2.2616437222222223,0.0022616437222222224,2.400219152667662
5287186,2026-04-09 11:38:24,9635.0,2026-04-09 14:18:59,2026-04-09 19:15:31,17792.0,cn058,058,96,8,888333.3333333333,0.24675925925925923,59,174.70555555555558,0.1747055555555556,3461339.641025641,0.9614832336182336,56.727510783475786,0.056727510783475786,3.8964423726367445
5287187,2026-04-09 11:38:26,9639.0,2026-04-09 14:19:05,2026-04-09 19:11:40,17555.0,cn047,047,96,8,841666.6666666666,0.23379629629629628,59,165.52777777777777,0.16552777777777777,2630733.2058177115,0.7307592238382532,43.11479420645694,0.04311479420645694,3.1256236108725286
5287188,2026-04-09 11:38:27,9654.0,2026-04-09 14:19:21,2026-04-09 18:51:53,16352.0,cn043,043,96,8,821666.6666666666,0.22824074074074072,59,161.59444444444443,0.16159444444444443,5057654.5,1.4049040277777778,82.88933763888889,0.0828893376388889,6.155360446247465
5287189,2026-04-09 11:38:29,9656.0,2026-04-09 14:19:25,2026-04-09 18:57:08,16663.0,cn056,056,96,8,829166.6666666666,0.23032407407407407,59,163.06944444444443,0.16306944444444443,1656688.6870748298,0.4601913019652305,27.1512868159486,0.027151286815948597,1.9980165070249205
5287190,2026-04-09 11:38:30,9661.0,2026-04-09 14:19:31,2026-04-09 17:05:57,9986.0,cn321,321,256,8,384062.5,0.10668402777777777,59,201.41944444444442,0.20141944444444443,1200142.0845571095,0.33337280126586377,19.66899527468596,0.019668995274685963,3.124861408122661
5287191,2026-04-09 11:38:31,9674.0,2026-04-09 14:19:45,2026-04-09 23:11:16,31891.0,cn066,066,96,8,1537500.0,0.4270833333333333,59,302.375,0.302375,7185507.153368527,1.9959742092690353,117.76247834687308,0.11776247834687308,4.673500587556766
5287192,2026-04-09 11:38:33,9683.0,2026-04-09 14:19:56,2026-04-09 21:28:25,25709.0,cn117,117,96,8,1252500.0,0.34791666666666665,59,246.325,0.246325,5750434.859185521,1.5973430164404223,94.24323796998492,0.09424323796998492,4.591165556235945
5287193,2026-04-09 11:38:34,9682.0,2026-04-09 14:19:56,2026-04-09 14:23:30,214.0,cn546,546,96,8,8560.0,0.0023777777777777777,59,1.6834666666666667,0.0016834666666666667,17247.666666666668,0.004791018518518519,0.2826700925925926,0.0002826700925925926,2.0149143302180685
5287194,2026-04-09 11:38:36,9715.0,2026-04-09 14:20:31,2026-04-09 21:33:00,25949.0,cn094,094,96,8,1299166.6666666665,0.3608796296296296,59,255.5027777777778,0.2555027777777778,3945217.7873501154,1.0958938298194765,64.65773595934911,0.06465773595934911,3.0367295348429373
5287195,2026-04-09 11:38:37,9725.0,2026-04-09 14:20:42,2026-04-09 23:44:13,33811.0,cn528,528,96,8,1307500.0,0.36319444444444443,59,257.14166666666665,0.25714166666666666,3715881.9354636753,1.0321894265176876,60.89917616454357,0.060899176164543566,2.841974711635698
5287196,2026-04-09 11:38:39,9742.0,2026-04-09 14:21:01,2026-04-09 19:23:30,18149.0,cn085,085,96,8,870000.0,0.24166666666666667,59,171.1,0.1711,5268020.0,1.463338888888889,86.33699444444444,0.08633699444444444,6.055195402298851
5287197,2026-04-09 11:38:41,9743.0,2026-04-09 14:21:04,2026-04-09 19:52:56,19912.0,cn539,539,96,8,786666.6666666666,0.2185185185185185,59,154.7111111111111,0.1547111111111111,4491932.735294118,1.2477590931372549,73.61778649509803,0.07361778649509804,5.7100839855433705
5287198,2026-04-09 11:38:42,9764.0,2026-04-09 14:21:26,2026-04-09 18:57:06,16540.0,cn095,095,96,8,809166.6666666666,0.2247685185185185,59,159.13611111111112,0.15913611111111112,3302617.3333333335,0.9173937037037038,54.12622851851852,0.054126228518518525,4.081504428424306
5287199,2026-04-09 11:38:43,9765.0,2026-04-09 14:21:28,2026-04-09 21:51:21,26993.0,cn116,116,96,8,1349166.6666666667,0.37476851851851856,59,265.33611111111117,0.26533611111111116,3322195.767642354,0.9228321576784317,54.447097303027476,0.05444709730302748,2.462405757363079
5287200,2026-04-09 11:38:45,9767.0,2026-04-09 14:21:32,2026-04-09 19:19:00,17848.0,cn079,079,96,8,888333.3333333333,0.24675925925925923,59,174.70555555555558,0.1747055555555556,3842488.3333333335,1.0673578703703703,62.97411435185185,0.06297411435185185,4.325502814258912
5287006,2026-04-09 11:25:37,10702.0,2026-04-09 14:23:59,2026-04-09 14:27:42,223.0,cn297,297,96,8,9013.333333333332,0.0025037037037037033,59,1.772622222222222,0.0017726222222222221,21579.833333333332,0.005994398148148148,0.3536694907407407,0.0003536694907407407,2.394212278106509
5287010,2026-04-09 11:25:45,10794.0,2026-04-09 14:25:39,2026-04-09 14:35:22,583.0,cn299,299,96,8,23583.333333333332,0.006550925925925925,59,4.638055555555556,0.004638055555555556,56475.2,0.015687555555555555,0.9255657777777777,0.0009255657777777777,2.3947081272084807
5287015,2026-04-09 11:25:49,10920.0,2026-04-09 14:27:49,2026-04-09 14:35:34,465.0,cn297,297,96,8,18794.166666666664,0.005220601851851851,59,3.6961861111111114,0.0036961861111111114,44369.566666666666,0.01232487962962963,0.7271678981481482,0.0007271678981481482,2.360815855983683
5284446,2026-04-09 07:36:36,26723.0,2026-04-09 15:01:59,2026-04-09 15:27:29,1530.0,cn298,298,96,24,110197.5,0.030610416666666668,56,6.856733333333334,0.006856733333333333,444535.0,0.12348194444444445,6.914988888888889,0.006914988888888889,4.033984437033508
5272721,2026-04-08 11:49:05,-372890.0,2026-04-09 15:23:55,2026-04-10 01:52:28,37713.0,cn526,526,96,1,180833.3333333333,0.050231481481481474,56,270.0444444444444,0.2700444444444444,4662410.3,1.2951139722222222,72.52638244444445,0.07252638244444445,25.78291410138249
5272695,2026-04-08 11:48:53,-372902.0,2026-04-09 15:23:55,2026-04-10 03:05:36,42101.0,cn100,100,96,1,264479.1666666666,0.07346643518518517,56,394.9555555555556,0.39495555555555556,9038389.833333334,2.5106638425925927,140.5971751851852,0.1405971751851852,34.17429791256401
5272694,2026-04-08 11:48:53,-372902.0,2026-04-09 15:23:55,2026-04-10 06:34:58,54663.0,cn099,099,96,1,335208.3333333333,0.09311342592592592,56,500.5777777777777,0.5005777777777777,12435796.151515152,3.45438781986532,193.44571791245792,0.19344571791245793,37.09870822080344
5272693,2026-04-08 11:48:52,-372903.0,2026-04-09 15:23:55,2026-04-10 07:40:16,58581.0,cn096,096,96,1,358020.8333333333,0.09945023148148148,56,534.6444444444445,0.5346444444444445,15873164.08888889,4.40921224691358,246.9158858271605,0.2469158858271605,44.335867108912815
5272692,2026-04-08 11:48:51,-372904.0,2026-04-09 15:23:55,2026-04-10 11:43:30,73175.0,cn090,090,96,1,455416.6666666666,0.1265046296296296,56,680.0888888888888,0.6800888888888889,16776054.53076923,4.660015147435898,260.96084825641026,0.26096084825641025,36.83671626152439
5272691,2026-04-08 11:48:51,-372904.0,2026-04-09 15:23:55,2026-04-10 03:16:35,42760.0,cn089,089,96,1,268541.6666666666,0.0745949074074074,56,401.02222222222224,0.4010222222222222,6720526.948717949,1.8668130413105415,104.54153031339033,0.10454153031339032,25.02601191144
5272690,2026-04-08 11:48:51,-372904.0,2026-04-09 15:23:55,2026-04-10 04:50:34,48399.0,cn088,088,96,1,302500.0,0.08402777777777778,56,451.73333333333335,0.4517333333333334,9502547.9,2.639596638888889,147.81741177777778,0.14781741177777777,31.413381487603306
5272689,2026-04-08 11:48:50,-372905.0,2026-04-09 15:23:55,2026-04-10 00:20:58,32223.0,cn087,087,96,1,193333.3333333333,0.0537037037037037,56,288.7111111111111,0.2887111111111111,2401154.2914529913,0.6669873031813864,37.35128897815764,0.03735128897815764,12.41976357648099
5272688,2026-04-08 11:48:49,-372906.0,2026-04-09 15:23:55,2026-04-10 05:05:33,49298.0,cn086,086,96,1,302083.3333333333,0.08391203703703703,56,451.1111111111111,0.4511111111111111,8642262.590893902,2.400628497470528,134.43519585834957,0.13443519585834957,28.6088692664074
5272677,2026-04-08 11:47:02,-373013.0,2026-04-09 15:23:55,2026-04-11 01:48:33,123878.0,cn084,084,96,1,736458.3333333333,0.20457175925925924,56,1099.7777777777778,1.0997777777777777,47980740.432325765,13.327983453423824,746.3670733917342,0.7463670733917341,65.15065178929666
5272676,2026-04-08 11:47:01,-373014.0,2026-04-09 15:23:55,2026-04-10 11:49:52,73557.0,cn083,083,96,1,432916.6666666666,0.12025462962962961,56,646.4888888888888,0.6464888888888888,16489312.933333334,4.580364703703704,256.5004234074074,0.2565004234074074,38.088884542829646
5272670,2026-04-08 11:46:57,-373018.0,2026-04-09 15:23:55,2026-04-10 08:16:55,60780.0,cn077,077,96,1,380000.0,0.10555555555555556,56,567.4666666666667,0.5674666666666667,10085103.016666668,2.80141750462963,156.87938025925928,0.15687938025925927,26.539744780701756
5272696,2026-04-08 11:48:54,-372901.0,2026-04-09 15:23:55,2026-04-10 09:51:01,66426.0,cn101,101,96,1,398958.3333333333,0.11082175925925926,56,595.7777777777778,0.5957777777777779,12860580.88575738,3.5723835793770498,200.0534804451148,0.20005348044511478,32.235398564822674
5272665,2026-04-08 11:46:53,-373022.0,2026-04-09 15:23:55,2026-04-10 05:45:20,51685.0,cn075,075,96,1,322500.0,0.08958333333333333,56,481.59999999999997,0.4816,3405979.4101055805,0.9461053916959946,52.981901934975696,0.0529819019349757,10.56117646544366
5272656,2026-04-08 11:45:53,-373082.0,2026-04-09 15:23:55,2026-04-09 23:14:41,28246.0,cn073,073,96,1,176562.5,0.04904513888888889,56,263.66666666666663,0.2636666666666666,2019385.351935646,0.5609403755376795,31.41266103011005,0.03141266103011005,11.437226772024898
5272655,2026-04-08 11:45:53,-373082.0,2026-04-09 15:23:55,2026-04-10 04:39:23,47728.0,cn068,068,96,1,288229.1666666666,0.0800636574074074,56,430.4222222222222,0.4304222222222222,14617471.777777778,4.060408827160494,227.38289432098765,0.22738289432098766,50.71475571617878
5272654,2026-04-08 11:45:52,-373083.0,2026-04-09 15:23:55,2026-04-10 15:03:14,85159.0,cn066,066,96,1,511979.1666666666,0.14221643518518517,56,764.5555555555557,0.7645555555555557,34552235.256711915,9.59784312686442,537.4792151044076,0.5374792151044075,67.4875805624485
5272653,2026-04-08 11:45:52,-373083.0,2026-04-09 15:23:55,2026-04-10 07:15:17,57082.0,cn065,065,96,1,332500.0,0.09236111111111112,56,496.53333333333336,0.4965333333333334,17564601.387631975,4.879055941008882,273.2271326964974,0.2732271326964974,52.82586883498338
5272652,2026-04-08 11:45:52,-373083.0,2026-04-09 15:23:55,2026-04-10 08:54:06,63011.0,cn063,063,96,1,366666.6666666666,0.10185185185185185,56,547.5555555555557,0.5475555555555557,8871668.755555555,2.4643524320987655,138.00373619753088,0.1380037361975309,24.195460242424243
5272651,2026-04-08 11:45:49,-373086.0,2026-04-09 15:23:55,2026-04-10 07:48:22,59067.0,cn062,062,96,1,354583.3333333333,0.09849537037037036,56,529.5111111111112,0.5295111111111112,5633686.614285714,1.5649129484126982,87.63512511111111,0.08763512511111111,15.888187866375693
5272650,2026-04-08 11:45:48,-373087.0,2026-04-09 15:23:55,2026-04-10 06:23:00,53945.0,cn058,058,96,1,336562.5,0.09348958333333333,56,502.6000000000001,0.5026,8585680.494017094,2.384911248338082,133.5550299069326,0.13355502990693258,25.509914188351626
5272649,2026-04-08 11:45:47,-373088.0,2026-04-09 15:23:55,2026-04-10 20:50:09,105974.0,cn057,057,96,1,660416.6666666666,0.18344907407407407,56,986.2222222222222,0.9862222222222222,45017220.452136755,12.504783458926877,700.2678736999051,0.7002678736999051,68.16487639440267
5272648,2026-04-08 11:45:46,-373089.0,2026-04-09 15:23:55,2026-04-10 08:47:02,62587.0,cn055,055,96,1,377812.5,0.10494791666666667,56,564.1999999999999,0.5641999999999999,15004915.977777777,4.168032216049383,233.40980409876545,0.23340980409876544,39.71524493704623
5272672,2026-04-08 11:46:57,-373018.0,2026-04-09 15:23:55,2026-04-10 08:25:29,61294.0,cn080,080,96,1,372291.6666666666,0.10341435185185184,56,555.9555555555555,0.5559555555555555,23818976.344444446,6.616382317901235,370.51740980246916,0.37051740980246917,63.97934328670026
5272697,2026-04-08 11:48:54,-372901.0,2026-04-09 15:23:55,2026-04-10 06:52:19,55704.0,cn106,106,96,1,334687.5,0.09296875,56,499.80000000000007,0.4998000000000001,8548537.225641025,2.3745936737891737,132.97724573219372,0.13297724573219372,25.541847919749095
5272698,2026-04-08 11:48:55,-372900.0,2026-04-09 15:23:55,2026-04-10 06:14:44,53449.0,cn107,107,96,1,325729.1666666666,0.09048032407407407,56,486.4222222222223,0.48642222222222226,16478965.492307693,4.5774904145299145,256.33946321367523,0.25633946321367523,50.59100374996926
5272699,2026-04-08 11:48:55,-372900.0,2026-04-09 15:23:55,2026-04-10 00:16:51,31976.0,cn108,108,96,1,199166.66666666666,0.055324074074074074,56,297.4222222222222,0.2974222222222222,728200.1268476621,0.2022778130132395,11.327557528741412,0.011327557528741412,3.656234946515459
5272725,2026-04-08 11:49:10,-372885.0,2026-04-09 15:23:55,2026-04-10 11:10:58,71223.0,cn534,534,96,1,346770.8333333333,0.09632523148148148,56,517.8444444444444,0.5178444444444444,4831958.688223991,1.3422107467288862,75.16380181681762,0.07516380181681763,13.93415542413647
5272724,2026-04-08 11:49:07,-372888.0,2026-04-09 15:23:55,2026-04-10 10:03:09,67154.0,cn532,532,96,1,327604.1666666666,0.0910011574074074,56,489.2222222222222,0.48922222222222217,16912504.056460153,4.697917793461154,263.08339643382465,0.26308339643382467,51.624813654059615
5272723,2026-04-08 11:49:06,-372889.0,2026-04-09 15:23:55,2026-04-10 08:25:35,61300.0,cn530,530,96,1,293229.1666666666,0.08145254629629628,56,437.8888888888889,0.43788888888888894,28163884.0,7.823301111111111,438.1048622222222,0.4381048622222222,96.04734863232683
5272722,2026-04-08 11:49:06,-372889.0,2026-04-09 15:23:55,2026-04-10 11:15:38,71503.0,cn528,528,96,1,345625.0,0.09600694444444445,56,516.1333333333333,0.5161333333333333,19027942.101697028,5.2855394726936185,295.9902104708426,0.2959902104708426,55.05372036657368
5272579,2026-04-08 11:45:09,-373126.0,2026-04-09 15:23:55,2026-04-09 23:02:18,27503.0,cn110,110,96,1,166041.66666666666,0.04612268518518518,56,247.95555555555558,0.24795555555555557,1794577.7549071617,0.4984938208075449,27.915653965222514,0.027915653965222515,10.807996516379394
5272720,2026-04-08 11:49:05,-372890.0,2026-04-09 15:23:55,2026-04-10 08:59:34,63339.0,cn525,525,96,1,305312.5,0.08480902777777778,56,455.9333333333334,0.4559333333333334,9141513.95052072,2.5393094307002,142.2013281192112,0.1422013281192112,29.94149912145988
5272719,2026-04-08 11:49:05,-372890.0,2026-04-09 15:23:55,2026-04-10 01:25:56,36121.0,cn523,523,96,1,176145.8333333333,0.048929398148148145,56,263.0444444444444,0.2630444444444444,822803.8043812397,0.22855661232812213,12.799170290374839,0.012799170290374839,4.67115110707268
5272718,2026-04-08 11:49:04,-372891.0,2026-04-09 15:23:55,2026-04-10 01:40:37,37002.0,cn522,522,96,1,183437.5,0.05095486111111111,56,273.93333333333334,0.27393333333333336,5147910.477777778,1.4299751327160495,80.07860743209878,0.08007860743209878,28.06356648873746
5272717,2026-04-08 11:49:04,-372891.0,2026-04-09 15:23:55,2026-04-10 03:16:24,42749.0,cn520,520,96,1,205000.0,0.05694444444444444,56,306.1333333333333,0.3061333333333333,2661482.828991671,0.7393007858310198,41.400844006537106,0.0414008440065371,12.982843068252054
5272716,2026-04-08 11:49:04,-372891.0,2026-04-09 15:23:55,2026-04-10 05:30:06,50771.0,cn519,519,96,1,248229.16666666666,0.0689525462962963,56,370.68888888888887,0.37068888888888885,5203858.088888889,1.4455161358024693,80.94890360493828,0.08094890360493828,20.963926837319907
5272715,2026-04-08 11:49:03,-372892.0,2026-04-09 15:23:55,2026-04-10 07:32:45,58130.0,cn517,517,96,1,282395.8333333333,0.07844328703703703,56,421.7111111111111,0.4217111111111111,14001672.55897436,3.8893534886039887,217.80379536182338,0.21780379536182337,49.581725033623705
5272714,2026-04-08 11:49:03,-372892.0,2026-04-09 15:23:55,2026-04-10 15:57:22,88407.0,cn515,515,96,1,430416.6666666666,0.11956018518518517,56,642.7555555555556,0.6427555555555556,13937850.487179488,3.8716251353276356,216.81100757834758,0.2168110075783476,32.382227656564154
5272647,2026-04-08 11:45:46,-373089.0,2026-04-09 15:23:55,2026-04-10 08:10:04,60369.0,cn053,053,96,1,372604.1666666666,0.1035011574074074,56,556.4222222222222,0.5564222222222223,7875698.481529581,2.187694022647106,122.51086526823794,0.12251086526823794,21.136903948192337
5272713,2026-04-08 11:49:02,-372893.0,2026-04-09 15:23:55,2026-04-10 14:57:38,84823.0,cn511,511,96,1,410937.5,0.11414930555555555,56,613.6666666666667,0.6136666666666667,16090889.683333334,4.469691578703704,250.30272840740741,0.2503027284074074,39.15653763244614
5272711,2026-04-08 11:49:01,-372894.0,2026-04-09 15:23:55,2026-04-10 05:53:19,52164.0,cn507,507,96,1,256458.3333333333,0.07123842592592593,56,382.97777777777776,0.38297777777777775,6216694.062618668,1.726859461838519,96.70412986295706,0.09670412986295707,24.24056173888677
5272710,2026-04-08 11:49:01,-372894.0,2026-04-09 15:23:55,2026-04-10 04:01:24,45449.0,cn505,505,96,1,220937.5,0.061371527777777775,56,329.93333333333334,0.32993333333333336,2794817.0826254827,0.7763380785070785,43.4749323963964,0.043474932396396396,12.649808577654236
5272709,2026-04-08 11:49:00,-372895.0,2026-04-09 15:23:55,2026-04-11 00:53:44,120589.0,cn504,504,96,1,589166.6666666666,0.1636574074074074,56,879.8222222222222,0.8798222222222222,32223673.78888889,8.95102049691358,501.2571478271605,0.5012571478271605,54.693647166430935
5272708,2026-04-08 11:49:00,-372895.0,2026-04-09 15:23:55,2026-04-09 20:38:00,18845.0,cn503,503,96,1,92083.33333333333,0.0255787037037037,56,137.51111111111112,0.1375111111111111,191515.59988795518,0.05319877774665421,2.979131553812636,0.002979131553812636,2.0798074195977034
5272707,2026-04-08 11:48:59,-372896.0,2026-04-09 15:23:55,2026-04-09 22:28:47,25492.0,cn297,297,96,1,132604.16666666666,0.03683449074074074,56,198.0222222222222,0.1980222222222222,636405.1212121212,0.17677920033670033,9.899635218855218,0.009899635218855219,4.79928449617939
5272706,2026-04-08 11:48:59,-372896.0,2026-04-09 15:23:55,2026-04-09 22:36:21,25946.0,cn294,294,96,1,130208.33333333333,0.03616898148148148,56,194.44444444444446,0.19444444444444445,752260.4892408245,0.20896124701134014,11.701829832635047,0.011701829832635046,5.777360557369533
5272705,2026-04-08 11:48:59,-372896.0,2026-04-09 15:23:55,2026-04-10 07:20:51,57416.0,cn120,120,96,1,346458.33333333326,0.09623842592592591,56,517.3777777777777,0.5173777777777777,20711779.055555556,5.753271959876543,322.18322975308644,0.32218322975308644,59.781442854279426
5272704,2026-04-08 11:48:58,-372897.0,2026-04-09 15:23:55,2026-04-10 11:20:06,71771.0,cn119,119,96,1,443437.5,0.12317708333333334,56,662.1999999999999,0.6621999999999999,14125933.583333334,3.923870439814815,219.73674462962964,0.21973674462962964,31.855523232323232
5272703,2026-04-08 11:48:58,-372897.0,2026-04-09 15:23:55,2026-04-10 06:58:43,56088.0,cn117,117,96,1,341354.1666666667,0.09482060185185186,56,509.75555555555565,0.5097555555555556,9538453.799517345,2.6495704998659293,148.37594799249203,0.14837594799249204,27.942983361417912
5272702,2026-04-08 11:48:57,-372898.0,2026-04-09 15:23:55,2026-04-10 03:02:51,41936.0,cn116,116,96,1,259583.3333333333,0.07210648148148148,56,387.64444444444445,0.38764444444444446,2767194.65955374,0.7686651832093723,43.045250259724845,0.043045250259724846,10.66013994049595
5272701,2026-04-08 11:48:56,-372899.0,2026-04-09 15:23:55,2026-04-10 04:31:24,47249.0,cn112,112,96,1,284687.5,0.07907986111111111,56,425.1333333333333,0.4251333333333333,11531433.128154851,3.203175868931903,179.37784866018657,0.17937784866018658,40.50558288704229
5272700,2026-04-08 11:48:56,-372899.0,2026-04-09 15:23:55,2026-04-10 06:36:30,54755.0,cn110,110,96,1,333229.1666666666,0.0925636574074074,56,497.6222222222222,0.4976222222222222,7241919.254907162,2.011644237474212,112.65207729855587,0.11265207729855586,21.73254918634222
5272712,2026-04-08 11:49:02,-372893.0,2026-04-09 15:23:55,2026-04-10 07:26:52,57777.0,cn510,510,96,1,275833.3333333333,0.07662037037037037,56,411.9111111111111,0.4119111111111111,13083034.27833082,3.6341761884252275,203.51386655181273,0.20351386655181272,47.430939981864
5272646,2026-04-08 11:45:45,-373090.0,2026-04-09 15:23:55,2026-04-10 10:17:33,68018.0,cn052,052,96,1,414895.8333333333,0.11524884259259259,56,619.5777777777778,0.6195777777777778,12239807.94816587,3.399946652268297,190.39701252702463,0.19039701252702462,29.500917977000338
5272645,2026-04-08 11:45:44,-373091.0,2026-04-09 15:23:55,2026-04-10 05:52:13,52098.0,cn051,051,96,1,315937.5,0.08776041666666666,56,471.80000000000007,0.47180000000000005,5013695.083333333,1.3926930787037035,77.99081240740739,0.07799081240740739,15.86926238048137
5272644,2026-04-08 11:45:43,-373092.0,2026-04-09 15:23:55,2026-04-10 09:15:46,64311.0,cn048,048,96,1,381979.1666666666,0.10610532407407407,56,570.4222222222222,0.5704222222222222,8248429.503189793,2.29123041755272,128.30890338295234,0.12830890338295234,21.59392506970876
5272612,2026-04-08 11:45:25,-373110.0,2026-04-09 15:23:55,2026-04-10 09:38:41,65686.0,cn086,086,96,1,404166.6666666666,0.1122685185185185,56,603.5555555555557,0.6035555555555556,18588644.590893902,5.163512386359417,289.1566936361274,0.2891566936361274,45.992522699118936
5272611,2026-04-08 11:45:24,-373111.0,2026-04-09 15:23:55,2026-04-10 00:29:52,32757.0,cn084,084,96,1,193541.66666666666,0.05376157407407407,56,289.02222222222224,0.28902222222222224,1178015.9323257639,0.3272266478682677,18.32469228062299,0.01832469228062299,6.086626991564765
5272610,2026-04-08 11:45:24,-373111.0,2026-04-09 15:23:55,2026-04-10 03:56:56,45181.0,cn077,077,96,1,282500.0,0.07847222222222222,56,421.8666666666667,0.42186666666666667,5352866.85,1.4869074583333333,83.26681766666667,0.08326681766666667,18.94820123893805
5272609,2026-04-08 11:45:23,-373112.0,2026-04-09 15:23:55,2026-04-10 04:40:44,47809.0,cn062,062,96,1,286979.1666666666,0.07971643518518517,56,428.55555555555554,0.4285555555555555,3411289.9476190475,0.947580541005291,53.0645102962963,0.053064510296296295,11.886890561576356
5272608,2026-04-08 11:45:23,-373112.0,2026-04-09 15:23:55,2026-04-10 12:24:28,75633.0,cn053,053,96,1,466562.5,0.12960069444444444,56,696.7333333333333,0.6967333333333333,17038488.481529582,4.73291346709155,265.0431541571268,0.2650431541571268,36.519198352910024
5272607,2026-04-08 11:45:22,-373113.0,2026-04-09 15:23:55,2026-04-10 07:24:27,57632.0,cn052,052,96,1,350416.6666666666,0.09733796296296295,56,523.2888888888889,0.5232888888888889,8269307.448165869,2.2970298467127415,128.6336714159135,0.1286336714159135,23.598499257548262
5272606,2026-04-08 11:45:22,-373113.0,2026-04-09 15:23:55,2026-04-10 07:56:23,59548.0,cn051,051,96,1,361458.3333333333,0.10040509259259259,56,539.7777777777778,0.5397777777777778,8116039.083333333,2.254455300925926,126.24949685185186,0.12624949685185186,22.45359515850144
5272604,2026-04-08 11:45:21,-373114.0,2026-04-09 15:23:55,2026-04-10 09:14:58,64263.0,cn048,048,96,1,381666.6666666666,0.10601851851851851,56,569.9555555555555,0.5699555555555555,8224810.503189793,2.2846695842193867,127.94149671628566,0.12794149671628566,21.549721842418673
5272603,2026-04-08 11:45:21,-373114.0,2026-04-09 15:23:55,2026-04-09 18:42:51,11936.0,cn042,042,96,1,74479.16666666666,0.020688657407407406,56,111.22222222222223,0.11122222222222222,281837.9454191033,0.07828831817197314,4.384145817630496,0.004384145817630496,3.7841178685641848
5272602,2026-04-08 11:45:20,-373115.0,2026-04-09 15:23:55,2026-04-10 05:22:59,50344.0,cn037,037,96,1,301250.0,0.08368055555555555,56,449.8666666666667,0.4498666666666667,2332363.1714233905,0.6478786587287196,36.2812048888083,0.036281204888808295,7.742284386467686
5272601,2026-04-08 11:45:20,-373115.0,2026-04-09 15:23:55,2026-04-10 08:45:28,62493.0,cn034,034,96,1,375104.1666666666,0.10419560185185184,56,560.1555555555556,0.5601555555555555,7205415.804447989,2.0015043901244414,112.08424584696871,0.11208424584696872,19.209106282338436
5272600,2026-04-08 11:45:19,-373116.0,2026-04-09 15:23:55,2026-04-10 07:36:39,58364.0,cn022,022,96,1,346666.6666666666,0.09629629629629628,56,517.6888888888889,0.5176888888888889,17262902.439393938,4.7952506776094275,268.5340379461279,0.2685340379461279,49.79683395979021
5272613,2026-04-08 11:45:25,-373110.0,2026-04-09 15:23:55,2026-04-09 20:27:02,18187.0,cn099,099,96,1,111770.83333333333,0.031047453703703702,56,166.91111111111113,0.16691111111111112,1459801.1515151516,0.40550031986531987,22.708017912457912,0.022708017912457912,13.060662678979922
5272599,2026-04-08 11:45:19,-373116.0,2026-04-09 15:23:55,2026-04-10 07:23:33,57578.0,cn016,016,96,1,367916.6666666666,0.10219907407407407,56,549.4222222222222,0.5494222222222223,5570258.105972,1.5472939183255556,86.64845942623111,0.08664845942623112,15.139999382030354
5272597,2026-04-08 11:45:19,-373116.0,2026-04-09 15:23:55,2026-04-09 19:03:33,13178.0,cn003,003,96,1,83437.5,0.023177083333333334,56,124.60000000000001,0.1246,302053.2556650246,0.08390368212917351,4.6986061992337165,0.0046986061992337165,3.620113925573329
5272596,2026-04-08 11:45:19,-373116.0,2026-04-09 15:23:55,2026-04-10 04:47:34,48219.0,cn547,547,96,1,235937.5,0.06553819444444445,56,352.33333333333337,0.3523333333333334,985026.7509664003,0.2736185419351112,15.322638348366228,0.015322638348366228,4.1749478186655375
5272594,2026-04-08 11:45:17,-373118.0,2026-04-09 15:23:55,2026-04-10 09:50:09,66374.0,cn511,511,96,1,321354.1666666666,0.08926504629629628,56,479.8888888888889,0.4798888888888889,7496396.683333334,2.082332412037037,116.61061507407408,0.11661061507407408,23.327522904376018
5272593,2026-04-08 11:45:17,-373118.0,2026-04-09 15:23:55,2026-04-10 11:52:25,73710.0,cn505,505,96,1,357812.5,0.0993923611111111,56,534.3333333333333,0.5343333333333332,10601300.24929215,2.944805624803375,164.909114988989,0.164909114988989,29.628088032956228
5272592,2026-04-08 11:45:16,-373119.0,2026-04-09 15:23:55,2026-04-10 06:00:51,52616.0,cn294,294,96,1,265937.5,0.07387152777777778,56,397.1333333333333,0.39713333333333334,13813084.489240825,3.836967913678007,214.8702031659684,0.21487020316596842,51.94109326154012
5272591,2026-04-08 11:45:15,-373120.0,2026-04-09 15:23:55,2026-04-10 07:54:32,59437.0,cn119,119,96,1,367500.0,0.10208333333333333,56,548.8000000000001,0.5488000000000001,9696131.083333334,2.6933697453703704,150.82870574074076,0.15082870574074075,26.38403015873016
5272590,2026-04-08 11:45:15,-373120.0,2026-04-09 15:23:55,2026-04-09 21:12:07,20892.0,cn110,110,96,1,126041.66666666666,0.03501157407407407,56,188.22222222222223,0.18822222222222224,818064.5549071619,0.22724015414087828,12.725448631889183,0.012725448631889184,6.490429526536161
5272589,2026-04-08 11:45:14,-373121.0,2026-04-09 15:23:55,2026-04-10 05:57:04,52389.0,cn077,077,96,1,327604.1666666666,0.0910011574074074,56,489.2222222222222,0.48922222222222217,6829070.016666667,1.8969638935185185,106.22997803703703,0.10622997803703703,20.845491942766298
5272587,2026-04-08 11:45:14,-373121.0,2026-04-09 15:23:55,2026-04-10 08:04:49,60054.0,cn062,062,96,1,360520.8333333333,0.10014467592592592,56,538.3777777777777,0.5383777777777777,5920683.780952381,1.6446343835978836,92.09952548148148,0.09209952548148148,16.422584310067283
5272586,2026-04-08 11:45:13,-373122.0,2026-04-09 15:23:55,2026-04-10 04:12:45,46130.0,cn053,053,96,1,286354.1666666666,0.07954282407407406,56,427.6222222222222,0.4276222222222222,4891168.814862915,1.3586580041285876,76.08484823120091,0.0760848482312009,17.08083689439214
5272585,2026-04-08 11:45:12,-373123.0,2026-04-09 15:23:55,2026-04-10 07:06:52,56577.0,cn051,051,96,1,343333.3333333333,0.09537037037037037,56,512.7111111111111,0.5127111111111111,6349811.583333333,1.763836550925926,98.77484685185185,0.09877484685185185,18.494596844660194
5272583,2026-04-08 11:45:12,-373123.0,2026-04-09 15:23:55,2026-04-10 03:01:08,41833.0,cn006,006,96,1,251562.5,0.06987847222222222,56,375.66666666666663,0.37566666666666665,1484055.3591954024,0.41223759977650065,23.085305587484036,0.023085305587484038,5.899350496180482
5272598,2026-04-08 11:45:19,-373116.0,2026-04-09 15:23:55,2026-04-09 23:52:16,30501.0,cn006,006,96,1,183125.0,0.050868055555555555,56,273.4666666666667,0.2734666666666667,921775.557913351,0.25604876608704197,14.33873090087435,0.01433873090087435,5.033586664373248
5272726,2026-04-08 11:49:10,-372885.0,2026-04-09 15:23:55,2026-04-10 09:23:24,64769.0,cn538,538,96,1,315104.1666666666,0.08752893518518517,56,470.5555555555556,0.4705555555555556,6390759.32824104,1.7752109245114,99.4118117726384,0.0994118117726384,20.281418033426114
5272614,2026-04-08 11:45:26,-373109.0,2026-04-09 15:23:55,2026-04-10 12:04:14,74419.0,cn110,110,96,1,453541.6666666666,0.12598379629629627,56,677.2888888888889,0.6772888888888889,18229287.25490716,5.063690904140878,283.5666906318892,0.28356669063188916,40.19319192629967
5272616,2026-04-08 11:45:27,-373108.0,2026-04-09 15:23:55,2026-04-09 21:01:29,20254.0,cn119,119,96,1,123750.0,0.034375,56,184.79999999999998,0.1848,1789054.0833333333,0.4969594675925926,27.829730185185184,0.027829730185185184,14.457002693602693
5272643,2026-04-08 11:45:42,-373093.0,2026-04-09 15:23:55,2026-04-10 15:57:10,88395.0,cn047,047,96,1,528125.0,0.1467013888888889,56,788.6666666666667,0.7886666666666667,21737508.841356028,6.038196900376675,338.1390264210938,0.3381390264210938,41.15978005463863
5272642,2026-04-08 11:45:41,-373094.0,2026-04-09 15:23:55,2026-04-10 08:25:49,61314.0,cn045,045,96,1,380833.3333333333,0.10578703703703703,56,568.7111111111111,0.5687111111111111,27145481.46324786,7.540411517568851,422.26304498385565,0.42226304498385564,71.27916357964428
5272641,2026-04-08 11:45:40,-373095.0,2026-04-09 15:23:55,2026-04-10 05:08:49,49494.0,cn044,044,96,1,307083.3333333333,0.08530092592592592,56,458.5777777777777,0.45857777777777775,13700903.23846154,3.8058064551282054,213.1251614871795,0.2131251614871795,44.61623849702537
5272640,2026-04-08 11:45:40,-373095.0,2026-04-09 15:23:55,2026-04-10 01:02:37,34722.0,cn042,042,96,1,215520.8333333333,0.05986689814814814,56,321.84444444444443,0.32184444444444443,5381752.762962963,1.4949313230452677,83.71615409053499,0.08371615409053498,24.970916638204184
5272639,2026-04-08 11:45:39,-373096.0,2026-04-09 15:23:55,2026-04-10 04:27:35,47020.0,cn041,041,96,1,295312.5,0.08203125,56,441.0,0.441,5787136.034841629,1.607537787456008,90.02211609753644,0.09002211609753644,19.59665112327324
5272638,2026-04-08 11:45:39,-373096.0,2026-04-09 15:23:55,2026-04-10 10:11:20,67645.0,cn040,040,96,1,418541.6666666666,0.11626157407407406,56,625.0222222222222,0.6250222222222223,0.0,0.0,0.0,0.0,0.0
5272637,2026-04-08 11:45:39,-373096.0,2026-04-09 15:23:55,2026-04-10 06:45:51,55316.0,cn039,039,96,1,326666.6666666666,0.09074074074074073,56,487.8222222222222,0.4878222222222222,16782134.388888888,4.66170399691358,261.0554238271605,0.2610554238271605,51.37388078231293
5272636,2026-04-08 11:45:38,-373097.0,2026-04-09 15:23:55,2026-04-09 18:42:56,11941.0,cn038,038,96,1,69895.83333333333,0.019415509259259257,56,104.37777777777778,0.10437777777777778,201696.41176470587,0.05602678104575163,3.137499738562091,0.003137499738562091,2.8856714648899797
5272635,2026-04-08 11:45:38,-373097.0,2026-04-09 15:23:55,2026-04-10 09:29:11,65116.0,cn037,037,96,1,389791.6666666666,0.10827546296296295,56,582.0888888888888,0.5820888888888889,6625000.0047567235,1.8402777790990898,103.05555562954903,0.10305555562954903,16.996258697398332
5272634,2026-04-08 11:45:38,-373097.0,2026-04-09 15:23:55,2026-04-10 16:37:34,90819.0,cn034,034,96,1,545520.8333333333,0.15153356481481478,56,814.6444444444445,0.8146444444444445,24049421.80444799,6.680394945679997,374.1021169580798,0.3741021169580798,44.08524905913705
5272633,2026-04-08 11:45:37,-373098.0,2026-04-09 15:23:55,2026-04-10 10:17:09,67994.0,cn033,033,96,1,409270.8333333333,0.11368634259259258,56,611.1777777777778,0.6111777777777778,14332808.261085972,3.9813356280794365,222.95479517244846,0.22295479517244846,35.02035105788377
5272632,2026-04-08 11:45:37,-373098.0,2026-04-09 15:23:55,2026-04-10 08:43:17,62362.0,cn031,031,96,1,378437.5,0.10512152777777778,56,565.1333333333333,0.5651333333333334,15158156.657264957,4.210599071462488,235.7935480018993,0.2357935480018993,40.05458406544002
5272615,2026-04-08 11:45:26,-373109.0,2026-04-09 15:23:55,2026-04-10 03:48:12,44657.0,cn116,116,96,1,276354.1666666666,0.07676504629629628,56,412.68888888888887,0.4126888888888889,4396047.65955374,1.221124349876039,68.38296359305818,0.06838296359305818,15.907296468796046
5272630,2026-04-08 11:45:36,-373099.0,2026-04-09 15:23:55,2026-04-09 23:58:21,30866.0,cn022,022,96,1,181875.0,0.050520833333333334,56,271.59999999999997,0.27159999999999995,3480860.9393939395,0.9669058164983165,54.146725723905725,0.05414672572390573,19.13875430594606
5272628,2026-04-08 11:45:35,-373100.0,2026-04-09 15:23:55,2026-04-10 07:32:36,58121.0,cn016,016,96,1,371458.3333333333,0.10318287037037037,56,554.7111111111111,0.5547111111111112,5826772.939305334,1.6185480386959261,90.63869016697186,0.09063869016697186,15.686208698073811
5272627,2026-04-08 11:45:35,-373100.0,2026-04-09 15:23:55,2026-04-10 11:57:32,74017.0,cn014,014,96,1,435000.0,0.12083333333333333,56,649.6,0.6496000000000001,13014161.290849673,3.615044803013798,202.44250896877267,0.20244250896877267,29.91761216287281
5272626,2026-04-08 11:45:34,-373101.0,2026-04-09 15:23:55,2026-04-10 09:12:42,64127.0,cn008,008,96,1,386666.6666666666,0.1074074074074074,56,577.4222222222222,0.5774222222222222,9653103.335042736,2.6814175930674264,150.15938521177588,0.15015938521177588,24.964922418213973
5272625,2026-04-08 11:45:33,-373102.0,2026-04-09 15:23:55,2026-04-10 06:47:17,55402.0,cn006,006,96,1,332708.3333333333,0.09241898148148148,56,496.84444444444443,0.4968444444444444,4728238.5410135845,1.3133995947259958,73.55037730465577,0.07355037730465577,14.211361926653229
5272624,2026-04-08 11:45:32,-373103.0,2026-04-09 15:23:55,2026-04-10 07:26:49,57774.0,cn003,003,96,1,363020.8333333333,0.10083912037037036,56,542.1111111111111,0.5421111111111111,5772005.715898943,1.6033349210830397,89.78675558065022,0.08978675558065022,15.899929662160648
5272623,2026-04-08 11:45:32,-373103.0,2026-04-09 15:23:55,2026-04-10 16:23:50,89995.0,cn547,547,96,1,440729.1666666666,0.12242476851851851,56,658.1555555555556,0.6581555555555556,8389957.26914822,2.330543685874505,130.51044640897229,0.13051044640897227,19.03653741049939
5272622,2026-04-08 11:45:31,-373104.0,2026-04-09 15:23:55,2026-04-09 20:51:16,19641.0,cn542,542,96,1,95312.5,0.026475694444444444,56,142.33333333333331,0.1423333333333333,4577200.5,1.2714445833333334,71.20089666666667,0.07120089666666667,48.023087213114756
5272621,2026-04-08 11:45:30,-373105.0,2026-04-09 15:23:55,2026-04-11 09:46:38,152563.0,cn538,538,96,1,740312.5,0.20564236111111112,56,1105.5333333333333,1.1055333333333333,47204791.82824104,13.1124421745114,734.2967617726384,0.7342967617726385,63.763332144521456
5272620,2026-04-08 11:45:30,-373105.0,2026-04-09 15:23:55,2026-04-10 04:47:25,48210.0,cn520,520,96,1,230833.3333333333,0.06412037037037037,56,344.7111111111111,0.34471111111111113,3898834.6623250046,1.0830096284236124,60.64853919172229,0.06064853919172229,16.89025846494587
5272619,2026-04-08 11:45:29,-373106.0,2026-04-09 15:23:55,2026-04-10 09:23:32,64777.0,cn511,511,96,1,313645.8333333333,0.08712384259259259,56,468.3777777777778,0.4683777777777778,7125700.183333334,1.979361162037037,110.84422507407407,0.11084422507407407,22.71893781467951
5272618,2026-04-08 11:45:28,-373107.0,2026-04-09 15:23:55,2026-04-10 10:06:34,67359.0,cn507,507,96,1,328958.3333333333,0.09137731481481481,56,491.2444444444444,0.49124444444444443,13165621.062618667,3.657116961838519,204.79854986295706,0.20479854986295706,40.02215395856213
5272617,2026-04-08 11:45:27,-373108.0,2026-04-09 15:23:55,2026-04-10 10:21:53,68278.0,cn505,505,96,1,331562.5,0.09210069444444445,56,495.1333333333333,0.4951333333333333,8096720.249292149,2.249088958136708,125.94898165565566,0.12594898165565566,24.41989142105078
5272629,2026-04-08 11:45:36,-373099.0,2026-04-09 15:23:55,2026-04-09 22:19:04,24909.0,cn021,021,96,1,149479.16666666666,0.04152199074074074,56,223.22222222222223,0.22322222222222224,1471971.2,0.40888088888888885,22.897329777777777,0.022897329777777777,9.847333463414634
5272727,2026-04-08 11:49:10,-372885.0,2026-04-09 15:23:55,2026-04-10 01:09:36,35141.0,cn539,539,96,1,172812.5,0.048003472222222225,56,258.06666666666666,0.25806666666666667,4635945.45751634,1.2877626270878721,72.11470711692084,0.07211470711692083,26.826447493765436
5272729,2026-04-08 11:49:11,-372884.0,2026-04-09 15:23:55,2026-04-10 15:10:30,85595.0,cn542,542,96,1,417291.6666666666,0.11591435185185184,56,623.1555555555556,0.6231555555555556,35485392.5,9.857053472222223,551.9949944444445,0.5519949944444446,85.03738592111833
5272582,2026-04-08 11:45:11,-373124.0,2026-04-09 15:23:55,2026-04-10 08:37:22,62007.0,cn003,003,96,1,389479.1666666666,0.1081886574074074,56,581.6222222222223,0.5816222222222223,8338212.715898943,2.3161701988608177,129.7055311362058,0.12970553113620578,21.40862318069801
5272576,2026-04-08 11:45:08,-373127.0,2026-04-09 15:23:55,2026-04-09 18:57:30,12815.0,cn003,003,96,1,81250.0,0.022569444444444444,56,121.33333333333333,0.12133333333333333,290803.6223316913,0.08077878398102536,4.523611902937421,0.0045236119029374204,3.579121505620816
5272578,2026-04-08 11:45:08,-373127.0,2026-04-09 15:23:55,2026-04-10 09:21:09,64634.0,cn006,006,96,1,387812.5,0.10772569444444445,56,579.1333333333333,0.5791333333333333,10091476.541013584,2.803187928059329,156.9785239713224,0.1569785239713224,26.021534996972978
5272728,2026-04-08 11:49:10,-372885.0,2026-04-09 15:23:55,2026-04-10 03:02:45,41930.0,cn540,540,96,1,206458.3333333333,0.05734953703703703,56,308.31111111111113,0.30831111111111115,1248042.9322875817,0.346678592302106,19.414001168917938,0.01941400116891794,6.045011175560437
5272776,2026-04-08 11:50:49,-372786.0,2026-04-09 15:23:55,2026-04-10 05:31:21,50846.0,cn028,028,96,1,302916.6666666666,0.0841435185185185,56,452.35555555555555,0.45235555555555557,19097358.333333332,5.304821759259259,297.0700185185185,0.2970700185185185,63.04492434662999
5272756,2026-04-08 11:49:30,-372865.0,2026-04-09 15:23:55,2026-04-09 23:00:56,27421.0,cn026,026,96,1,163854.16666666666,0.045515046296296297,56,244.6888888888889,0.2446888888888889,3613172.682614379,1.0036590785039943,56.20490839622368,0.05620490839622368,22.05114923909602
5272754,2026-04-08 11:49:29,-372866.0,2026-04-09 15:23:55,2026-04-09 21:44:17,22822.0,cn025,025,96,1,138229.16666666666,0.03839699074074074,56,206.42222222222222,0.20642222222222223,0.0,0.0,0.0,0.0,0.0
5272752,2026-04-08 11:49:28,-372867.0,2026-04-09 15:23:55,2026-04-10 10:00:05,66970.0,cn024,024,96,1,416770.8333333333,0.11576967592592592,56,622.3777777777777,0.6223777777777777,22406980.1372549,6.224161149237473,348.55302435729845,0.34855302435729846,53.76331150153638
5272751,2026-04-08 11:49:28,-372867.0,2026-04-09 15:23:55,2026-04-09 20:26:14,18139.0,cn023,023,96,1,108958.33333333333,0.0302662037037037,56,162.7111111111111,0.1627111111111111,310772.82705099776,0.08632578529194382,4.834243976348854,0.004834243976348854,2.8522171507548553
5272750,2026-04-08 11:49:27,-372868.0,2026-04-09 15:23:55,2026-04-10 02:21:29,39454.0,cn022,022,96,1,232604.16666666666,0.06461226851851852,56,347.35555555555555,0.34735555555555553,5975583.439393939,1.6598842887205387,92.95352016835017,0.09295352016835016,25.689924325204576
5272748,2026-04-08 11:49:26,-372869.0,2026-04-09 15:23:55,2026-04-10 22:34:35,112240.0,cn021,021,96,1,684270.8333333333,0.19007523148148145,56,1021.8444444444445,1.0218444444444446,51299550.755555555,14.249875209876544,797.9930117530864,0.7979930117530865,74.96965858628914
5272747,2026-04-08 11:49:25,-372870.0,2026-04-09 15:23:55,2026-04-10 06:23:09,53954.0,cn020,020,96,1,328020.8333333333,0.09111689814814815,56,489.84444444444443,0.4898444444444444,0.0,0.0,0.0,0.0,0.0
5272745,2026-04-08 11:49:24,-372871.0,2026-04-09 15:23:55,2026-04-10 08:47:50,62635.0,cn019,019,96,1,372812.5,0.10355902777777778,56,556.7333333333333,0.5567333333333333,24692049.36274133,6.85890260076148,384.0985456426429,0.3840985456426429,66.23181723451152
5272744,2026-04-08 11:49:23,-372872.0,2026-04-09 15:23:55,2026-04-10 04:53:10,48555.0,cn018,018,96,1,292604.1666666666,0.08127893518518517,56,436.9555555555556,0.4369555555555556,11069771.118556585,3.0749364218212736,172.19643962199132,0.17219643962199133,37.8318984471852
5272580,2026-04-08 11:45:10,-373125.0,2026-04-09 15:23:55,2026-04-10 02:00:22,38187.0,cn505,505,96,1,185729.16666666666,0.051591435185185185,56,277.35555555555555,0.2773555555555556,1670215.5826254827,0.463948772951523,25.981131285285286,0.025981131285285286,8.992747949077193
5272741,2026-04-08 11:49:22,-372873.0,2026-04-09 15:23:55,2026-04-09 19:30:25,14790.0,cn014,014,96,1,86770.83333333333,0.024103009259259258,56,129.57777777777778,0.1295777777777778,473558.3888888889,0.13154399691358024,7.366463827160493,0.007366463827160493,5.457575670268107
5272742,2026-04-08 11:49:22,-372873.0,2026-04-09 15:23:55,2026-04-10 07:27:25,57810.0,cn016,016,96,1,369479.1666666666,0.10263310185185184,56,551.7555555555556,0.5517555555555556,5641147.939305334,1.5669855386959262,87.75119016697187,0.08775119016697187,15.267837670519091
5272730,2026-04-08 11:49:12,-372883.0,2026-04-09 15:23:55,2026-04-10 17:08:18,92663.0,cn547,547,96,1,453854.1666666666,0.12607060185185184,56,677.7555555555556,0.6777555555555556,9640777.26914822,2.6779936858745055,149.9676464089723,0.1499676464089723,21.242015557453044
5272733,2026-04-08 11:49:15,-372880.0,2026-04-09 15:23:55,2026-04-09 22:44:24,26429.0,cn003,003,96,1,166770.83333333334,0.04632523148148148,56,249.04444444444448,0.24904444444444448,731144.887243972,0.20309580201221444,11.373364912684009,0.011373364912684009,4.384129242687153
5272734,2026-04-08 11:49:16,-372879.0,2026-04-09 15:23:55,2026-04-10 04:07:50,45835.0,cn004,004,96,1,289791.6666666666,0.08049768518518517,56,432.7555555555556,0.4327555555555556,4439952.767110995,1.2333202130863874,69.0659319328377,0.06906593193283769,15.321188556529675
5272735,2026-04-08 11:49:16,-372879.0,2026-04-09 15:23:55,2026-04-10 03:55:53,45118.0,cn005,005,96,1,279062.5,0.07751736111111111,56,416.73333333333335,0.41673333333333334,0.0,0.0,0.0,0.0,0.0
5272731,2026-04-08 11:49:13,-372882.0,2026-04-09 15:23:55,2026-04-09 21:12:06,20891.0,cn550,550,96,1,100416.66666666666,0.027893518518518515,56,149.95555555555555,0.14995555555555554,566968.2941176471,0.15749119281045754,8.819506797385621,0.00881950679738562,5.646157285818893
5272737,2026-04-08 11:49:18,-372877.0,2026-04-09 15:23:55,2026-04-09 21:30:30,21995.0,cn007,007,96,1,132291.66666666666,0.03674768518518518,56,197.55555555555554,0.19755555555555554,3786045.7304575164,1.0516793695715323,58.89404469600581,0.05889404469600581,28.618928356214298
5272738,2026-04-08 11:49:19,-372876.0,2026-04-09 15:23:55,2026-04-10 06:25:18,54083.0,cn008,008,96,1,325312.5,0.09036458333333333,56,485.80000000000007,0.48580000000000007,3637766.335042735,1.0104906486229819,56.587476322886985,0.056587476322886986,11.182374901188043
5272739,2026-04-08 11:49:20,-372875.0,2026-04-09 15:23:55,2026-04-10 00:38:21,33266.0,cn010,010,96,1,201979.16666666666,0.05610532407407407,56,301.6222222222222,0.3016222222222222,0.0,0.0,0.0,0.0,0.0
5272740,2026-04-08 11:49:21,-372874.0,2026-04-09 15:23:55,2026-04-10 10:39:09,69314.0,cn012,012,96,1,424895.8333333333,0.11802662037037036,56,634.5111111111112,0.6345111111111111,24666200.43475095,6.851722342986376,383.69645120723703,0.38369645120723705,58.05234718646951
5272736,2026-04-08 11:49:17,-372878.0,2026-04-09 15:23:55,2026-04-10 03:54:22,45027.0,cn006,006,96,1,271041.6666666666,0.07528935185185184,56,404.7555555555556,0.4047555555555556,1724546.3743469175,0.47904065954081043,26.826276934285385,0.026826276934285385,6.362661488751119
5272732,2026-04-08 11:49:14,-372881.0,2026-04-09 15:23:55,2026-04-09 23:15:10,28275.0,cn002,002,96,1,167395.8333333333,0.046498842592592585,56,249.97777777777776,0.24997777777777777,739287.0060843731,0.20535750169010364,11.500020094645803,0.011500020094645803,4.416400285258234
5272841,2026-04-08 11:53:00,-372656.0,2026-04-09 15:23:56,2026-04-10 08:39:24,62128.0,cn101,101,96,1,373125.0,0.10364583333333334,56,557.1999999999999,0.5571999999999999,10355089.504804999,2.876413751334722,161.0791700747444,0.1610791700747444,27.752333681219426
5272848,2026-04-08 11:53:04,-372652.0,2026-04-09 15:23:56,2026-04-09 19:07:38,13422.0,cn112,112,96,1,81041.66666666666,0.022511574074074073,56,121.02222222222221,0.12102222222222221,245417.98642533936,0.0681716628959276,3.817613122171946,0.0038176131221719463,3.02829391990136
5272847,2026-04-08 11:53:03,-372653.0,2026-04-09 15:23:56,2026-04-09 23:57:54,30838.0,cn111,111,96,1,180833.3333333333,0.050231481481481474,56,270.0444444444444,0.2700444444444444,2260808.1307189544,0.6280022585330429,35.16812647785041,0.035168126477850406,12.502164778169334
5272846,2026-04-08 11:53:02,-372654.0,2026-04-09 15:23:56,2026-04-10 07:20:18,57382.0,cn110,110,96,1,348958.3333333333,0.09693287037037036,56,521.1111111111111,0.5211111111111111,8017552.599734748,2.2270979443707635,124.71748488476275,0.12471748488476275,22.975673121627935
5272845,2026-04-08 11:53:01,-372655.0,2026-04-09 15:23:56,2026-04-10 06:18:38,53682.0,cn108,108,96,1,334791.6666666666,0.09299768518518517,56,499.9555555555555,0.49995555555555554,13006419.254298642,3.6128942373051784,202.32207728909,0.20232207728909,38.849292109915055
5272844,2026-04-08 11:53:00,-372656.0,2026-04-09 15:23:56,2026-04-10 01:38:07,36851.0,cn107,107,96,1,222187.5,0.06171875,56,331.8,0.3318,6455504.376923077,1.7931956602564103,100.41895697435898,0.10041895697435897,29.054309432002597
5272843,2026-04-08 11:53:00,-372656.0,2026-04-09 15:23:56,2026-04-10 07:46:00,58924.0,cn106,106,96,1,353229.1666666666,0.09811921296296296,56,527.4888888888888,0.5274888888888888,10377009.14871795,2.8825025413105414,161.42014231339033,0.16142014231339033,29.377554652814016
5272842,2026-04-08 11:53:00,-372656.0,2026-04-09 15:23:56,2026-04-09 23:43:30,29974.0,cn104,104,96,1,179791.66666666666,0.04994212962962963,56,268.4888888888889,0.2684888888888889,3219313.202614379,0.894253667392883,50.07820537400145,0.05007820537400145,17.905797650694115
5272836,2026-04-08 11:52:53,-372663.0,2026-04-09 15:23:56,2026-04-10 06:20:04,53768.0,cn096,096,96,1,327916.6666666666,0.09108796296296295,56,489.68888888888887,0.4896888888888889,12937855.977777777,3.593848882716049,201.25553743209875,0.20125553743209876,39.454706920796276
5272839,2026-04-08 11:52:55,-372661.0,2026-04-09 15:23:56,2026-04-10 06:41:28,55052.0,cn099,099,96,1,337708.3333333333,0.09380787037037036,56,504.31111111111113,0.5043111111111112,12659146.651515152,3.5164296254208756,196.92005902356902,0.19692005902356902,37.485443508496445
5272838,2026-04-08 11:52:55,-372661.0,2026-04-09 15:23:56,2026-04-10 04:43:46,47990.0,cn098,098,96,1,301354.1666666666,0.08370949074074073,56,450.02222222222224,0.4500222222222222,13667623.087130126,3.796561968647257,212.6074702442464,0.2126074702442464,45.35402061405089
5272837,2026-04-08 11:52:54,-372662.0,2026-04-09 15:23:56,2026-04-10 08:11:23,60447.0,cn097,097,96,1,377291.6666666666,0.10480324074074072,56,563.4222222222222,0.5634222222222223,22406267.96732026,6.223963324255628,348.54194615831517,0.3485419461583152,59.38712658373123
5272849,2026-04-08 11:53:05,-372651.0,2026-04-09 15:23:56,2026-04-10 07:01:29,56253.0,cn113,113,96,1,332916.6666666666,0.09247685185185184,56,497.15555555555557,0.4971555555555556,13138415.48993464,3.6495598583151776,204.37535206564993,0.20437535206564994,39.46457719129304
5272835,2026-04-08 11:52:52,-372664.0,2026-04-09 15:23:56,2026-04-09 23:51:26,30450.0,cn094,094,96,1,190416.66666666666,0.05289351851851851,56,284.35555555555555,0.28435555555555553,994414.3236618697,0.27622620101718603,15.468667256962418,0.015468667256962417,5.222307170215509
5272834,2026-04-08 11:52:51,-372665.0,2026-04-09 15:23:56,2026-04-10 03:59:41,45345.0,cn092,092,96,1,283437.5,0.07873263888888889,56,423.26666666666665,0.4232666666666666,20012877.790849674,5.559132719680465,311.3114323021061,0.31131143230210606,70.60772759726456
5272833,2026-04-08 11:52:50,-372666.0,2026-04-09 15:23:56,2026-04-10 02:03:45,38389.0,cn091,091,96,1,240104.16666666666,0.06669560185185185,56,358.55555555555554,0.3585555555555555,5473229.456494356,1.5203415156928766,85.13912487880108,0.08513912487880108,22.79522897281814
5272840,2026-04-08 11:52:56,-372660.0,2026-04-09 15:23:56,2026-04-10 05:15:59,49923.0,cn100,100,96,1,313750.0,0.08715277777777777,56,468.53333333333336,0.46853333333333336,13889062.277777778,3.8580728549382717,216.05207987654322,0.2160520798765432,44.26792757857459
5272850,2026-04-08 11:53:06,-372650.0,2026-04-09 15:23:56,2026-04-10 03:46:24,44548.0,cn114,114,96,1,265416.6666666666,0.07372685185185184,56,396.35555555555555,0.39635555555555557,13165134.086702317,3.656981690750644,204.79097468203605,0.20479097468203605,49.60176108019712
5272856,2026-04-08 11:53:12,-372644.0,2026-04-09 15:23:56,2026-04-09 23:44:13,30017.0,cn120,120,96,1,178229.16666666666,0.04950810185185185,56,266.15555555555557,0.2661555555555556,4373178.722222222,1.2147718672839505,68.02722456790123,0.06802722456790122,24.536829768166765
5272852,2026-04-08 11:53:08,-372648.0,2026-04-09 15:23:56,2026-04-10 02:52:32,41316.0,cn116,116,96,1,255729.16666666666,0.07103587962962962,56,381.8888888888889,0.3818888888888889,2585139.365436093,0.7180942681766925,40.213279017894784,0.04021327901789479,10.108895278283704
5272872,2026-04-08 11:53:27,-372629.0,2026-04-09 15:23:56,2026-04-10 13:08:11,78255.0,cn526,526,96,1,376875.0,0.1046875,56,562.8000000000001,0.5628000000000001,23475585.6,6.520996,365.17577600000004,0.36517577600000006,62.290111044776125
5272871,2026-04-08 11:53:26,-372630.0,2026-04-09 15:23:56,2026-04-10 17:02:52,92336.0,cn525,525,96,1,446666.6666666666,0.12407407407407406,56,667.0222222222222,0.6670222222222223,22707723.783854056,6.3077010510705716,353.231258859952,0.353231258859952,50.83818757579267
5272870,2026-04-08 11:53:25,-372631.0,2026-04-09 15:23:56,2026-04-10 08:04:24,60028.0,cn523,523,96,1,292291.6666666666,0.08119212962962961,56,436.4888888888889,0.43648888888888887,11987691.542476477,3.329914317354577,186.4752017718563,0.18647520177185628,41.01277220519394
5272869,2026-04-08 11:53:24,-372632.0,2026-04-09 15:23:56,2026-04-10 09:57:50,66834.0,cn522,522,96,1,330000.0,0.09166666666666666,56,492.80000000000007,0.49280000000000007,19198783.366666667,5.332995379629629,298.64774125925925,0.29864774125925925,58.17813141414142
5272868,2026-04-08 11:53:23,-372633.0,2026-04-09 15:23:56,2026-04-10 09:00:05,63369.0,cn520,520,96,1,302395.8333333333,0.08399884259259259,56,451.5777777777777,0.45157777777777774,10766069.106769448,2.9905747518804024,167.47218610530254,0.16747218610530254,35.60257093523483
5272867,2026-04-08 11:53:22,-372634.0,2026-04-09 15:23:56,2026-04-10 07:46:35,58959.0,cn519,519,96,1,287708.3333333333,0.07991898148148148,56,429.64444444444445,0.42964444444444444,8996911.58888889,2.4991421080246914,139.9519580493827,0.1399519580493827,31.270945421192376
5272865,2026-04-08 11:53:21,-372635.0,2026-04-09 15:23:56,2026-04-09 23:35:40,29504.0,cn517,517,96,1,144166.66666666666,0.040046296296296295,56,215.2888888888889,0.2152888888888889,787886.1282051282,0.21885725783475785,12.25600643874644,0.01225600643874644,5.465106091596265
5272864,2026-04-08 11:53:20,-372636.0,2026-04-09 15:23:56,2026-04-10 16:13:59,89403.0,cn515,515,96,1,435312.5,0.12092013888888889,56,650.0666666666666,0.6500666666666666,14398287.525641026,3.9995243126780626,223.9733615099715,0.22397336150997152,33.07575023837134
5272863,2026-04-08 11:53:19,-372637.0,2026-04-09 15:23:56,2026-04-10 03:31:26,43650.0,cn511,511,96,1,211145.8333333333,0.05865162037037037,56,315.31111111111113,0.31531111111111115,3849417.7666666666,1.069282712962963,59.87983192592593,0.05987983192592593,18.23108562407499
5272862,2026-04-08 11:53:18,-372638.0,2026-04-09 15:23:56,2026-04-10 01:30:23,36387.0,cn510,510,96,1,174374.99999999997,0.048437499999999994,56,260.4,0.26039999999999996,3351821.4548014076,0.9310615152226133,52.13944485246634,0.05213944485246634,19.221915152982987
5272861,2026-04-08 11:53:17,-372639.0,2026-04-09 15:23:56,2026-04-10 00:46:29,33753.0,cn507,507,96,1,166458.3333333333,0.04623842592592592,56,248.57777777777778,0.2485777777777778,1898741.6007139059,0.5274282224205294,29.535980455549648,0.029535980455549646,11.406707989270025
5272860,2026-04-08 11:53:16,-372640.0,2026-04-09 15:23:56,2026-04-09 18:58:13,12857.0,cn505,505,96,1,63229.166666666664,0.017563657407407406,56,94.42222222222222,0.09442222222222221,163981.13513513515,0.045550315315315316,2.5508176576576576,0.0025508176576576574,2.5934413464535377
5272859,2026-04-08 11:53:15,-372641.0,2026-04-09 15:23:56,2026-04-10 14:08:16,81860.0,cn504,504,96,1,398645.8333333333,0.1107349537037037,56,595.3111111111111,0.5953111111111111,13950368.01111111,3.875102225308642,217.00572461728396,0.21700572461728396,34.99439062102604
5272858,2026-04-08 11:53:14,-372642.0,2026-04-09 15:23:56,2026-04-10 06:39:03,54907.0,cn503,503,96,1,265000.0,0.07361111111111111,56,395.73333333333335,0.3957333333333333,12275799.804843392,3.4099443902342754,190.95688585311942,0.19095688585311943,46.32377284846563
5272857,2026-04-08 11:53:13,-372643.0,2026-04-09 15:23:56,2026-04-10 09:08:18,63862.0,cn502,502,96,1,313229.1666666666,0.08700810185185184,56,467.7555555555556,0.4677555555555556,19624841.901960783,5.451344972766884,305.2753184749455,0.3052753184749455,62.653303045834235
5272832,2026-04-08 11:52:49,-372667.0,2026-04-09 15:23:56,2026-04-10 12:44:12,76816.0,cn090,090,96,1,478125.0,0.1328125,56,714.0,0.714,18986355.646153845,5.273987679487179,295.34331005128206,0.29534331005128206,39.71002488084464
5272855,2026-04-08 11:53:12,-372644.0,2026-04-09 15:23:56,2026-04-10 10:39:07,69311.0,cn119,119,96,1,428541.6666666666,0.11903935185185184,56,639.9555555555555,0.6399555555555555,12665552.75,3.5182090972222224,197.01970944444446,0.19701970944444447,29.555008847836657
5272854,2026-04-08 11:53:11,-372645.0,2026-04-09 15:23:56,2026-04-10 09:32:18,65302.0,cn118,118,96,1,404583.3333333333,0.11238425925925925,56,604.1777777777778,0.6041777777777778,23267234.33319073,6.463120648108537,361.93475629407806,0.36193475629407806,57.50912708512642
5272853,2026-04-08 11:53:09,-372647.0,2026-04-09 15:23:56,2026-04-09 18:38:57,11701.0,cn117,117,96,1,70833.33333333333,0.019675925925925923,56,105.77777777777777,0.10577777777777778,269024.57692307694,0.07472904914529915,4.184826752136752,0.004184826752136752,3.7979940271493215
5272851,2026-04-08 11:53:07,-372649.0,2026-04-09 15:23:56,2026-04-09 18:53:54,12598.0,cn115,115,96,1,75625.0,0.021006944444444446,56,112.93333333333334,0.11293333333333334,174256.9686034059,0.048404713500946085,2.7106639560529806,0.0027106639560529806,2.3042243782268548
5272822,2026-04-08 11:51:35,-372741.0,2026-04-09 15:23:56,2026-04-10 19:29:56,101160.0,cn089,089,96,1,637083.3333333333,0.17696759259259257,56,951.3777777777777,0.9513777777777778,42913945.06410257,11.920540295584047,667.5502565527066,0.6675502565527066,67.36001841324145
5272817,2026-04-08 11:51:22,-372754.0,2026-04-09 15:23:56,2026-04-10 09:54:41,66645.0,cn083,083,96,1,391354.1666666666,0.10870949074074072,56,584.4222222222222,0.5844222222222222,12421941.877777778,3.450539410493827,193.2302069876543,0.1932302069876543,31.740921487002044
5272820,2026-04-08 11:51:33,-372743.0,2026-04-09 15:23:56,2026-04-10 21:21:06,107830.0,cn087,087,96,1,651145.8333333333,0.18087384259259257,56,972.3777777777777,0.9723777777777778,47309636.13760684,13.141565593779676,735.9276732516619,0.7359276732516619,72.65597615117993
5272794,2026-04-08 11:50:57,-372779.0,2026-04-09 15:23:56,2026-04-10 02:10:05,38769.0,cn051,051,96,1,233229.16666666666,0.06478587962962963,56,348.2888888888889,0.34828888888888887,2334148.7333333334,0.6483746481481482,36.3089802962963,0.0363089802962963,10.00796241179098
5272793,2026-04-08 11:50:57,-372779.0,2026-04-09 15:23:56,2026-04-10 07:30:39,58003.0,cn048,048,96,1,344166.6666666666,0.09560185185185184,56,513.9555555555555,0.5139555555555555,6409967.301435406,1.7805464726209461,99.71060246677298,0.09971060246677298,18.62460232862588
5272792,2026-04-08 11:50:56,-372780.0,2026-04-09 15:23:56,2026-04-10 10:01:20,67044.0,cn047,047,96,1,401041.6666666666,0.11140046296296295,56,598.8888888888889,0.5988888888888889,9374914.246117935,2.604142846143871,145.83199938405676,0.14583199938405675,23.376409548761604
5272791,2026-04-08 11:50:56,-372780.0,2026-04-09 15:23:56,2026-04-10 10:07:28,67412.0,cn046,046,96,1,397812.5,0.11050347222222222,56,594.0666666666666,0.5940666666666666,22622098.40256015,6.2839162229333745,351.899308484269,0.351899308484269,56.86623321931852
5272790,2026-04-08 11:50:55,-372781.0,2026-04-09 15:23:56,2026-04-09 20:37:34,18818.0,cn045,045,96,1,117083.33333333333,0.03252314814814815,56,174.84444444444443,0.17484444444444444,1422039.7324786326,0.3950110367996202,22.12061806077873,0.02212061806077873,12.145535081668037
5272789,2026-04-08 11:50:55,-372781.0,2026-04-09 15:23:56,2026-04-10 02:28:25,39869.0,cn044,044,96,1,245104.16666666666,0.06808449074074074,56,366.02222222222224,0.36602222222222225,7695455.123076923,2.1376264230769233,119.7070796923077,0.1197070796923077,31.396671985354214
5272788,2026-04-08 11:50:55,-372781.0,2026-04-09 15:23:56,2026-04-10 08:04:00,60004.0,cn042,042,96,1,373750.0,0.10381944444444445,56,558.1333333333333,0.5581333333333334,20971220.92962963,5.825339147119342,326.21899223868314,0.32621899223868317,56.11029011272142
5272787,2026-04-08 11:50:54,-372782.0,2026-04-09 15:23:56,2026-04-10 07:46:42,58966.0,cn041,041,96,1,370208.3333333333,0.10283564814814815,56,552.8444444444444,0.5528444444444445,13133284.9760181,3.648134715560583,204.29554407139264,0.20429554407139264,35.475389918338145
5272795,2026-04-08 11:50:58,-372778.0,2026-04-09 15:23:56,2026-04-10 09:29:32,65136.0,cn052,052,96,1,396979.1666666666,0.11027199074074073,56,592.8222222222222,0.5928222222222221,10524447.579744816,2.9234576610402265,163.71362901825267,0.16371362901825268,26.511334758737927
5272786,2026-04-08 11:50:54,-372782.0,2026-04-09 15:23:56,2026-04-10 08:48:50,62694.0,cn040,040,96,1,387604.1666666666,0.10766782407407406,56,578.8222222222222,0.5788222222222222,0.0,0.0,0.0,0.0,0.0
5272784,2026-04-08 11:50:53,-372783.0,2026-04-09 15:23:56,2026-04-10 04:12:11,46095.0,cn038,038,96,1,268229.1666666666,0.07450810185185185,56,400.55555555555554,0.40055555555555555,10135205.764789067,2.8153349346636296,157.65875634116327,0.15765875634116328,37.78562149202915
5272783,2026-04-08 11:50:52,-372784.0,2026-04-09 15:23:56,2026-04-10 12:37:49,76433.0,cn037,037,96,1,457291.6666666666,0.12702546296296297,56,682.8888888888889,0.6828888888888889,13183902.539640445,3.6621951499001235,205.0829283944069,0.2050829283944069,28.83040190900872
5272782,2026-04-08 11:50:52,-372784.0,2026-04-09 15:23:56,2026-04-10 08:02:13,59897.0,cn034,034,96,1,359479.1666666666,0.09985532407407406,56,536.8222222222222,0.5368222222222222,6439072.230373914,1.788631175103865,100.16334580581645,0.10016334580581644,17.9122264304809
5272781,2026-04-08 11:50:52,-372784.0,2026-04-09 15:23:56,2026-04-10 09:19:40,64544.0,cn033,033,96,1,388125.0,0.1078125,56,579.6,0.5796,12273428.819909502,3.409285783308195,190.9200038652589,0.1909200038652589,31.62236088865572
5272780,2026-04-08 11:50:51,-372785.0,2026-04-09 15:23:56,2026-04-10 16:49:51,91555.0,cn032,032,96,1,582500.0,0.16180555555555556,56,869.8666666666667,0.8698666666666667,37655413.320062734,10.459837033350759,585.7508738676424,0.5857508738676425,64.6444863863738
5272779,2026-04-08 11:50:51,-372785.0,2026-04-09 15:23:56,2026-04-10 08:20:08,60972.0,cn031,031,96,1,369895.8333333333,0.10274884259259259,56,552.3777777777777,0.5523777777777777,14345067.772649573,3.984741047958215,223.14549868566002,0.22314549868566003,38.781371618540106
5272778,2026-04-08 11:50:50,-372786.0,2026-04-09 15:23:56,2026-04-10 07:21:24,57448.0,cn030,030,96,1,342916.6666666666,0.09525462962962962,56,512.0888888888888,0.5120888888888888,0.0,0.0,0.0,0.0,0.0
5272777,2026-04-08 11:50:50,-372786.0,2026-04-09 15:23:56,2026-04-10 04:47:17,48201.0,cn029,029,96,1,289791.6666666666,0.08049768518518517,56,432.7555555555556,0.4327555555555556,15630237.692810457,4.34173269244735,243.13703077705156,0.24313703077705157,53.93611856613243
5272785,2026-04-08 11:50:53,-372783.0,2026-04-09 15:23:56,2026-04-09 23:27:54,29038.0,cn039,039,96,1,171250.0,0.04756944444444444,56,255.73333333333338,0.25573333333333337,1599591.111111111,0.4443308641975308,24.882528395061726,0.024882528395061727,9.340678021086779
5272821,2026-04-08 11:51:34,-372742.0,2026-04-09 15:23:56,2026-04-10 07:51:20,59244.0,cn088,088,96,1,370312.5,0.10286458333333333,56,553.0,0.553,16067921.5,4.463311527777778,249.94544555555558,0.2499454455555556,43.39016776371308
5272796,2026-04-08 11:50:58,-372778.0,2026-04-09 15:23:56,2026-04-10 07:43:15,58759.0,cn053,053,96,1,362916.6666666666,0.10081018518518517,56,541.9555555555555,0.5419555555555555,7399668.261832612,2.0554634060646144,115.10595073961841,0.1151059507396184,20.38944182364899
5272798,2026-04-08 11:50:59,-372777.0,2026-04-09 15:23:56,2026-04-10 21:10:41,107205.0,cn055,055,96,1,649895.8333333333,0.18052662037037034,56,970.5111111111112,0.9705111111111112,41680671.255555555,11.57796423765432,648.3659973086419,0.6483659973086419,64.1343875706577
5272819,2026-04-08 11:51:32,-372744.0,2026-04-09 15:23:56,2026-04-09 23:35:57,29521.0,cn086,086,96,1,181145.8333333333,0.05031828703703703,56,270.5111111111111,0.27051111111111115,2719365.7766081872,0.7553793823911631,42.301245413905136,0.042301245413905134,15.012024988751351
5272818,2026-04-08 11:51:23,-372753.0,2026-04-09 15:23:56,2026-04-10 06:31:23,54447.0,cn084,084,96,1,321250.0,0.08923611111111111,56,479.73333333333335,0.47973333333333334,7435769.432325764,2.065491508979379,115.66752450284521,0.11566752450284522,23.14636399167553
5272816,2026-04-08 11:51:22,-372754.0,2026-04-09 15:23:56,2026-04-10 09:37:37,65621.0,cn081,081,96,1,391250.0,0.10868055555555556,56,584.2666666666667,0.5842666666666666,22181019.100339405,6.161394194538723,345.0380748941685,0.3450380748941685,56.69270057594736
5272815,2026-04-08 11:51:22,-372754.0,2026-04-09 15:23:56,2026-04-09 21:52:51,23335.0,cn080,080,96,1,140104.16666666666,0.03891782407407407,56,209.22222222222223,0.20922222222222223,1208822.2333333334,0.33578395370370373,18.80390140740741,0.018803901407407408,8.628024862453533
5272814,2026-04-08 11:51:19,-372757.0,2026-04-09 15:23:56,2026-04-10 07:39:45,58549.0,cn077,077,96,1,366041.6666666666,0.10167824074074074,56,546.6222222222223,0.5466222222222222,8716803.016666668,2.4213341712962966,135.5947135925926,0.1355947135925926,23.813690654524763
5272813,2026-04-08 11:51:18,-372758.0,2026-04-09 15:23:56,2026-04-10 05:55:07,52271.0,cn076,076,96,1,323958.3333333333,0.08998842592592592,56,483.7777777777778,0.4837777777777778,14052042.331455734,3.9033450920710373,218.58732515597808,0.2185873251559781,43.37607922250002
5272812,2026-04-08 11:51:17,-372759.0,2026-04-09 15:23:56,2026-04-10 07:53:21,59365.0,cn075,075,96,1,370416.6666666666,0.10289351851851851,56,553.1555555555556,0.5531555555555555,8051522.557164405,2.236534043656779,125.24590644477962,0.12524590644477962,21.736393855112006
5272811,2026-04-08 11:51:16,-372760.0,2026-04-09 15:23:56,2026-04-10 08:07:01,60185.0,cn073,073,96,1,376875.0,0.1046875,56,562.8000000000001,0.5628000000000001,21616524.23428859,6.004590065080164,336.25704364448916,0.33625704364448916,57.35727823360156
5272797,2026-04-08 11:50:59,-372777.0,2026-04-09 15:23:56,2026-04-10 06:36:36,54760.0,cn054,054,96,1,336354.1666666666,0.09343171296296295,56,502.2888888888889,0.5022888888888889,4268256.9420796195,1.18562692835545,66.39510798790519,0.0663951079879052,12.689769787539285
5272809,2026-04-08 11:51:10,-372766.0,2026-04-09 15:23:56,2026-04-10 08:03:21,59965.0,cn070,070,96,1,351145.8333333333,0.09754050925925925,56,524.3777777777777,0.5243777777777777,24485262.575163398,6.801461826434277,380.8818622803195,0.3808818622803195,69.72961160533036
5272807,2026-04-08 11:51:03,-372773.0,2026-04-09 15:23:56,2026-04-10 01:28:28,36272.0,cn067,067,96,1,218229.16666666666,0.06061921296296296,56,325.8888888888889,0.3258888888888889,10758806.461461676,2.988557350406021,167.35921162273718,0.16735921162273718,49.3004973890368
5272806,2026-04-08 11:51:02,-372774.0,2026-04-09 15:23:56,2026-04-09 23:01:06,27430.0,cn066,066,96,1,165104.16666666666,0.04586226851851852,56,246.55555555555554,0.24655555555555556,786318.0874308698,0.2184216909530194,12.231614693369085,0.012231614693369084,4.762557501158581
5272805,2026-04-08 11:51:02,-372774.0,2026-04-09 15:23:56,2026-04-09 21:44:15,22819.0,cn065,065,96,1,131458.3333333333,0.0365162037037037,56,196.3111111111111,0.1963111111111111,469723.5902463549,0.13047877506843192,7.306811403832187,0.007306811403832187,3.5731746960103075
5272804,2026-04-08 11:51:01,-372775.0,2026-04-09 15:23:56,2026-04-10 07:03:41,56385.0,cn064,064,96,1,337604.1666666666,0.09377893518518518,56,504.15555555555545,0.5041555555555555,25868976.222222224,7.185826728395062,402.40629679012346,0.40240629679012346,76.62516869279031
5272803,2026-04-08 11:51:01,-372775.0,2026-04-09 15:23:56,2026-04-10 07:41:45,58669.0,cn063,063,96,1,341666.6666666666,0.0949074074074074,56,510.2222222222222,0.5102222222222221,6414033.794017094,1.7816760538936374,99.7738590180437,0.0997738590180437,18.772781836147594
5272802,2026-04-08 11:51:01,-372775.0,2026-04-09 15:23:56,2026-04-10 08:28:50,61494.0,cn062,062,96,1,369166.6666666666,0.10254629629629629,56,551.2888888888889,0.5512888888888889,6759755.780952381,1.877709939153439,105.15175659259259,0.10515175659259259,18.310850873911644
5272801,2026-04-08 11:51:00,-372776.0,2026-04-09 15:23:56,2026-04-10 06:08:10,53054.0,cn058,058,96,1,331041.6666666666,0.0919560185185185,56,494.35555555555555,0.49435555555555555,8055104.186324786,2.237528940645774,125.30162067616334,0.12530162067616335,24.33259917832535
5272800,2026-04-08 11:51:00,-372776.0,2026-04-09 15:23:56,2026-04-10 04:37:30,47614.0,cn057,057,96,1,297708.3333333333,0.08269675925925925,56,444.5777777777778,0.4445777777777778,9389884.605982905,2.608301279439696,146.06487164862295,0.14606487164862295,31.540550111069244
5272799,2026-04-08 11:51:00,-372776.0,2026-04-09 15:23:56,2026-04-10 11:30:53,72417.0,cn056,056,96,1,448854.1666666666,0.12468171296296295,56,670.2888888888889,0.6702888888888889,29192706.78249239,8.109085217358997,454.10877217210384,0.4541087721721038,65.03828849197656
5272808,2026-04-08 11:51:04,-372772.0,2026-04-09 15:23:56,2026-04-09 23:54:32,30636.0,cn068,068,96,1,183854.16666666666,0.051070601851851846,56,274.55555555555554,0.27455555555555555,4454283.931623932,1.237301092117759,69.2888611585945,0.0692888611585945,24.22726671024915
5272810,2026-04-08 11:51:16,-372760.0,2026-04-09 15:23:56,2026-04-10 06:39:22,54926.0,cn071,071,96,1,340520.83333333326,0.09458912037037034,56,508.511111111111,0.508511111111111,10427386.457777778,2.896496238271605,162.20378934320988,0.16220378934320986,30.621875189558484
5284822,2026-04-09 08:18:48,26915.0,2026-04-09 15:47:23,2026-04-09 16:09:54,1351.0,cn298,298,96,24,101430.0,0.028175,55,6.1985,0.0061985,384415.0,0.10678194444444444,5.873006944444445,0.005873006944444445,3.78995366262447
5285122,2026-04-09 08:37:07,31525.0,2026-04-09 17:22:32,2026-04-09 17:46:53,1461.0,cn298,298,96,24,114920.0,0.03192222222222222,63,8.0444,0.0080444,267752.0,0.07437555555555556,4.68566,0.00468566,2.3298990602158023
5286921,2026-04-09 11:11:45,22627.0,2026-04-09 17:28:52,2026-04-09 18:07:27,2315.0,cn298,298,96,24,177520.0,0.04931111111111111,63,12.4264,0.012426399999999999,519979.0,0.14443861111111111,9.0996325,0.0090996325,2.9291291122127086
5194117,2026-04-03 18:18:08,-4030585.0,2026-04-15 13:54:33,2026-04-15 13:56:23,110.0,cn069,069,96,1,660.0,0.00018333333333333334,62,1.0912000000000002,0.0010912,14027.75,0.0038965972222222223,0.24158902777777777,0.00024158902777777778,21.254166666666666
5192601,2026-04-03 16:02:47,-4038706.0,2026-04-15 13:54:33,2026-04-15 13:56:23,110.0,cn069,069,96,1,660.0,0.00018333333333333334,62,1.0912000000000002,0.0010912,14027.75,0.0038965972222222223,0.24158902777777777,0.00024158902777777778,21.254166666666666
5175813,2026-04-02 18:46:15,-4388898.0,2026-04-15 13:54:33,2026-04-15 13:56:22,109.0,cn069,069,96,1,653.9583333333333,0.00018165509259259258,62,1.0812111111111111,0.001081211111111111,13953.75,0.0038760416666666665,0.24031458333333333,0.00024031458333333334,21.337368588722526
5174847,2026-04-02 16:28:17,-4397176.0,2026-04-15 13:54:33,2026-04-15 13:56:23,110.0,cn069,069,96,1,660.0,0.00018333333333333334,62,1.0912000000000002,0.0010912,14027.75,0.0038965972222222223,0.24158902777777777,0.00024158902777777778,21.254166666666666
5229689,2026-04-05 17:25:09,-3313900.0,2026-04-15 13:56:49,2026-04-15 13:58:18,89.0,cn069,069,96,1,533.9583333333333,0.00014832175925925923,62,0.8828111111111111,0.0008828111111111111,11077.25,0.0030770138888888887,0.1907748611111111,0.0001907748611111111,20.745532579008977
5228449,2026-04-05 15:05:55,-3322254.0,2026-04-15 13:56:49,2026-04-15 13:58:18,89.0,cn069,069,96,1,533.9583333333333,0.00014832175925925923,62,0.8828111111111111,0.0008828111111111111,11077.25,0.0030770138888888887,0.1907748611111111,0.0001907748611111111,20.745532579008977
5215893,2026-04-04 17:53:14,-3672215.0,2026-04-15 13:56:49,2026-04-15 13:58:16,87.0,cn069,069,96,1,521.9791666666666,0.00014499421296296295,62,0.8630055555555556,0.0008630055555555556,10930.0,0.003036111111111111,0.18823888888888887,0.00018823888888888887,20.939533027339852
5214664,2026-04-04 15:34:08,-3680561.0,2026-04-15 13:56:49,2026-04-15 13:58:16,87.0,cn069,069,96,1,521.9791666666666,0.00014499421296296295,62,0.8630055555555556,0.0008630055555555556,10930.0,0.003036111111111111,0.18823888888888887,0.00018823888888888887,20.939533027339852
5258460,2026-04-07 16:29:25,-2597346.0,2026-04-15 13:58:31,2026-04-15 14:00:02,91.0,cn069,069,96,1,540.0,0.00015,62,0.8927999999999999,0.0008927999999999999,11324.7,0.00314575,0.1950365,0.0001950365,20.971666666666668
5256400,2026-04-07 14:11:40,-2605611.0,2026-04-15 13:58:31,2026-04-15 14:00:06,95.0,cn069,069,96,1,563.9583333333333,0.00015665509259259257,62,0.9324111111111111,0.000932411111111111,11795.1,0.0032764166666666666,0.20313783333333332,0.00020313783333333332,20.91484299963059
5242821,2026-04-06 16:57:19,-2955672.0,2026-04-15 13:58:31,2026-04-15 14:00:06,95.0,cn069,069,96,1,563.9583333333333,0.00015665509259259257,62,0.9324111111111111,0.000932411111111111,11795.1,0.0032764166666666666,0.20313783333333332,0.00020313783333333332,20.91484299963059
5241741,2026-04-06 14:38:52,-2963979.0,2026-04-15 13:58:31,2026-04-15 13:59:59,88.0,cn069,069,96,1,521.9791666666666,0.00014499421296296295,62,0.8630055555555556,0.0008630055555555556,10941.5,0.0030393055555555555,0.18843694444444445,0.00018843694444444444,20.961564557972462
5274001,2026-04-08 13:42:42,-2521050.0,2026-04-15 14:00:12,2026-04-15 14:01:42,90.0,cn069,069,96,1,551.0416666666666,0.00015306712962962963,59,0.8669722222222221,0.0008669722222222221,5880.0,0.0016333333333333334,0.09636666666666667,9.636666666666667e-05,10.67069943289225
5275333,2026-04-08 16:00:59,-2239153.0,2026-04-15 14:00:12,2026-04-15 14:01:42,90.0,cn069,069,96,1,551.0416666666666,0.00015306712962962963,59,0.8669722222222221,0.0008669722222222221,5880.0,0.0016333333333333334,0.09636666666666667,9.636666666666667e-05,10.67069943289225
